Product Name,Image_URL,Costco_100_Billy_Bishop_Way_North_York_On - Price,Costco_100_Billy_Bishop_Way_North_York_On - Stock,Costco_100_Billy_Bishop_Way_North_York_On - Deal,Costco_1411_Warden_Ave_Scarborough_On - Price,Costco_1411_Warden_Ave_Scarborough_On - Stock,Costco_1411_Warden_Ave_Scarborough_On - Deal,Costco_1570_Dundas_Ste_Mississauga_On - Price,Costco_1570_Dundas_Ste_Mississauga_On - Stock,Costco_1570_Dundas_Ste_Mississauga_On - Deal,Costco_2260_Islington_Ave_Etobicoke_On - Price,Costco_2260_Islington_Ave_Etobicoke_On - Stock,Costco_2260_Islington_Ave_Etobicoke_On - Deal,Costco_42_Overlea_Blvd_Toronto_On - Price,Costco_42_Overlea_Blvd_Toronto_On - Stock,Costco_42_Overlea_Blvd_Toronto_On - Deal,Costco_50_Queen_Elizabeth_Blvd_Etobicoke_On - Price,Costco_50_Queen_Elizabeth_Blvd_Etobicoke_On - Stock,Costco_50_Queen_Elizabeth_Blvd_Etobicoke_On - Deal,Costco_Business_Centre_Scarborough_Bus_Ctr_Scarborough_On - Price,Costco_Business_Centre_Scarborough_Bus_Ctr_Scarborough_On - Stock,Costco_Business_Centre_Scarborough_Bus_Ctr_Scarborough_On - Deal
"1% Milk, 4 L",https://tb-static.uber.com/prod/image-proc/processed_images/80f845cf1ea534941d9ce842897be344/b4665c191b34baf3d0e0fa45dfdd3d1d.jpeg,$6.49,Available,,$6.49,Available,,$6.49,Available,,$6.49,Available,,$6.49,Available,,$6.49,Available,,$6.49,Available,
2% Milk (4 L),https://tb-static.uber.com/prod/image-proc/processed_images/d88324488eb32c6545e7eb1ae7ffbe84/b4665c191b34baf3d0e0fa45dfdd3d1d.jpeg,NOT CARRIED,NOT CARRIED,,NOT CARRIED,NOT CARRIED,,$6.49,Available,,NOT CARRIED,NOT CARRIED,,$6.49,Available,,NOT CARRIED,NOT CARRIED,,NOT CARRIED,NOT CARRIED,
20 Pieces Wagon Playset,https://tb-static.uber.com/prod/image-proc/processed_images/34e1e1b8abc2efb70d0da1f9578c6053/b4665c191b34baf3d0e0fa45dfdd3d1d.jpeg,NOT CARRIED,NOT CARRIED,,NOT CARRIED,NOT CARRIED,,$28.79,Available,,$28.79,Available,,NOT CARRIED,NOT CARRIED,,NOT CARRIED,NOT CARRIED,,NOT CARRIED,NOT CARRIED,
24 Stem Valentine Roses Bouquet,https://tb-static.uber.com/prod/image-proc/processed_images/fd0f93299ec2cbdf2a64efe436b02495/b4665c191b34baf3d0e0fa45dfdd3d1d.jpeg,NOT CARRIED,NOT CARRIED,,NOT CARRIED,NOT CARRIED,,NOT CARRIED,NOT CARRIED,,NOT CARRIED,NOT CARRIED,,NOT CARRIED,NOT CARRIED,,NOT CARRIED,NOT CARRIED,,$25.59,Available,
2F2F Nissan Skyline Gt-R P54 H46 Ftl3240  Fy26,https://cn-geo1.uber.com/static/mobile-content/eats/placeholder_images/placeholder_image_grocery_300x300.png,NOT CARRIED,NOT CARRIED,,NOT CARRIED,NOT CARRIED,,NOT CARRIED,NOT CARRIED,,$154.70,Available,,NOT CARRIED,NOT CARRIED,,NOT CARRIED,NOT CARRIED,,NOT CARRIED,NOT CARRIED,
2L Chocolate Milk 2% Ecsl 20,https://tb-static.uber.com/prod/image-proc/processed_images/42ad6b81e8f02c87b97bc562604d3a76/b4665c191b34baf3d0e0fa45dfdd3d1d.jpeg,$4.89,Available,,$4.89,Available,,$4.89,Available,,NOT CARRIED,NOT CARRIED,,$4.89,Available,,$4.89,Available,,$4.89,Available,
"7Days Soft Croissants, Chocolate (24 x 75 g)",https://tb-static.uber.com/prod/image-proc/processed_images/6ba1ad2712181ce9c120451b187ad19f/b4665c191b34baf3d0e0fa45dfdd3d1d.jpeg,NOT CARRIED,NOT CARRIED,,NOT CARRIED,NOT CARRIED,,NOT CARRIED,NOT CARRIED,,NOT CARRIED,NOT CARRIED,,NOT CARRIED,NOT CARRIED,,NOT CARRIED,NOT CARRIED,,$26.66,Available,
"9-Grains Ciabatta Buns, 18-Count",https://tb-static.uber.com/prod/image-proc/processed_images/566c977d111691c27eed154ba2bea05c/b4665c191b34baf3d0e0fa45dfdd3d1d.jpeg,$7.45,Available,,$7.45,Available,,$7.45,Available,,$7.45,Available,,$7.45,Available,,$7.45,Available,,NOT CARRIED,NOT CARRIED,
"A&W Root Beer, 355 Ml, 24-Pack",https://tb-static.uber.com/prod/image-proc/processed_images/2a2429a8c9408490b84ba843605d2f1b/b4665c191b34baf3d0e0fa45dfdd3d1d.jpeg,NOT CARRIED,NOT CARRIED,,NOT CARRIED,NOT CARRIED,,NOT CARRIED,NOT CARRIED,,NOT CARRIED,NOT CARRIED,,NOT CARRIED,NOT CARRIED,,NOT CARRIED,NOT CARRIED,,$14.92,Available,
"AMOS Peelerz Gummy Candy, Mango (1.02 kg, 34 ct)",https://tb-static.uber.com/prod/image-proc/processed_images/364872ff5e1a6bd0c7684fdc025c9005/b4665c191b34baf3d0e0fa45dfdd3d1d.jpeg,$14.92,Available,,$14.92,Available,,NOT CARRIED,NOT CARRIED,,NOT CARRIED,NOT CARRIED,,$14.92,Available,,NOT CARRIED,NOT CARRIED,,NOT CARRIED,NOT CARRIED,
"Accent Tuffstore Pro Series Storage Box 102 L, Red-Black",https://tb-static.uber.com/prod/image-proc/processed_images/32f614d7e31abb1663332922f75d1328/f9586c36ab7db84d09b777cee8c829b1.jpeg,$10.44,Available,,$10.44,Available,,$10.44,Available,,$10.44,Available,,$10.44,Available,,$10.44,Available,,NOT CARRIED,NOT CARRIED,
"Ace Bakery All Butter Mini Cheese Croissant, 560 G",https://tb-static.uber.com/prod/image-proc/processed_images/cd02f36d78822efc1fece18169489616/b4665c191b34baf3d0e0fa45dfdd3d1d.jpeg,$9.59,Available,,$9.59,Available,,$9.59,Available,,$9.59,Available,,$9.59,Available,,$9.59,Available,,NOT CARRIED,NOT CARRIED,
Ace Bakery Bistro Multigrain Bread (1.19 kg),https://tb-static.uber.com/prod/image-proc/processed_images/3559d3edeb6d4d90d39e075d5af95983/b4665c191b34baf3d0e0fa45dfdd3d1d.jpeg,NOT CARRIED,NOT CARRIED,,$7.45,Available,,$7.45,Available,,$7.45,Available,,$7.45,Available,,$7.45,Available,,$7.45,Available,
"Ace Bakery Herb Schiacciata Rolls, 12 × 115 G",https://tb-static.uber.com/prod/image-proc/processed_images/8cd874a1a2169c2afdb0a9ca3d5b8836/b4665c191b34baf3d0e0fa45dfdd3d1d.jpeg,NOT CARRIED,NOT CARRIED,,NOT CARRIED,NOT CARRIED,,NOT CARRIED,NOT CARRIED,,NOT CARRIED,NOT CARRIED,,NOT CARRIED,NOT CARRIED,,NOT CARRIED,NOT CARRIED,,$13.86,Available,
"Ace Bakery Sourdough Bistro Bread Loaf, 1.15 G",https://tb-static.uber.com/prod/image-proc/processed_images/cd833986afc698b55b4c198741e67872/b4665c191b34baf3d0e0fa45dfdd3d1d.jpeg,$6.92,Available,,$6.92,Available,,$6.92,Available,,$6.92,Available,,$6.92,Available,,$6.92,Available,,NOT CARRIED,NOT CARRIED,
"Acer Nitro Series Ultrawide Curved Gaming Qhd Monitor, 34 in, Black",https://tb-static.uber.com/prod/image-proc/processed_images/c51e586c1cb5bf2b9a85f7c5a557179d/b4665c191b34baf3d0e0fa45dfdd3d1d.jpeg,$416.99,Available,,NOT CARRIED,NOT CARRIED,,$416.99,Available,,$416.99,Available,,$416.99,Available,,$416.99,Available,,NOT CARRIED,NOT CARRIED,
"Activia Lactose Free Active Probiotics Yogurt, Assorted (24 x 100 g)",https://tb-static.uber.com/prod/image-proc/processed_images/8679ba4bf9dd1c605ca55c0fef489173/b4665c191b34baf3d0e0fa45dfdd3d1d.jpeg,$11.72,Available,,$11.72,Available,,$11.72,Available,,$11.72,Available,,$11.72,Available,,$11.72,Available,,NOT CARRIED,NOT CARRIED,
"Activia Probiotic Assorted Flavours Yogurt, Vanilla, Strawberry, Raspberry, Blueberry (24 x 100 g)",https://tb-static.uber.com/prod/image-proc/processed_images/840196bf551703af942210f88eaac1b8/b4665c191b34baf3d0e0fa45dfdd3d1d.jpeg,$11.72,Available,20% off,$11.72,Available,20% off,$11.72,Available,20% off,NOT CARRIED,NOT CARRIED,,$11.72,Available,20% off,$11.72,Available,20% off,$11.72,Available,20% off
Advil Cold & Sinus Caplets (102 ct),https://tb-static.uber.com/prod/image-proc/processed_images/3aeddb082c2a23b481085dba903eb2d8/b4665c191b34baf3d0e0fa45dfdd3d1d.jpeg,$26.66,Available,,NOT CARRIED,NOT CARRIED,,NOT CARRIED,NOT CARRIED,,NOT CARRIED,NOT CARRIED,,NOT CARRIED,NOT CARRIED,,$26.66,Available,,NOT CARRIED,NOT CARRIED,
Advil Cold & Sinus Plus Caplets (92 ct),https://tb-static.uber.com/prod/image-proc/processed_images/79e435c93420bb560e066be8e74f993e/b4665c191b34baf3d0e0fa45dfdd3d1d.jpeg,NOT CARRIED,NOT CARRIED,,NOT CARRIED,NOT CARRIED,,$26.66,Available,,NOT CARRIED,NOT CARRIED,,NOT CARRIED,NOT CARRIED,,NOT CARRIED,NOT CARRIED,,NOT CARRIED,NOT CARRIED,
Agrocan Coconut Milk (2.84 L),https://tb-static.uber.com/prod/image-proc/processed_images/5f4938f3c0a8ef8b9787c75e56c6b764/b4665c191b34baf3d0e0fa45dfdd3d1d.jpeg,NOT CARRIED,NOT CARRIED,,NOT CARRIED,NOT CARRIED,,NOT CARRIED,NOT CARRIED,,NOT CARRIED,NOT CARRIED,,NOT CARRIED,NOT CARRIED,,NOT CARRIED,NOT CARRIED,,$12.79,Available,
"Air Wick Scented Oil Plug-In Crisp Linen And Lavender & Chamomile, 1 Warmer & 9 Refills",https://tb-static.uber.com/prod/image-proc/processed_images/a0d65176809e9a212dbfeb21c4571b6a/b4665c191b34baf3d0e0fa45dfdd3d1d.jpeg,NOT CARRIED,NOT CARRIED,,NOT CARRIED,NOT CARRIED,,NOT CARRIED,NOT CARRIED,,NOT CARRIED,NOT CARRIED,,NOT CARRIED,NOT CARRIED,,$26.66,Available,,NOT CARRIED,NOT CARRIED,
"Al-Shamas Food Service Chicken Samosa (3 kg, 100 ct)",https://tb-static.uber.com/prod/image-proc/processed_images/24b166b2df7c5f05bb1812f1f8d25c3e/b4665c191b34baf3d0e0fa45dfdd3d1d.jpeg,NOT CARRIED,NOT CARRIED,,NOT CARRIED,NOT CARRIED,,NOT CARRIED,NOT CARRIED,,NOT CARRIED,NOT CARRIED,,NOT CARRIED,NOT CARRIED,,NOT CARRIED,NOT CARRIED,,$37.33,Available,
Alaskan Leader Miso Marinated Black Cod Sablefish (850 g),https://tb-static.uber.com/prod/image-proc/processed_images/c2b578112414e0f604465147a82b157f/b4665c191b34baf3d0e0fa45dfdd3d1d.jpeg,$36.26,Available,,$36.26,Available,,$36.26,Available,,NOT CARRIED,NOT CARRIED,,$36.26,Available,,$36.26,Available,,NOT CARRIED,NOT CARRIED,
Alcan All-Purpose Cooking Pans (30 ct),https://tb-static.uber.com/prod/image-proc/processed_images/6d410e04df8100643c6d0d8258614fe9/f9586c36ab7db84d09b777cee8c829b1.jpeg,$13.86,Available,,$13.86,Available,,NOT CARRIED,NOT CARRIED,,$13.86,Available,,NOT CARRIED,NOT CARRIED,,$13.86,Available,,NOT CARRIED,NOT CARRIED,
Alfred Sung Green Dial Men'S Watch,https://tb-static.uber.com/prod/image-proc/processed_images/5dcbd0a37061a330952f9c6fa74529ff/b4665c191b34baf3d0e0fa45dfdd3d1d.jpeg,NOT CARRIED,NOT CARRIED,,$106.68,Available,,NOT CARRIED,NOT CARRIED,,NOT CARRIED,NOT CARRIED,,NOT CARRIED,NOT CARRIED,,NOT CARRIED,NOT CARRIED,,NOT CARRIED,NOT CARRIED,
Align Digestive Support Probiotic Supplement Capsules (77 ct),https://tb-static.uber.com/prod/image-proc/processed_images/c6aab24efafee437f78fb05f2e75a476/f9586c36ab7db84d09b777cee8c829b1.jpeg,NOT CARRIED,NOT CARRIED,,NOT CARRIED,NOT CARRIED,,NOT CARRIED,NOT CARRIED,,NOT CARRIED,NOT CARRIED,,NOT CARRIED,NOT CARRIED,,NOT CARRIED,NOT CARRIED,,$64.00,Available,
All Butter Croissants (12 ct),https://tb-static.uber.com/prod/image-proc/processed_images/fd9e499440b5ec35d16a48abf2fdbd80/b4665c191b34baf3d0e0fa45dfdd3d1d.jpeg,$7.45,Available,,$7.45,Available,,$7.45,Available,,$7.45,Available,,$7.45,Available,,$7.45,Available,,NOT CARRIED,NOT CARRIED,
Allen Family Foods Homestyle Chicken Noodle Soup (6 ct),https://tb-static.uber.com/prod/image-proc/processed_images/578ed98a5a5c610ce7f97aa72280d035/b4665c191b34baf3d0e0fa45dfdd3d1d.jpeg,NOT CARRIED,NOT CARRIED,,NOT CARRIED,NOT CARRIED,,NOT CARRIED,NOT CARRIED,,NOT CARRIED,NOT CARRIED,,NOT CARRIED,NOT CARRIED,,NOT CARRIED,NOT CARRIED,,$19.19,Available,
"Allen’S White Vinegar, 2 X 5 L",https://tb-static.uber.com/prod/image-proc/processed_images/c1a2d4966508ce164f5d75d2e0bca094/b4665c191b34baf3d0e0fa45dfdd3d1d.jpeg,$6.92,Available,,$6.92,Available,,$6.92,Available,,$6.92,Available,,$6.92,Available,,$6.92,Available,,NOT CARRIED,NOT CARRIED,
Allessia San Marzano Tomatoes (796 ml),https://tb-static.uber.com/prod/image-proc/processed_images/cee17c0fe73142c5513bc8e9bda8ce28/b4665c191b34baf3d0e0fa45dfdd3d1d.jpeg,NOT CARRIED,NOT CARRIED,,NOT CARRIED,NOT CARRIED,,NOT CARRIED,NOT CARRIED,,NOT CARRIED,NOT CARRIED,,NOT CARRIED,NOT CARRIED,,NOT CARRIED,NOT CARRIED,,$53.33,Available,
Almond Toffee Cluster Cookies,https://tb-static.uber.com/prod/image-proc/processed_images/b4e12afdafaff75c8919d872543152ff/b4665c191b34baf3d0e0fa45dfdd3d1d.jpeg,$12.79,Available,,$12.79,Available,,$12.79,Available,,$12.79,Available,,$12.79,Available,,$12.79,Available,,NOT CARRIED,NOT CARRIED,
Ambrosia Apples (2.72 kg),https://tb-static.uber.com/prod/image-proc/processed_images/bf4c2520049c2b1d820b223f3c133c74/b4665c191b34baf3d0e0fa45dfdd3d1d.jpeg,$10.65,Available,,$10.65,Available,,$10.65,Available,,$10.65,Available,,$10.65,Available,,$10.65,Available,,NOT CARRIED,NOT CARRIED,
Anker 24K Power Bank With 100W Charger And Usb-C Cable Bundle,https://tb-static.uber.com/prod/image-proc/processed_images/0f459c3ad739167406fd40d524d7c9fb/b4665c191b34baf3d0e0fa45dfdd3d1d.jpeg,NOT CARRIED,NOT CARRIED,,NOT CARRIED,NOT CARRIED,,NOT CARRIED,NOT CARRIED,,NOT CARRIED,NOT CARRIED,,$160.03,Available,,NOT CARRIED,NOT CARRIED,,NOT CARRIED,NOT CARRIED,
Antonio Amato Italian Pasta (9 x 500 kg),https://tb-static.uber.com/prod/image-proc/processed_images/2e68cd2a694819bbdc180de50c36f337/b4665c191b34baf3d0e0fa45dfdd3d1d.jpeg,$13.86,Available,,NOT CARRIED,NOT CARRIED,,$13.86,Available,,$13.86,Available,,$13.86,Available,,$13.86,Available,,NOT CARRIED,NOT CARRIED,
"Antonio Amato Spaghetti, 9 × 500 G",https://tb-static.uber.com/prod/image-proc/processed_images/354645790c3dfcd93c74a69ed63a1bbc/b4665c191b34baf3d0e0fa45dfdd3d1d.jpeg,$13.86,Available,,$13.86,Available,,$13.86,Available,,$13.86,Available,,$13.86,Available,,$13.86,Available,,NOT CARRIED,NOT CARRIED,
"Apple 3Rd Generation Airpods Pro Ear Headphones, White",https://tb-static.uber.com/prod/image-proc/processed_images/133f9357b0761ef2d80bd4a2dfdbd3f4/b4665c191b34baf3d0e0fa45dfdd3d1d.jpeg,NOT CARRIED,NOT CARRIED,,NOT CARRIED,NOT CARRIED,,NOT CARRIED,NOT CARRIED,,NOT CARRIED,NOT CARRIED,,NOT CARRIED,NOT CARRIED,,$333.99,Available,,$333.99,Available,
"Apple Ipad Air, 11 In. 128Gb, Wi-Fi, M3 Chip, Blue",https://tb-static.uber.com/prod/image-proc/processed_images/e6374cb79cd32e211a7f22ce9a4ef982/b4665c191b34baf3d0e0fa45dfdd3d1d.jpeg,$695.99,Available,,$695.99,Available,,$695.99,Available,,$695.99,Available,,$695.99,Available,,$695.99,Available,,$695.99,Available,
"Apple Iphone Air Unlocked, 256Gb, Light Blue",https://tb-static.uber.com/prod/image-proc/processed_images/a4683eb29ce6ae7f801f42148ac123eb/b4665c191b34baf3d0e0fa45dfdd3d1d.jpeg,"$1,456.99",Available,,"$1,456.99",Available,,"$1,456.99",Available,,"$1,456.99",Available,,"$1,456.99",Available,,NOT CARRIED,NOT CARRIED,,"$1,456.99",Available,
"Apple Macbook Air 13.6 In., Apple M4 Chip - 16 Gb Ram, 256 Gb Ssd, Sky Blue - English",https://tb-static.uber.com/prod/image-proc/processed_images/95ef253eea9b482676815345df01ac12/b4665c191b34baf3d0e0fa45dfdd3d1d.jpeg,NOT CARRIED,NOT CARRIED,,NOT CARRIED,NOT CARRIED,,NOT CARRIED,NOT CARRIED,,NOT CARRIED,NOT CARRIED,,NOT CARRIED,NOT CARRIED,,NOT CARRIED,NOT CARRIED,,"$1,405.99",Available,
"Apple Pencil (usb-c), White",https://tb-static.uber.com/prod/image-proc/processed_images/500cd3450f97f722c2dcc9e6240f1fa8/b4665c191b34baf3d0e0fa45dfdd3d1d.jpeg,NOT CARRIED,NOT CARRIED,,NOT CARRIED,NOT CARRIED,,NOT CARRIED,NOT CARRIED,,NOT CARRIED,NOT CARRIED,,NOT CARRIED,NOT CARRIED,,NOT CARRIED,NOT CARRIED,,$116.29,Available,
"Apple Pencil Pro, White",https://tb-static.uber.com/prod/image-proc/processed_images/b2fae7c3991cbb7c0b186a6083af8207/b4665c191b34baf3d0e0fa45dfdd3d1d.jpeg,NOT CARRIED,NOT CARRIED,,NOT CARRIED,NOT CARRIED,,NOT CARRIED,NOT CARRIED,,NOT CARRIED,NOT CARRIED,,NOT CARRIED,NOT CARRIED,,NOT CARRIED,NOT CARRIED,,$180.31,Available,
Arahova Tzatziki Authentic Greek Dip (5 kg),https://tb-static.uber.com/prod/image-proc/processed_images/48897338fb135f65a8930e30cf39064e/b4665c191b34baf3d0e0fa45dfdd3d1d.jpeg,NOT CARRIED,NOT CARRIED,,NOT CARRIED,NOT CARRIED,,NOT CARRIED,NOT CARRIED,,NOT CARRIED,NOT CARRIED,,NOT CARRIED,NOT CARRIED,,NOT CARRIED,NOT CARRIED,,$42.66,Available,
"Ardent Mills Keynote, 20 Kg",https://tb-static.uber.com/prod/image-proc/processed_images/d01f309212ac5bfdf11e0bfa922be9d6/b4665c191b34baf3d0e0fa45dfdd3d1d.jpeg,NOT CARRIED,NOT CARRIED,,NOT CARRIED,NOT CARRIED,,NOT CARRIED,NOT CARRIED,,NOT CARRIED,NOT CARRIED,,NOT CARRIED,NOT CARRIED,,NOT CARRIED,NOT CARRIED,,$20.26,Available,
Arm & Hammer Baking Soda (2 kg),https://tb-static.uber.com/prod/image-proc/processed_images/0993d0594bbcdb23ac097170bcd9c8f8/f9586c36ab7db84d09b777cee8c829b1.jpeg,NOT CARRIED,NOT CARRIED,,NOT CARRIED,NOT CARRIED,,NOT CARRIED,NOT CARRIED,,NOT CARRIED,NOT CARRIED,,NOT CARRIED,NOT CARRIED,,NOT CARRIED,NOT CARRIED,,$5.00,Available,
Arm & Hammer Pure Baking Soda (500 g),https://tb-static.uber.com/prod/image-proc/processed_images/2b1a6b0e21b4a1fb618e14d71283afa1/b4665c191b34baf3d0e0fa45dfdd3d1d.jpeg,$7.99,Available,,$7.99,Available,,$7.99,Available,,$7.99,Available,,$7.99,Available,,$7.99,Available,,$7.99,Available,
Asaro Organic Castelvetrano Whole Green Olives (1 L),https://tb-static.uber.com/prod/image-proc/processed_images/3950101bb337823b71ce6113a14688a9/f9586c36ab7db84d09b777cee8c829b1.jpeg,$11.72,Available,,NOT CARRIED,NOT CARRIED,,NOT CARRIED,NOT CARRIED,,NOT CARRIED,NOT CARRIED,,NOT CARRIED,NOT CARRIED,,NOT CARRIED,NOT CARRIED,,NOT CARRIED,NOT CARRIED,
Atlantic Salmon Poke (454 g),https://tb-static.uber.com/prod/image-proc/processed_images/e36418ea5d2d8ecf4d0c5e1da000a3dd/b4665c191b34baf3d0e0fa45dfdd3d1d.jpeg,NOT CARRIED,NOT CARRIED,,NOT CARRIED,NOT CARRIED,,NOT CARRIED,NOT CARRIED,,NOT CARRIED,NOT CARRIED,,$24.00,Available,,NOT CARRIED,NOT CARRIED,,NOT CARRIED,NOT CARRIED,
"Attitude Super Leaves Shower Gel Duo, 2 X 946 Ml",https://tb-static.uber.com/prod/image-proc/processed_images/a94e1454827dced0b90ab5a82099eb7b/b4665c191b34baf3d0e0fa45dfdd3d1d.jpeg,NOT CARRIED,NOT CARRIED,,NOT CARRIED,NOT CARRIED,,$26.66,Available,,NOT CARRIED,NOT CARRIED,,NOT CARRIED,NOT CARRIED,,NOT CARRIED,NOT CARRIED,,NOT CARRIED,NOT CARRIED,
Au Pain Doré Butter Croissants (30 x 70 g),https://tb-static.uber.com/prod/image-proc/processed_images/d7c322ab25bf4e5c8845f0b0049ce652/0e5313be7a8831b8ed60f8dab3c2df10.jpeg,NOT CARRIED,NOT CARRIED,,$18.66,Available,,NOT CARRIED,NOT CARRIED,,NOT CARRIED,NOT CARRIED,,NOT CARRIED,NOT CARRIED,,NOT CARRIED,NOT CARRIED,,$18.66,Available,
Aveeno Baby Wash And Shampoo 3X532Ml,https://tb-static.uber.com/prod/image-proc/processed_images/bd5ee78e62de193d96c0d6f081b06d31/b4665c191b34baf3d0e0fa45dfdd3d1d.jpeg,$29.86,Available,,$29.86,Available,,$29.86,Available,,$29.86,Available,,$29.86,Available,,$29.86,Available,,NOT CARRIED,NOT CARRIED,
Aveeno Daily Moisturizing Lotion (2 x 710 ml),https://tb-static.uber.com/prod/image-proc/processed_images/1e9daa8549b14a01f742e0192a7b3a67/b4665c191b34baf3d0e0fa45dfdd3d1d.jpeg,NOT CARRIED,NOT CARRIED,,NOT CARRIED,NOT CARRIED,,NOT CARRIED,NOT CARRIED,,NOT CARRIED,NOT CARRIED,,NOT CARRIED,NOT CARRIED,,NOT CARRIED,NOT CARRIED,,$23.46,Available,
"Avocadoes, 6 Count",https://tb-static.uber.com/prod/image-proc/processed_images/39365a528ca406edd4de5ae46c2fb19e/b4665c191b34baf3d0e0fa45dfdd3d1d.jpeg,$10.65,Available,,$10.65,Available,,NOT CARRIED,NOT CARRIED,,$10.65,Available,,$10.65,Available,,$10.65,Available,,NOT CARRIED,NOT CARRIED,
BFree Sans Gluten Free Tortillas (12 x 42 g),https://tb-static.uber.com/prod/image-proc/processed_images/f80d69e06f0d04b5fff33deda24c1bd3/b4665c191b34baf3d0e0fa45dfdd3d1d.jpeg,NOT CARRIED,NOT CARRIED,,NOT CARRIED,NOT CARRIED,,$11.72,Available,,$11.72,Available,,NOT CARRIED,NOT CARRIED,,NOT CARRIED,NOT CARRIED,,NOT CARRIED,NOT CARRIED,
Babybel Original Mini Semi-Soft Ripened Cheese (32 x 20 g),https://tb-static.uber.com/prod/image-proc/processed_images/fe836db665247bd2993b60a82674a852/f9586c36ab7db84d09b777cee8c829b1.jpeg,$18.66,Available,,$18.66,Available,,$18.66,Available,,$18.66,Available,,$18.66,Available,,$18.66,Available,,$18.66,Available,
"Bag To Nature Small Kitchen Compost Bags, 130-Count",https://tb-static.uber.com/prod/image-proc/processed_images/0d7501f5a96b55a2214966ed6f68b528/b4665c191b34baf3d0e0fa45dfdd3d1d.jpeg,NOT CARRIED,NOT CARRIED,,NOT CARRIED,NOT CARRIED,,NOT CARRIED,NOT CARRIED,,NOT CARRIED,NOT CARRIED,,NOT CARRIED,NOT CARRIED,,NOT CARRIED,NOT CARRIED,,$13.86,Available,
Baldwin St. Kosher All Beef Salami (750 g),https://tb-static.uber.com/prod/image-proc/processed_images/18dd227420d2a62c1baa98336c646652/957777de4e8d7439bef56daddbfae227.jpeg,$15.99,Available,,NOT CARRIED,NOT CARRIED,,NOT CARRIED,NOT CARRIED,,NOT CARRIED,NOT CARRIED,,NOT CARRIED,NOT CARRIED,,NOT CARRIED,NOT CARRIED,,NOT CARRIED,NOT CARRIED,
Bale Wire 16'/12 G. 125Ct Btg120-160-125 Bundle P25,https://cn-geo1.uber.com/static/mobile-content/eats/placeholder_images/placeholder_image_grocery_300x300.png,$101.35,Available,,$101.35,Available,,$101.35,Available,,$101.35,Available,,NOT CARRIED,NOT CARRIED,,$101.35,Available,,NOT CARRIED,NOT CARRIED,
Balzac’s Coffee Roasters Farmers Blend Medium Roast Whole Bean Coffee (907 g),https://tb-static.uber.com/prod/image-proc/processed_images/c85b54540510b628c23e94a0d24569d6/b4665c191b34baf3d0e0fa45dfdd3d1d.jpeg,$24.53,Available,,NOT CARRIED,NOT CARRIED,,$24.53,Available,,$24.53,Available,,$24.53,Available,,$24.53,Available,,NOT CARRIED,NOT CARRIED,
Banana Boat Kids Broad Spectrum Sunscreen Lotion Spf 50+ (3 x 240 ml),https://tb-static.uber.com/prod/image-proc/processed_images/097a0b2eb0cc1b3ee6ac259960c4c0b2/b4665c191b34baf3d0e0fa45dfdd3d1d.jpeg,$24.53,Available,,$24.53,Available,,NOT CARRIED,NOT CARRIED,,NOT CARRIED,NOT CARRIED,,$24.53,Available,,NOT CARRIED,NOT CARRIED,,NOT CARRIED,NOT CARRIED,
Bananas (3 Lb / 1.36 Kg),https://tb-static.uber.com/prod/image-proc/processed_images/58b57fae8f3c42f35365e1a004aa64e6/b4665c191b34baf3d0e0fa45dfdd3d1d.jpeg,$1.80,Available,,$1.80,Available,,$1.80,Available,,$1.80,Available,,$1.80,Available,,$1.80,Available,,$1.80,Available,
Band-Aid Assorted Adhesive Bandages (220 ct),https://tb-static.uber.com/prod/image-proc/processed_images/dc5f05f8fe8807236d790d405c97a3c6/b4665c191b34baf3d0e0fa45dfdd3d1d.jpeg,NOT CARRIED,NOT CARRIED,,NOT CARRIED,NOT CARRIED,,NOT CARRIED,NOT CARRIED,,NOT CARRIED,NOT CARRIED,,NOT CARRIED,NOT CARRIED,,NOT CARRIED,NOT CARRIED,,$20.26,Available,25% off
"Bare Bones Instant Bone Broth Packets, Chicken (16 x 15 g)",https://tb-static.uber.com/prod/image-proc/processed_images/18070eae1e4b49d03e645297ec20e2ab/b4665c191b34baf3d0e0fa45dfdd3d1d.jpeg,$18.12,Available,,$18.12,Available,,$18.12,Available,,NOT CARRIED,NOT CARRIED,,NOT CARRIED,NOT CARRIED,,NOT CARRIED,NOT CARRIED,,NOT CARRIED,NOT CARRIED,
Basil,https://tb-static.uber.com/prod/image-proc/processed_images/4267e1de0c143dd5b15ef9e7b2843487/b4665c191b34baf3d0e0fa45dfdd3d1d.jpeg,NOT CARRIED,NOT CARRIED,,NOT CARRIED,NOT CARRIED,,NOT CARRIED,NOT CARRIED,,NOT CARRIED,NOT CARRIED,,NOT CARRIED,NOT CARRIED,,NOT CARRIED,NOT CARRIED,,$5.32,Available,
Bassé Noix Du Whole Brazil Nuts (680 g),https://tb-static.uber.com/prod/image-proc/processed_images/59c950bb70f09193212b943e0e03b554/b4665c191b34baf3d0e0fa45dfdd3d1d.jpeg,NOT CARRIED,NOT CARRIED,,NOT CARRIED,NOT CARRIED,,NOT CARRIED,NOT CARRIED,,NOT CARRIED,NOT CARRIED,,NOT CARRIED,NOT CARRIED,,$19.19,Available,,NOT CARRIED,NOT CARRIED,
"Baum Stoneware Dinnerware Set, 16-Piece",https://tb-static.uber.com/prod/image-proc/processed_images/4b43aff021bdf7b5ab48621587daf3ce/b4665c191b34baf3d0e0fa45dfdd3d1d.jpeg,$42.64,Available,,$42.64,Available,,$42.64,Available,,NOT CARRIED,NOT CARRIED,,$42.64,Available,,$42.64,Available,,NOT CARRIED,NOT CARRIED,
Bavarian Multi-Grain Rye 1.2 Kg Escl12        Vps,https://tb-static.uber.com/prod/image-proc/processed_images/d2be39d3dc74f93aea392a8988f88145/b4665c191b34baf3d0e0fa45dfdd3d1d.jpeg,$5.32,Available,,$5.32,Available,,$5.32,Available,,$5.32,Available,,$5.32,Available,,$5.32,Available,,NOT CARRIED,NOT CARRIED,
Bavarian Rye Bread 1.2 Kg    Ecsl12      Vps,https://tb-static.uber.com/prod/image-proc/processed_images/a89186c0757c3a12798c8143f5056a65/b4665c191b34baf3d0e0fa45dfdd3d1d.jpeg,NOT CARRIED,NOT CARRIED,,NOT CARRIED,NOT CARRIED,,NOT CARRIED,NOT CARRIED,,NOT CARRIED,NOT CARRIED,,NOT CARRIED,NOT CARRIED,,$5.32,Available,,NOT CARRIED,NOT CARRIED,
Bbh Insulated Nitrile Gloves,https://tb-static.uber.com/prod/image-proc/processed_images/ffd0a8bd61b9d718c2a1429a151339d1/b4665c191b34baf3d0e0fa45dfdd3d1d.jpeg,$13.83,Available,,NOT CARRIED,NOT CARRIED,,NOT CARRIED,NOT CARRIED,,NOT CARRIED,NOT CARRIED,,$13.83,Available,,NOT CARRIED,NOT CARRIED,,NOT CARRIED,NOT CARRIED,
Bbq Daddy Steam Cleaning Grill Scrubber Value Pack,https://tb-static.uber.com/prod/image-proc/processed_images/252bb682701d26f10b33c51107182557/b4665c191b34baf3d0e0fa45dfdd3d1d.jpeg,$42.66,Available,,$42.66,Available,,$42.66,Available,,$42.66,Available,,$42.66,Available,,$42.66,Available,,NOT CARRIED,NOT CARRIED,
"Beatrice Fresh 2% Partly Skimmed Milk, Chocolate (2 L)",https://tb-static.uber.com/prod/image-proc/processed_images/4e57a8aa4952cd274d2c77c91ff2b037/b4665c191b34baf3d0e0fa45dfdd3d1d.jpeg,NOT CARRIED,NOT CARRIED,,NOT CARRIED,NOT CARRIED,,NOT CARRIED,NOT CARRIED,,$5.43,Available,,NOT CARRIED,NOT CARRIED,,NOT CARRIED,NOT CARRIED,,NOT CARRIED,NOT CARRIED,
Beau's Brewing Co. Lug Tread Lagered Ale Beer (24 x 355 ml),https://tb-static.uber.com/prod/image-proc/processed_images/94e5d45ebbced4abe45e3f37d98deb2b/2ecda260bcb4a75235533df4a61ef085.jpeg,$48.00,Available,,NOT CARRIED,NOT CARRIED,,NOT CARRIED,NOT CARRIED,,NOT CARRIED,NOT CARRIED,,$48.00,Available,,NOT CARRIED,NOT CARRIED,,NOT CARRIED,NOT CARRIED,
Beauty Of Joseon Ginseng,https://tb-static.uber.com/prod/image-proc/processed_images/daf64b561804eb346384e1dbad5fbd96/b4665c191b34baf3d0e0fa45dfdd3d1d.jpeg,$53.33,Available,,$53.33,Available,,NOT CARRIED,NOT CARRIED,,$53.33,Available,,$53.33,Available,,$53.33,Available,,NOT CARRIED,NOT CARRIED,
Beef Boneless Short Ribs,https://tb-static.uber.com/prod/image-proc/processed_images/b654b8cb9ffe320615b842ac1ef4aaa0/b4665c191b34baf3d0e0fa45dfdd3d1d.jpeg,NOT CARRIED,NOT CARRIED,,$41.75,Available,,NOT CARRIED,NOT CARRIED,,$41.75,Available,,NOT CARRIED,NOT CARRIED,,NOT CARRIED,NOT CARRIED,,NOT CARRIED,NOT CARRIED,
"Bel-Gaufre Waffles, 12 × 70 G",https://tb-static.uber.com/prod/image-proc/processed_images/708a77ee22755c7c524a855e11074b30/b4665c191b34baf3d0e0fa45dfdd3d1d.jpeg,NOT CARRIED,NOT CARRIED,,NOT CARRIED,NOT CARRIED,,$9.59,Available,,NOT CARRIED,NOT CARRIED,,$9.59,Available,,$9.59,Available,,NOT CARRIED,NOT CARRIED,
"Belcolade 34% Milk Chocolate Drops, 5 Kg",https://tb-static.uber.com/prod/image-proc/processed_images/a082de955c02b6315d5133805b38e194/b4665c191b34baf3d0e0fa45dfdd3d1d.jpeg,NOT CARRIED,NOT CARRIED,,NOT CARRIED,NOT CARRIED,,NOT CARRIED,NOT CARRIED,,NOT CARRIED,NOT CARRIED,,NOT CARRIED,NOT CARRIED,,NOT CARRIED,NOT CARRIED,,$106.68,Available,
Belcolade Noir Selection Semisweet Dark Chocolate Drops (5 kg),https://tb-static.uber.com/prod/image-proc/processed_images/fd4a8b4303c877a3a4480a0cad0cdfb9/b4665c191b34baf3d0e0fa45dfdd3d1d.jpeg,NOT CARRIED,NOT CARRIED,,NOT CARRIED,NOT CARRIED,,NOT CARRIED,NOT CARRIED,,NOT CARRIED,NOT CARRIED,,NOT CARRIED,NOT CARRIED,,NOT CARRIED,NOT CARRIED,,$117.35,Available,
Belgusto Passata 12 X 680 Ml P90,https://cn-geo1.uber.com/static/mobile-content/eats/placeholder_images/placeholder_image_grocery_300x300.png,NOT CARRIED,NOT CARRIED,,NOT CARRIED,NOT CARRIED,,NOT CARRIED,NOT CARRIED,,NOT CARRIED,NOT CARRIED,,NOT CARRIED,NOT CARRIED,,NOT CARRIED,NOT CARRIED,,$21.32,Available,
"Bella Lodi Italian Hard Ripened Cheese Selection, 3 × 200 G",https://tb-static.uber.com/prod/image-proc/processed_images/e9259c35509b1575860d59b38e66268f/b4665c191b34baf3d0e0fa45dfdd3d1d.jpeg,$26.66,Available,,$26.66,Available,,$26.66,Available,,$26.66,Available,,$26.66,Available,,$26.66,Available,,NOT CARRIED,NOT CARRIED,
Ben's Original Converted Long Grain Rice (5.4 kg),https://tb-static.uber.com/prod/image-proc/processed_images/ed50cf5b886c517b74f2577c786c8c5d/b4665c191b34baf3d0e0fa45dfdd3d1d.jpeg,NOT CARRIED,NOT CARRIED,,NOT CARRIED,NOT CARRIED,,$14.92,Available,,$14.92,Available,,$14.92,Available,,NOT CARRIED,NOT CARRIED,,NOT CARRIED,NOT CARRIED,
"BiC Round Stic Ballpoint Stick Pens, Medium Tip, 1.0mm, Blue, 60/pack",https://tb-static.uber.com/prod/image-proc/processed_images/0ecd52b707a2b662b842ce2866687c8e/0e5313be7a8831b8ed60f8dab3c2df10.jpeg,NOT CARRIED,NOT CARRIED,,NOT CARRIED,NOT CARRIED,,NOT CARRIED,NOT CARRIED,,NOT CARRIED,NOT CARRIED,,NOT CARRIED,NOT CARRIED,,NOT CARRIED,NOT CARRIED,,$7.45,Available,
"Bick's Premium Baby Dills Pickles, Garlic (2 L)",https://tb-static.uber.com/prod/image-proc/processed_images/c5777bfb1495ae322901c4c2b03525e8/f9586c36ab7db84d09b777cee8c829b1.jpeg,NOT CARRIED,NOT CARRIED,,NOT CARRIED,NOT CARRIED,,NOT CARRIED,NOT CARRIED,,NOT CARRIED,NOT CARRIED,,NOT CARRIED,NOT CARRIED,,$7.45,Available,,NOT CARRIED,NOT CARRIED,
Bicycle Playing Cards Pack Of 9 Decks,https://cn-geo1.uber.com/static/mobile-content/eats/placeholder_images/placeholder_image_grocery_300x300.png,$10.63,Available,,NOT CARRIED,NOT CARRIED,,NOT CARRIED,NOT CARRIED,,NOT CARRIED,NOT CARRIED,,NOT CARRIED,NOT CARRIED,,NOT CARRIED,NOT CARRIED,,NOT CARRIED,NOT CARRIED,
"Big Daddy Chocolate Chuck, 10 Pack",https://tb-static.uber.com/prod/image-proc/processed_images/52f037da9ca618f89a538adf3616856f/b4665c191b34baf3d0e0fa45dfdd3d1d.jpeg,NOT CARRIED,NOT CARRIED,,NOT CARRIED,NOT CARRIED,,NOT CARRIED,NOT CARRIED,,NOT CARRIED,NOT CARRIED,,NOT CARRIED,NOT CARRIED,,NOT CARRIED,NOT CARRIED,,$8.52,Available,
"Big Daddy Double Chocolate, 10 Pack",https://tb-static.uber.com/prod/image-proc/processed_images/c1961a7fe397ad7eda6af35a9fe195ef/b4665c191b34baf3d0e0fa45dfdd3d1d.jpeg,NOT CARRIED,NOT CARRIED,,NOT CARRIED,NOT CARRIED,,NOT CARRIED,NOT CARRIED,,NOT CARRIED,NOT CARRIED,,NOT CARRIED,NOT CARRIED,,NOT CARRIED,NOT CARRIED,,$8.52,Available,
"Bigbrò Rice Chips, Crab Egg Yolk (520 g)",https://tb-static.uber.com/prod/image-proc/processed_images/61dcf739a7f86c65b315dce6dfe5c52f/b4665c191b34baf3d0e0fa45dfdd3d1d.jpeg,NOT CARRIED,NOT CARRIED,,$15.46,Available,,$15.46,Available,,$15.46,Available,,NOT CARRIED,NOT CARRIED,,NOT CARRIED,NOT CARRIED,,NOT CARRIED,NOT CARRIED,
BioGaia Protectis Colic Relief & Digestive Health Probiotic Baby Drops (2 x 8 ml),https://tb-static.uber.com/prod/image-proc/processed_images/8b507930942d6fa549dd911ae63e410c/b4665c191b34baf3d0e0fa45dfdd3d1d.jpeg,$53.33,Available,,$53.33,Available,,$53.33,Available,,$53.33,Available,,$53.33,Available,,$53.33,Available,,NOT CARRIED,NOT CARRIED,
"Biodance Hydrogel Cera-Nol Deep Mask, 24-Sheets",https://tb-static.uber.com/prod/image-proc/processed_images/405cbed3c8d539cf94158d82059a022f/b4665c191b34baf3d0e0fa45dfdd3d1d.jpeg,$96.01,Available,,$96.01,Available,,NOT CARRIED,NOT CARRIED,,$96.01,Available,,$96.01,Available,,NOT CARRIED,NOT CARRIED,,NOT CARRIED,NOT CARRIED,
"Biodance Radiant Vita Niacinamide Real Deep Mask, 24-Sheets",https://tb-static.uber.com/prod/image-proc/processed_images/e1dbf81c6f85a4372e05324b3dcbc16f/b4665c191b34baf3d0e0fa45dfdd3d1d.jpeg,NOT CARRIED,NOT CARRIED,,NOT CARRIED,NOT CARRIED,,$96.01,Available,,NOT CARRIED,NOT CARRIED,,NOT CARRIED,NOT CARRIED,,NOT CARRIED,NOT CARRIED,,NOT CARRIED,NOT CARRIED,
"Biosak Compostable Kitchen Bin Liners 3 Gal, 16.5x17.5 in (125 ct)",https://tb-static.uber.com/prod/image-proc/processed_images/24ca96bc7d57f0bb59ec7735abe3f77a/f9586c36ab7db84d09b777cee8c829b1.jpeg,$12.79,Available,,NOT CARRIED,NOT CARRIED,,NOT CARRIED,NOT CARRIED,,NOT CARRIED,NOT CARRIED,,NOT CARRIED,NOT CARRIED,,NOT CARRIED,NOT CARRIED,,NOT CARRIED,NOT CARRIED,
Biscoff Cookies (4 x 8.8 oz),https://tb-static.uber.com/prod/image-proc/processed_images/87fb99f73f5f2ab8c263283665b67c5a/f9586c36ab7db84d09b777cee8c829b1.jpeg,$12.68,Available,,$12.68,Available,,$12.68,Available,,$12.68,Available,,$12.68,Available,,$12.68,Available,,NOT CARRIED,NOT CARRIED,
Black Diamond Marble Cheese Strings (40 X 21 g),https://tb-static.uber.com/prod/image-proc/processed_images/8b78cc0a4c2935a451b1806f950ee74d/b4665c191b34baf3d0e0fa45dfdd3d1d.jpeg,$15.99,Available,,$15.99,Available,,$15.99,Available,,$15.99,Available,,$15.99,Available,,$15.99,Available,,$15.99,Available,
"Blackstone Patio Griddle Accessory Kit, 16-Pieces",https://tb-static.uber.com/prod/image-proc/processed_images/64807c3637086ba5db1e2730dc248bd6/b4665c191b34baf3d0e0fa45dfdd3d1d.jpeg,NOT CARRIED,NOT CARRIED,,$42.66,Available,,$42.66,Available,,$42.66,Available,,NOT CARRIED,NOT CARRIED,,$42.66,Available,,NOT CARRIED,NOT CARRIED,
Blake's Shepherds Pie,https://tb-static.uber.com/prod/image-proc/processed_images/201214fcbc0a4f1e0ad7a4f2dc5d513b/b4665c191b34baf3d0e0fa45dfdd3d1d.jpeg,$25.33,Available,,$25.33,Available,,$25.33,Available,,$25.33,Available,,$25.33,Available,,$25.33,Available,,NOT CARRIED,NOT CARRIED,
"Blenderbottle Strada Stainless Steel Shaker Bottle, 740 Ml (25 Oz.), 2-Pack",https://tb-static.uber.com/prod/image-proc/processed_images/fda2c81e20e7d45485df13b1dca134aa/b4665c191b34baf3d0e0fa45dfdd3d1d.jpeg,$42.66,Available,,$42.66,Available,,NOT CARRIED,NOT CARRIED,,$42.66,Available,,$42.66,Available,,NOT CARRIED,NOT CARRIED,,NOT CARRIED,NOT CARRIED,
Blue Diamond Original Unsweetened Almond Breeze Milk (6 x 946 ml),https://tb-static.uber.com/prod/image-proc/processed_images/4e3071cfb1aa5d2de8e7c033765a0501/f9586c36ab7db84d09b777cee8c829b1.jpeg,$13.86,Available,,NOT CARRIED,NOT CARRIED,,NOT CARRIED,NOT CARRIED,,NOT CARRIED,NOT CARRIED,,NOT CARRIED,NOT CARRIED,,NOT CARRIED,NOT CARRIED,,$13.86,Available,
Blueberries (510 g),https://tb-static.uber.com/prod/image-proc/processed_images/027c9508958c9d010e7c40c24d696560/b4665c191b34baf3d0e0fa45dfdd3d1d.jpeg,$12.79,Available,,$12.79,Available,,$12.79,Available,,$12.79,Available,,$12.79,Available,,$12.79,Available,,NOT CARRIED,NOT CARRIED,
"Bobba Peach Popping Boba, 3.2 Kg",https://tb-static.uber.com/prod/image-proc/processed_images/5b447d7ab1d7068d1f387d098704a6aa/b4665c191b34baf3d0e0fa45dfdd3d1d.jpeg,NOT CARRIED,NOT CARRIED,,NOT CARRIED,NOT CARRIED,,NOT CARRIED,NOT CARRIED,,NOT CARRIED,NOT CARRIED,,NOT CARRIED,NOT CARRIED,,NOT CARRIED,NOT CARRIED,,$21.32,Available,
"Bona Hardwood Floor Cleaner, 3.78 Litres + 946 Ml",https://tb-static.uber.com/prod/image-proc/processed_images/3fd2b3b805ef18c6bee786d7938f261f/b4665c191b34baf3d0e0fa45dfdd3d1d.jpeg,$26.66,Available,,$26.66,Available,,$26.66,Available,,$26.66,Available,,$26.66,Available,,$26.66,Available,,NOT CARRIED,NOT CARRIED,
"Bonez Bully Sticks For Dogs (480 g, 12 ct)",https://tb-static.uber.com/prod/image-proc/processed_images/e3ffa4b2ce80a25dc0b4004449532dcb/b4665c191b34baf3d0e0fa45dfdd3d1d.jpeg,NOT CARRIED,NOT CARRIED,,NOT CARRIED,NOT CARRIED,,NOT CARRIED,NOT CARRIED,,NOT CARRIED,NOT CARRIED,,$42.66,Available,,$42.66,Available,,NOT CARRIED,NOT CARRIED,
"Bounce 2X Power Dryer Sheets, Outdoor Fresh, 6.3x5.9 in (400 ct)",https://tb-static.uber.com/prod/image-proc/processed_images/ab9de9ea45b3602c0d61aecd5516a974/b4665c191b34baf3d0e0fa45dfdd3d1d.jpeg,$18.12,Available,22% off,$18.12,Available,22% off,$18.12,Available,22% off,$18.12,Available,22% off,$18.12,Available,22% off,$18.12,Available,22% off,$18.12,Available,22% off
"Bounty Plus Paper Towel, 27.9*18 cm (12 ct)",https://tb-static.uber.com/prod/image-proc/processed_images/c236301dc324670a44998e0d85517d75/b4665c191b34baf3d0e0fa45dfdd3d1d.jpeg,$34.66,Available,19% off,$34.66,Available,19% off,$34.66,Available,19% off,$34.66,Available,19% off,$34.66,Available,19% off,$34.66,Available,19% off,$34.66,Available,19% off
"Boursin Garlic & Fine Herbs, 3 × 150 G",https://tb-static.uber.com/prod/image-proc/processed_images/a408a4e60eb4c52082c80a560c0077a8/b4665c191b34baf3d0e0fa45dfdd3d1d.jpeg,$13.86,Available,,$13.86,Available,,$13.86,Available,,$13.86,Available,,$13.86,Available,,$13.86,Available,,$13.86,Available,
Breathe Right Extra Strength Clear 72-Strips,https://tb-static.uber.com/prod/image-proc/processed_images/5dbbd9fb10e8f07551f0ab1273f39938/b4665c191b34baf3d0e0fa45dfdd3d1d.jpeg,$29.86,Available,,$29.86,Available,,$29.86,Available,,$29.86,Available,,$29.86,Available,,$29.86,Available,,NOT CARRIED,NOT CARRIED,
Brita Water Filter Replacement (8 ct),https://tb-static.uber.com/prod/image-proc/processed_images/adc9101cf52974bfd10c6bfc6d1a072e/f9586c36ab7db84d09b777cee8c829b1.jpeg,$46.93,Available,,$46.93,Available,,$46.93,Available,,$46.93,Available,,$46.93,Available,,$46.93,Available,,NOT CARRIED,NOT CARRIED,
"Broccoli Tender Stems, 680 G",https://tb-static.uber.com/prod/image-proc/processed_images/4d447c157494d7ac1786f4a77ca1c2ce/b4665c191b34baf3d0e0fa45dfdd3d1d.jpeg,$8.52,Available,,$8.52,Available,,$8.52,Available,,$8.52,Available,,$8.52,Available,,$8.52,Available,,NOT CARRIED,NOT CARRIED,
"Brown Grocery Bag 20Lb, Pack Of 500",https://tb-static.uber.com/prod/image-proc/processed_images/02d932a794b556569179de04137d07b7/b4665c191b34baf3d0e0fa45dfdd3d1d.jpeg,NOT CARRIED,NOT CARRIED,,NOT CARRIED,NOT CARRIED,,NOT CARRIED,NOT CARRIED,,NOT CARRIED,NOT CARRIED,,NOT CARRIED,NOT CARRIED,,NOT CARRIED,NOT CARRIED,,$27.73,Available,
"Brown Grocery Bag 3Lb, Pack Of 500",https://tb-static.uber.com/prod/image-proc/processed_images/02d932a794b556569179de04137d07b7/b4665c191b34baf3d0e0fa45dfdd3d1d.jpeg,NOT CARRIED,NOT CARRIED,,NOT CARRIED,NOT CARRIED,,NOT CARRIED,NOT CARRIED,,NOT CARRIED,NOT CARRIED,,NOT CARRIED,NOT CARRIED,,NOT CARRIED,NOT CARRIED,,$9.59,Available,
"Brown Grocery Bag 8Lb, Pack Of 500",https://tb-static.uber.com/prod/image-proc/processed_images/02d932a794b556569179de04137d07b7/b4665c191b34baf3d0e0fa45dfdd3d1d.jpeg,NOT CARRIED,NOT CARRIED,,NOT CARRIED,NOT CARRIED,,NOT CARRIED,NOT CARRIED,,NOT CARRIED,NOT CARRIED,,NOT CARRIED,NOT CARRIED,,NOT CARRIED,NOT CARRIED,,$14.92,Available,
Brussels Sprouts,https://tb-static.uber.com/prod/image-proc/processed_images/5b026e61f97705d02565ee652c84981a/0e5313be7a8831b8ed60f8dab3c2df10.jpeg,$7.45,Available,,$7.45,Available,,$7.45,Available,,$7.45,Available,,$7.45,Available,,$7.45,Available,,NOT CARRIED,NOT CARRIED,
"Brust Iced Coffee Protein Powder, 2 Kg",https://tb-static.uber.com/prod/image-proc/processed_images/22fb52ce77e99000e3d67485661e39aa/b4665c191b34baf3d0e0fa45dfdd3d1d.jpeg,$74.67,Available,,NOT CARRIED,NOT CARRIED,,NOT CARRIED,NOT CARRIED,,NOT CARRIED,NOT CARRIED,,NOT CARRIED,NOT CARRIED,,NOT CARRIED,NOT CARRIED,,NOT CARRIED,NOT CARRIED,
"Buckleys Complete Plus Extra Strength Mucus Relief, 2 X 250 Ml",https://tb-static.uber.com/prod/image-proc/processed_images/257294793833854e2f2e73c0d647283c/b4665c191b34baf3d0e0fa45dfdd3d1d.jpeg,$25.59,Available,,NOT CARRIED,NOT CARRIED,,NOT CARRIED,NOT CARRIED,,NOT CARRIED,NOT CARRIED,,$25.59,Available,,NOT CARRIED,NOT CARRIED,,NOT CARRIED,NOT CARRIED,
Budweiser Pale Lager Beer (48 x 355 ml),https://tb-static.uber.com/prod/image-proc/processed_images/5af3860f0e51fe58b9335ffed54d195c/f9586c36ab7db84d09b777cee8c829b1.jpeg,NOT CARRIED,NOT CARRIED,,NOT CARRIED,NOT CARRIED,,NOT CARRIED,NOT CARRIED,,$76.81,Available,,NOT CARRIED,NOT CARRIED,,NOT CARRIED,NOT CARRIED,,NOT CARRIED,NOT CARRIED,
"Built Puff Protein Bars, Cookies 'N Cream-Peanut Butter Cup (14 x 40 g)",https://tb-static.uber.com/prod/image-proc/processed_images/fb6ed36c535c7c4086278a2dc5dce0bb/b4665c191b34baf3d0e0fa45dfdd3d1d.jpeg,$30.93,Available,,NOT CARRIED,NOT CARRIED,,NOT CARRIED,NOT CARRIED,,NOT CARRIED,NOT CARRIED,,$30.93,Available,,$30.93,Available,,NOT CARRIED,NOT CARRIED,
"Built Puffs Protein Bars, Brownie Batter & Coconut, 14 × 40 G",https://tb-static.uber.com/prod/image-proc/processed_images/ffea6340fbb9fdb0c3edff30f09e8a5c/b4665c191b34baf3d0e0fa45dfdd3d1d.jpeg,$30.93,Available,,$30.93,Available,,$30.93,Available,,$30.93,Available,,$30.93,Available,,$30.93,Available,,NOT CARRIED,NOT CARRIED,
"Bula Polartec Thermal Pro Balaclava, 2-Pack",https://tb-static.uber.com/prod/image-proc/processed_images/35732849cd791fa7f56ec2f9677917e0/b4665c191b34baf3d0e0fa45dfdd3d1d.jpeg,NOT CARRIED,NOT CARRIED,,NOT CARRIED,NOT CARRIED,,NOT CARRIED,NOT CARRIED,,NOT CARRIED,NOT CARRIED,,$13.83,Available,,NOT CARRIED,NOT CARRIED,,NOT CARRIED,NOT CARRIED,
Burnbrae Farms - Hard Boiled Eggs 12 Packs Of 12,https://tb-static.uber.com/prod/image-proc/processed_images/9ab4112c182febf7268150f7df0dbc28/b4665c191b34baf3d0e0fa45dfdd3d1d.jpeg,NOT CARRIED,NOT CARRIED,,NOT CARRIED,NOT CARRIED,,NOT CARRIED,NOT CARRIED,,NOT CARRIED,NOT CARRIED,,NOT CARRIED,NOT CARRIED,,NOT CARRIED,NOT CARRIED,,$49.07,Available,
"Burnbrae Farms Eggs, Large, White (30 ct)",https://tb-static.uber.com/prod/image-proc/processed_images/2dfef108990948d777f39ff1cba0fefb/b4665c191b34baf3d0e0fa45dfdd3d1d.jpeg,NOT CARRIED,NOT CARRIED,,NOT CARRIED,NOT CARRIED,,NOT CARRIED,NOT CARRIED,,NOT CARRIED,NOT CARRIED,,NOT CARRIED,NOT CARRIED,,NOT CARRIED,NOT CARRIED,,$9.80,Available,
"Burnbrae Farms Extra-Large Loose White Eggs, 15 Dozen",https://tb-static.uber.com/prod/image-proc/processed_images/69ab2acd13c98fb9375b7239169c28e6/b4665c191b34baf3d0e0fa45dfdd3d1d.jpeg,NOT CARRIED,NOT CARRIED,,NOT CARRIED,NOT CARRIED,,NOT CARRIED,NOT CARRIED,,NOT CARRIED,NOT CARRIED,,NOT CARRIED,NOT CARRIED,,NOT CARRIED,NOT CARRIED,,$57.60,Available,
"Burnbrae Farms Extra-Large White Eggs In Cartons, 15 Dozen",https://tb-static.uber.com/prod/image-proc/processed_images/d05af77e8189a8924229147de50339f8/b4665c191b34baf3d0e0fa45dfdd3d1d.jpeg,NOT CARRIED,NOT CARRIED,,NOT CARRIED,NOT CARRIED,,NOT CARRIED,NOT CARRIED,,NOT CARRIED,NOT CARRIED,,NOT CARRIED,NOT CARRIED,,NOT CARRIED,NOT CARRIED,,$60.80,Available,
"Burnbrae Farms Free Run Eggs, Large (800 g, 12 ct)",https://tb-static.uber.com/prod/image-proc/processed_images/7f3ed11fd6576d418bd66e81bf6d0689/0e5313be7a8831b8ed60f8dab3c2df10.jpeg,$9.59,Available,,NOT CARRIED,NOT CARRIED,,NOT CARRIED,NOT CARRIED,,NOT CARRIED,NOT CARRIED,,NOT CARRIED,NOT CARRIED,,NOT CARRIED,NOT CARRIED,,$9.59,Available,
"Burnbrae Farms Fresh Liquid Whole Egg, 10 Kg",https://tb-static.uber.com/prod/image-proc/processed_images/b6b84638f9b61e908d32e5640b6e07ce/b4665c191b34baf3d0e0fa45dfdd3d1d.jpeg,NOT CARRIED,NOT CARRIED,,NOT CARRIED,NOT CARRIED,,NOT CARRIED,NOT CARRIED,,NOT CARRIED,NOT CARRIED,,NOT CARRIED,NOT CARRIED,,NOT CARRIED,NOT CARRIED,,$52.27,Available,
"Burnbrae Farms Large Loose White Eggs, 15 Dozen",https://tb-static.uber.com/prod/image-proc/processed_images/69ab2acd13c98fb9375b7239169c28e6/b4665c191b34baf3d0e0fa45dfdd3d1d.jpeg,NOT CARRIED,NOT CARRIED,,NOT CARRIED,NOT CARRIED,,NOT CARRIED,NOT CARRIED,,NOT CARRIED,NOT CARRIED,,NOT CARRIED,NOT CARRIED,,NOT CARRIED,NOT CARRIED,,$55.47,Available,
"Burnbrae Farms Large White Eggs In Cartons, 15 Dozen",https://tb-static.uber.com/prod/image-proc/processed_images/3b7d8bc7fea0faf28081981911318237/b4665c191b34baf3d0e0fa45dfdd3d1d.jpeg,NOT CARRIED,NOT CARRIED,,NOT CARRIED,NOT CARRIED,,NOT CARRIED,NOT CARRIED,,NOT CARRIED,NOT CARRIED,,NOT CARRIED,NOT CARRIED,,NOT CARRIED,NOT CARRIED,,$59.74,Available,
"Burnbrae Farms Medium Loose White Eggs, 15 Dozen",https://tb-static.uber.com/prod/image-proc/processed_images/ecca4161e4fbf0f778c387becc08c063/b4665c191b34baf3d0e0fa45dfdd3d1d.jpeg,NOT CARRIED,NOT CARRIED,,NOT CARRIED,NOT CARRIED,,NOT CARRIED,NOT CARRIED,,NOT CARRIED,NOT CARRIED,,NOT CARRIED,NOT CARRIED,,NOT CARRIED,NOT CARRIED,,$48.00,Available,
"Burnbrae Farms Small White Eggs, Loose, 15 Dozen",https://tb-static.uber.com/prod/image-proc/processed_images/b241240893cf42fec89a1031df2be545/b4665c191b34baf3d0e0fa45dfdd3d1d.jpeg,NOT CARRIED,NOT CARRIED,,NOT CARRIED,NOT CARRIED,,NOT CARRIED,NOT CARRIED,,NOT CARRIED,NOT CARRIED,,NOT CARRIED,NOT CARRIED,,NOT CARRIED,NOT CARRIED,,$46.93,Available,
"CLIF Bar Energy Bars, Crunchy Peanut Butter (10 x 68 g)",https://tb-static.uber.com/prod/image-proc/processed_images/3a5dd216e42d096bc41ace2d5e209cce/b4665c191b34baf3d0e0fa45dfdd3d1d.jpeg,NOT CARRIED,NOT CARRIED,,NOT CARRIED,NOT CARRIED,,NOT CARRIED,NOT CARRIED,,NOT CARRIED,NOT CARRIED,,NOT CARRIED,NOT CARRIED,,NOT CARRIED,NOT CARRIED,,$15.99,Available,
"CLIF Bar Minis Energy Bars, Chocolate Chip-White Chocolate-Crunchy Peanut Butter (840 g, 30 ct)",https://tb-static.uber.com/prod/image-proc/processed_images/90f338497157c628fd529f220586ce80/b4665c191b34baf3d0e0fa45dfdd3d1d.jpeg,$24.53,Available,,$24.53,Available,,$24.53,Available,,$24.53,Available,,$24.53,Available,,$24.53,Available,,NOT CARRIED,NOT CARRIED,
"COOKIE PAL Organic Soft Baked Bites Dog Treats, Peanut Butter & Banana (1 kg)",https://tb-static.uber.com/prod/image-proc/processed_images/bec0b2fcf7b2293e498400e5132e99e2/b4665c191b34baf3d0e0fa45dfdd3d1d.jpeg,$21.32,Available,,$21.32,Available,,NOT CARRIED,NOT CARRIED,,NOT CARRIED,NOT CARRIED,,NOT CARRIED,NOT CARRIED,,NOT CARRIED,NOT CARRIED,,NOT CARRIED,NOT CARRIED,
Caesar Salad,https://tb-static.uber.com/prod/image-proc/processed_images/336aed8d6936ee16f7d02c4d40d9a3e8/b4665c191b34baf3d0e0fa45dfdd3d1d.jpeg,$11.23,Available,,$11.23,Available,,$11.23,Available,,$11.23,Available,,$11.23,Available,,$11.23,Available,,NOT CARRIED,NOT CARRIED,
Cafe Express 32Oz Deli Container 240/Case P16,https://cn-geo1.uber.com/static/mobile-content/eats/placeholder_images/placeholder_image_grocery_300x300.png,NOT CARRIED,NOT CARRIED,,NOT CARRIED,NOT CARRIED,,NOT CARRIED,NOT CARRIED,,NOT CARRIED,NOT CARRIED,,NOT CARRIED,NOT CARRIED,,NOT CARRIED,NOT CARRIED,,$58.67,Available,
"Cafe Express 78Mm Lid, Pack Of 1000",https://tb-static.uber.com/prod/image-proc/processed_images/13690da8ff2f191d4f42cb0bbd749469/b4665c191b34baf3d0e0fa45dfdd3d1d.jpeg,NOT CARRIED,NOT CARRIED,,NOT CARRIED,NOT CARRIED,,NOT CARRIED,NOT CARRIED,,NOT CARRIED,NOT CARRIED,,NOT CARRIED,NOT CARRIED,,NOT CARRIED,NOT CARRIED,,$26.66,Available,
Café Express 38 Oz Plastic Containers and Lids (84 ct),https://tb-static.uber.com/prod/image-proc/processed_images/c768fd8dee6e1195eb3bf507cbe87d10/b4665c191b34baf3d0e0fa45dfdd3d1d.jpeg,$12.79,Available,,$12.79,Available,,$12.79,Available,,$12.79,Available,,$12.79,Available,,$12.79,Available,,NOT CARRIED,NOT CARRIED,
Café Express Clear Round Container With Lids 22 oz (100 ct),https://tb-static.uber.com/prod/image-proc/processed_images/ad33f267943d64dcaad3a24e172d57c6/b4665c191b34baf3d0e0fa45dfdd3d1d.jpeg,NOT CARRIED,NOT CARRIED,,NOT CARRIED,NOT CARRIED,,NOT CARRIED,NOT CARRIED,,NOT CARRIED,NOT CARRIED,,NOT CARRIED,NOT CARRIED,,NOT CARRIED,NOT CARRIED,,$12.79,Available,
"Café Express Lid Kraft Bowl, 111 mm, White (6 x 500 ct)",https://tb-static.uber.com/prod/image-proc/processed_images/06092f24fc91bf2bd94ace8e6c09c5a2/b4665c191b34baf3d0e0fa45dfdd3d1d.jpeg,NOT CARRIED,NOT CARRIED,,NOT CARRIED,NOT CARRIED,,NOT CARRIED,NOT CARRIED,,NOT CARRIED,NOT CARRIED,,NOT CARRIED,NOT CARRIED,,NOT CARRIED,NOT CARRIED,,$15.46,Available,
"Café Express Paper Food Box Size 1, Pack Of 300",https://tb-static.uber.com/prod/image-proc/processed_images/9d539ef804ddb62f592a7047a0b69f86/b4665c191b34baf3d0e0fa45dfdd3d1d.jpeg,NOT CARRIED,NOT CARRIED,,NOT CARRIED,NOT CARRIED,,NOT CARRIED,NOT CARRIED,,NOT CARRIED,NOT CARRIED,,NOT CARRIED,NOT CARRIED,,NOT CARRIED,NOT CARRIED,,$37.33,Available,
"Café Express Paper Food Box Size 8, Pack Of 200",https://tb-static.uber.com/prod/image-proc/processed_images/3a3f13de90734b7c0ea124a1b8e48baa/b4665c191b34baf3d0e0fa45dfdd3d1d.jpeg,NOT CARRIED,NOT CARRIED,,NOT CARRIED,NOT CARRIED,,NOT CARRIED,NOT CARRIED,,NOT CARRIED,NOT CARRIED,,NOT CARRIED,NOT CARRIED,,NOT CARRIED,NOT CARRIED,,$37.33,Available,
"Café Express Ripple Hot Cups, Kraft Brown (150 ct)",https://tb-static.uber.com/prod/image-proc/processed_images/85428fbf7be785c50a9a26c33a360590/b4665c191b34baf3d0e0fa45dfdd3d1d.jpeg,$20.26,Available,,NOT CARRIED,NOT CARRIED,,$20.26,Available,,$20.26,Available,,$20.26,Available,,NOT CARRIED,NOT CARRIED,,$20.26,Available,
Callebaut Finest Belgian Chocolate Callets (2.5 kg),https://tb-static.uber.com/prod/image-proc/processed_images/bfbcb103a6f4b7821b6d26548b96f3f6/b4665c191b34baf3d0e0fa45dfdd3d1d.jpeg,NOT CARRIED,NOT CARRIED,,NOT CARRIED,NOT CARRIED,,NOT CARRIED,NOT CARRIED,,NOT CARRIED,NOT CARRIED,,NOT CARRIED,NOT CARRIED,,NOT CARRIED,NOT CARRIED,,$49.07,Available,
Callebaut Finest Belgian Dark Chocolat Callets (2.5 kg),https://tb-static.uber.com/prod/image-proc/processed_images/89b82daa226eb2d163bd0c562d748fa6/b4665c191b34baf3d0e0fa45dfdd3d1d.jpeg,NOT CARRIED,NOT CARRIED,,NOT CARRIED,NOT CARRIED,,NOT CARRIED,NOT CARRIED,,NOT CARRIED,NOT CARRIED,,NOT CARRIED,NOT CARRIED,,NOT CARRIED,NOT CARRIED,,$53.33,Available,
Caltrate Plus Bone Health Supplement Tablets (176 ct),https://tb-static.uber.com/prod/image-proc/processed_images/9462e89ea4b32eb38e38599fd5bb819b/b4665c191b34baf3d0e0fa45dfdd3d1d.jpeg,NOT CARRIED,NOT CARRIED,,NOT CARRIED,NOT CARRIED,,NOT CARRIED,NOT CARRIED,,$23.46,Available,,NOT CARRIED,NOT CARRIED,,NOT CARRIED,NOT CARRIED,,NOT CARRIED,NOT CARRIED,
Campbell's Simply No Salt Added Chicken Broth (6 x 946 ml),https://tb-static.uber.com/prod/image-proc/processed_images/6cb17cf50007fce5d9298c661c4d2c6b/f9586c36ab7db84d09b777cee8c829b1.jpeg,NOT CARRIED,NOT CARRIED,,NOT CARRIED,NOT CARRIED,,NOT CARRIED,NOT CARRIED,,NOT CARRIED,NOT CARRIED,,NOT CARRIED,NOT CARRIED,,NOT CARRIED,NOT CARRIED,,$12.79,Available,
Canada Dry 100% Natural Ginger Ale Soda (32 x 355 ml),https://tb-static.uber.com/prod/image-proc/processed_images/0a109c73c1a65f74ea991229471388a9/b4665c191b34baf3d0e0fa45dfdd3d1d.jpeg,$18.12,Available,,$18.12,Available,,$18.12,Available,,$18.12,Available,,$18.12,Available,,$18.12,Available,,$18.12,Available,
Canada Dry 100% Natural Ginger Ale Soft Drink (500 ml),https://tb-static.uber.com/prod/image-proc/processed_images/3adcf8f1057cfcae65ca4ff5fef932ab/f9586c36ab7db84d09b777cee8c829b1.jpeg,NOT CARRIED,NOT CARRIED,,NOT CARRIED,NOT CARRIED,,NOT CARRIED,NOT CARRIED,,NOT CARRIED,NOT CARRIED,,NOT CARRIED,NOT CARRIED,,NOT CARRIED,NOT CARRIED,,$36.26,Available,
Canada Dry Club Soda (24 x 355 ml),https://tb-static.uber.com/prod/image-proc/processed_images/c3167d9be385b51cf433e4d77059021c/b4665c191b34baf3d0e0fa45dfdd3d1d.jpeg,NOT CARRIED,NOT CARRIED,,NOT CARRIED,NOT CARRIED,,NOT CARRIED,NOT CARRIED,,NOT CARRIED,NOT CARRIED,,NOT CARRIED,NOT CARRIED,,NOT CARRIED,NOT CARRIED,,$14.92,Available,
Canada Dry Ginger Ale Zero Sugar 355 Ml 32-Pack,https://tb-static.uber.com/prod/image-proc/processed_images/2a749fd8b5c7f8ef4067e8bfe9b49921/b4665c191b34baf3d0e0fa45dfdd3d1d.jpeg,$19.19,Available,,NOT CARRIED,NOT CARRIED,,NOT CARRIED,NOT CARRIED,,$19.19,Available,,$19.19,Available,,$19.19,Available,,$19.19,Available,
"Canada Ungraded Ribeye, 1.2 Kg Average Weight*",https://tb-static.uber.com/prod/image-proc/processed_images/1b0426b8672be5a12408d86fa10ae972/b4665c191b34baf3d0e0fa45dfdd3d1d.jpeg,NOT CARRIED,NOT CARRIED,,NOT CARRIED,NOT CARRIED,,NOT CARRIED,NOT CARRIED,,NOT CARRIED,NOT CARRIED,,NOT CARRIED,NOT CARRIED,,NOT CARRIED,NOT CARRIED,,$56.32,Available,
"Canadian Cove Mussels (2.72 kg, 2 ct)",https://tb-static.uber.com/prod/image-proc/processed_images/d8a41234aa7001d993eed55acf814152/b4665c191b34baf3d0e0fa45dfdd3d1d.jpeg,NOT CARRIED,NOT CARRIED,,NOT CARRIED,NOT CARRIED,,NOT CARRIED,NOT CARRIED,,NOT CARRIED,NOT CARRIED,,$17.06,Available,,NOT CARRIED,NOT CARRIED,,NOT CARRIED,NOT CARRIED,
"Canon Ink Cartridges, Black (3 ct)",https://tb-static.uber.com/prod/image-proc/processed_images/654275f16105d711e474460fc83850ef/f9586c36ab7db84d09b777cee8c829b1.jpeg,NOT CARRIED,NOT CARRIED,,NOT CARRIED,NOT CARRIED,,NOT CARRIED,NOT CARRIED,,NOT CARRIED,NOT CARRIED,,NOT CARRIED,NOT CARRIED,,$106.68,Available,,NOT CARRIED,NOT CARRIED,
Cape Cod Original Kettle Cooked Potato Chips (680 g),https://tb-static.uber.com/prod/image-proc/processed_images/3a163b6ea3f93fd02489f665e3c06108/f9586c36ab7db84d09b777cee8c829b1.jpeg,$8.52,Available,,NOT CARRIED,NOT CARRIED,,$8.52,Available,,$8.52,Available,,$8.52,Available,,$8.52,Available,,NOT CARRIED,NOT CARRIED,
Cappola Dry Cured Ham Prosciutto (2 x 300 g),https://tb-static.uber.com/prod/image-proc/processed_images/6e87e817525404f7d1e91b8a79b0ae33/b4665c191b34baf3d0e0fa45dfdd3d1d.jpeg,$21.32,Available,,$21.32,Available,,$21.32,Available,,$21.32,Available,,$21.32,Available,,$21.32,Available,,$21.32,Available,
"Cappola Dry Salami Genoa Salami, 2×400 G",https://tb-static.uber.com/prod/image-proc/processed_images/44a64568e4457e5d70332b7cc16d1fe2/b4665c191b34baf3d0e0fa45dfdd3d1d.jpeg,$14.92,Available,,NOT CARRIED,NOT CARRIED,,$14.92,Available,,$14.92,Available,,$14.92,Available,,$14.92,Available,,NOT CARRIED,NOT CARRIED,
"Carbonaut Seeded Keto Bread, 2 X 544 G",https://tb-static.uber.com/prod/image-proc/processed_images/fc23bb8276442c99b43044fc3f4e32a3/b4665c191b34baf3d0e0fa45dfdd3d1d.jpeg,$13.32,Available,,$13.32,Available,,$13.32,Available,,$13.32,Available,,$13.32,Available,,$13.32,Available,,$13.32,Available,
"Casablanca Ice Cream Bars, Dubai Chocolate (10 x 70 ml)",https://tb-static.uber.com/prod/image-proc/processed_images/71cc4f8ec504e45d5ca582f1d83e8b8f/b4665c191b34baf3d0e0fa45dfdd3d1d.jpeg,NOT CARRIED,NOT CARRIED,,$19.19,Available,,NOT CARRIED,NOT CARRIED,,$19.19,Available,,NOT CARRIED,NOT CARRIED,,NOT CARRIED,NOT CARRIED,,NOT CARRIED,NOT CARRIED,
"Cascade Actionpacs Power Clean Dishwasher Detergent, Lemon (1.82 kg, 115 ct)",https://tb-static.uber.com/prod/image-proc/processed_images/8423a71a1fe5192e881e303b592e9632/b4665c191b34baf3d0e0fa45dfdd3d1d.jpeg,$26.66,Available,,$26.66,Available,,$26.66,Available,,$26.66,Available,,$26.66,Available,,$26.66,Available,,NOT CARRIED,NOT CARRIED,
Cascade Mountain Ultralight Camp Cot,https://tb-static.uber.com/prod/image-proc/processed_images/c057860f4d5eee6968c62e03851b578d/b4665c191b34baf3d0e0fa45dfdd3d1d.jpeg,NOT CARRIED,NOT CARRIED,,NOT CARRIED,NOT CARRIED,,NOT CARRIED,NOT CARRIED,,NOT CARRIED,NOT CARRIED,,$74.67,Available,,NOT CARRIED,NOT CARRIED,,NOT CARRIED,NOT CARRIED,
"Cascade Platinum Plus Actionpacs, Fresh (81 ct)",https://tb-static.uber.com/prod/image-proc/processed_images/314c4753205f8dd2a176aea416c6bce8/b4665c191b34baf3d0e0fa45dfdd3d1d.jpeg,$31.99,Available,,$31.99,Available,,$31.99,Available,,$31.99,Available,,$31.99,Available,,$31.99,Available,,NOT CARRIED,NOT CARRIED,
"Cascades Enviro Paper Roll Towel, 7.87in x 205ft, Brown (12 ct)",https://tb-static.uber.com/prod/image-proc/processed_images/33668813ffcdc7ae0559bc3ec8c84777/f9586c36ab7db84d09b777cee8c829b1.jpeg,NOT CARRIED,NOT CARRIED,,NOT CARRIED,NOT CARRIED,,NOT CARRIED,NOT CARRIED,,NOT CARRIED,NOT CARRIED,,$15.99,Available,,NOT CARRIED,NOT CARRIED,,$15.99,Available,
Cashmere Premium Bathroom Tissue (40 packs),https://tb-static.uber.com/prod/image-proc/processed_images/e7b3c87b6f3e3694c5b5c37efe7a28e4/b4665c191b34baf3d0e0fa45dfdd3d1d.jpeg,$28.79,Available,19% off,$28.79,Available,19% off,$28.79,Available,19% off,NOT CARRIED,NOT CARRIED,,$28.79,Available,19% off,$28.79,Available,19% off,$28.79,Available,19% off
Castrol Edge 0W20 Motor Oil 4.4 L X 2,https://tb-static.uber.com/prod/image-proc/processed_images/46b286c46bcc7998e59688a2ccdef907/b4665c191b34baf3d0e0fa45dfdd3d1d.jpeg,$64.00,Available,,NOT CARRIED,NOT CARRIED,,NOT CARRIED,NOT CARRIED,,NOT CARRIED,NOT CARRIED,,NOT CARRIED,NOT CARRIED,,NOT CARRIED,NOT CARRIED,,NOT CARRIED,NOT CARRIED,
"Catit Creamy Grain Free Bits Premium Soft Cat Treats Mega Mix, Assorted (24 x 12 g)",https://tb-static.uber.com/prod/image-proc/processed_images/7e3a06e95863bb0502888e4c65ed174e/b4665c191b34baf3d0e0fa45dfdd3d1d.jpeg,$21.32,Available,,$21.32,Available,,$21.32,Available,,$21.32,Available,,NOT CARRIED,NOT CARRIED,,$21.32,Available,,NOT CARRIED,NOT CARRIED,
"Catit Creamy Mega Mix Lickable Cat Treats (1.08 kg, 72 ct)",https://tb-static.uber.com/prod/image-proc/processed_images/cdf3ae0c80c88710cc38dce6981494ac/b4665c191b34baf3d0e0fa45dfdd3d1d.jpeg,$26.66,Available,,$26.66,Available,,$26.66,Available,,$26.66,Available,,$26.66,Available,,$26.66,Available,,NOT CARRIED,NOT CARRIED,
Cavendish Farms Quick Crisp Frozen Fried Crinkle Potato Chips (2 kg),https://tb-static.uber.com/prod/image-proc/processed_images/0180d44b90476499dd68d23bfa9d866e/b4665c191b34baf3d0e0fa45dfdd3d1d.jpeg,NOT CARRIED,NOT CARRIED,,$10.65,Available,15% off,$10.65,Available,15% off,$10.65,Available,15% off,$10.65,Available,15% off,NOT CARRIED,NOT CARRIED,,NOT CARRIED,NOT CARRIED,
"Cedar Valley Pita Chips, Sea Salt (760 g)",https://tb-static.uber.com/prod/image-proc/processed_images/de3363cacdb4d87b397e1cf890cd7213/b4665c191b34baf3d0e0fa45dfdd3d1d.jpeg,$12.79,Available,,NOT CARRIED,NOT CARRIED,,NOT CARRIED,NOT CARRIED,,NOT CARRIED,NOT CARRIED,,$12.79,Available,,NOT CARRIED,NOT CARRIED,,$12.79,Available,
"Celebration Mini Chocolate Chip Cookies, 30 × 26 G",https://tb-static.uber.com/prod/image-proc/processed_images/5f758582735a29127d578adbcd45a05c/b4665c191b34baf3d0e0fa45dfdd3d1d.jpeg,$14.92,Available,,$14.92,Available,,$14.92,Available,,$14.92,Available,,$14.92,Available,,$14.92,Available,,$14.92,Available,
"Central Smith Ice Cream, Chocolate (11.4 L)",https://tb-static.uber.com/prod/image-proc/processed_images/6f3f2e892b6ea0f98ed5357c89dee620/b4665c191b34baf3d0e0fa45dfdd3d1d.jpeg,NOT CARRIED,NOT CARRIED,,NOT CARRIED,NOT CARRIED,,NOT CARRIED,NOT CARRIED,,NOT CARRIED,NOT CARRIED,,NOT CARRIED,NOT CARRIED,,NOT CARRIED,NOT CARRIED,,$28.79,Available,
"Central Smith Ice Cream, Strawberry (11.4 L)",https://tb-static.uber.com/prod/image-proc/processed_images/4e6383a779f7742278d55f4cac5b93a4/b4665c191b34baf3d0e0fa45dfdd3d1d.jpeg,NOT CARRIED,NOT CARRIED,,NOT CARRIED,NOT CARRIED,,NOT CARRIED,NOT CARRIED,,NOT CARRIED,NOT CARRIED,,NOT CARRIED,NOT CARRIED,,NOT CARRIED,NOT CARRIED,,$28.79,Available,
"Central Smith Vanilla Ice Cream, 11.4 L",https://tb-static.uber.com/prod/image-proc/processed_images/a456fdaf3b54baefe4584857bb7bd62f/b4665c191b34baf3d0e0fa45dfdd3d1d.jpeg,NOT CARRIED,NOT CARRIED,,NOT CARRIED,NOT CARRIED,,NOT CARRIED,NOT CARRIED,,NOT CARRIED,NOT CARRIED,,NOT CARRIED,NOT CARRIED,,NOT CARRIED,NOT CARRIED,,$28.79,Available,
"Cepacol Extra Strength Sore Throat Lozenges, Honey-Lemon (2 x 36 ct)",https://tb-static.uber.com/prod/image-proc/processed_images/b464bfc056829e0e0ecf0fab460b9e85/b4665c191b34baf3d0e0fa45dfdd3d1d.jpeg,$13.86,Available,,$13.86,Available,,$13.86,Available,,NOT CARRIED,NOT CARRIED,,$13.86,Available,,NOT CARRIED,NOT CARRIED,,NOT CARRIED,NOT CARRIED,
CeraVe Moisturizing Cream For Normal To Dry Skin (2 x 453 g),https://tb-static.uber.com/prod/image-proc/processed_images/66e809b46b5157d2f49fc4df4592a5d8/b4665c191b34baf3d0e0fa45dfdd3d1d.jpeg,NOT CARRIED,NOT CARRIED,,NOT CARRIED,NOT CARRIED,,NOT CARRIED,NOT CARRIED,,NOT CARRIED,NOT CARRIED,,NOT CARRIED,NOT CARRIED,,NOT CARRIED,NOT CARRIED,,$35.20,Available,
Ceramic Footed Bowl Chocolate Gift Set,https://tb-static.uber.com/prod/image-proc/processed_images/81e5e52ccb750e08a9f678b30d6a06e9/b4665c191b34baf3d0e0fa45dfdd3d1d.jpeg,$53.33,Available,,NOT CARRIED,NOT CARRIED,,NOT CARRIED,NOT CARRIED,,NOT CARRIED,NOT CARRIED,,NOT CARRIED,NOT CARRIED,,NOT CARRIED,NOT CARRIED,,NOT CARRIED,NOT CARRIED,
Cerave Aging Eye Cream,https://tb-static.uber.com/prod/image-proc/processed_images/04bff8d6243afdcf58bbd1c1dd49d204/b4665c191b34baf3d0e0fa45dfdd3d1d.jpeg,$51.20,Available,,$51.20,Available,,$51.20,Available,,NOT CARRIED,NOT CARRIED,,$51.20,Available,,$51.20,Available,,NOT CARRIED,NOT CARRIED,
"Cerave Hydrating Cleanser, 2 X 562 Ml",https://tb-static.uber.com/prod/image-proc/processed_images/1b496ff80e6a96a96a489df6747bf948/b4665c191b34baf3d0e0fa45dfdd3d1d.jpeg,NOT CARRIED,NOT CARRIED,,NOT CARRIED,NOT CARRIED,,NOT CARRIED,NOT CARRIED,,NOT CARRIED,NOT CARRIED,,NOT CARRIED,NOT CARRIED,,$31.99,Available,,NOT CARRIED,NOT CARRIED,
"Cesar Classic Loaf Sauce Wet Dog Food Value pack, Filet Mignon-Chicken & Liver-Turkey-Beef (140 x 3.6 kg)",https://tb-static.uber.com/prod/image-proc/processed_images/31227ab08c9fcde7a1ba6d766b29d97c/f9586c36ab7db84d09b777cee8c829b1.jpeg,$45.87,Available,,$45.87,Available,,$45.87,Available,,$45.87,Available,,$45.87,Available,,$45.87,Available,,NOT CARRIED,NOT CARRIED,
"Champion Men'S Crew Socks, 8-Pack, Black",https://tb-static.uber.com/prod/image-proc/processed_images/bc63550e68e130d42ef861bac1a41b85/b4665c191b34baf3d0e0fa45dfdd3d1d.jpeg,$21.32,Available,,$21.32,Available,,$21.32,Available,,$21.32,Available,,$21.32,Available,,$21.32,Available,,NOT CARRIED,NOT CARRIED,
"Champion Men'S Crew Socks, 8-Pack, White",https://tb-static.uber.com/prod/image-proc/processed_images/cbfe815511a4df33b01a8c9364d8c2c2/b4665c191b34baf3d0e0fa45dfdd3d1d.jpeg,$21.32,Available,,$21.32,Available,,$21.32,Available,,$21.32,Available,,$21.32,Available,,$21.32,Available,,NOT CARRIED,NOT CARRIED,
Chantilly Cake,https://tb-static.uber.com/prod/image-proc/processed_images/f80bf18db3c66e1b9b8d8c2ff744bc5d/b4665c191b34baf3d0e0fa45dfdd3d1d.jpeg,$29.86,Available,,$29.86,Available,,$29.86,Available,,$29.86,Available,,$29.86,Available,,$29.86,Available,,NOT CARRIED,NOT CARRIED,
"Chapman's Special Edition Ice Cream, Vanilla (2 L)",https://tb-static.uber.com/prod/image-proc/processed_images/c76bb47e80b6dd7e7eee77dbf5c6af14/b4665c191b34baf3d0e0fa45dfdd3d1d.jpeg,$7.99,Available,,$7.99,Available,,$7.99,Available,,$7.99,Available,,$7.99,Available,,$7.99,Available,,NOT CARRIED,NOT CARRIED,
"Charmin 2-Ply Ultra Soft Bathroom Tissue Rolls, 11.4x10.1 cm (30 ct)",https://tb-static.uber.com/prod/image-proc/processed_images/d459159b0fc963ea29f1b8c6887c0f6a/b4665c191b34baf3d0e0fa45dfdd3d1d.jpeg,NOT CARRIED,NOT CARRIED,,NOT CARRIED,NOT CARRIED,,NOT CARRIED,NOT CARRIED,,$34.66,Available,,$34.66,Available,,NOT CARRIED,NOT CARRIED,,NOT CARRIED,NOT CARRIED,
"Cheez-It Original Crackers, 40 X 28 G",https://tb-static.uber.com/prod/image-proc/processed_images/f269e9410009944f35faef9315eadb79/b4665c191b34baf3d0e0fa45dfdd3d1d.jpeg,NOT CARRIED,NOT CARRIED,,NOT CARRIED,NOT CARRIED,,NOT CARRIED,NOT CARRIED,,NOT CARRIED,NOT CARRIED,,NOT CARRIED,NOT CARRIED,,NOT CARRIED,NOT CARRIED,,$19.19,Available,
"Chef Nutri Frozen Guacamole, 12 × 454 G",https://tb-static.uber.com/prod/image-proc/processed_images/a139e776eaa27dd2c7f095de7eca7928/b4665c191b34baf3d0e0fa45dfdd3d1d.jpeg,NOT CARRIED,NOT CARRIED,,NOT CARRIED,NOT CARRIED,,NOT CARRIED,NOT CARRIED,,NOT CARRIED,NOT CARRIED,,NOT CARRIED,NOT CARRIED,,NOT CARRIED,NOT CARRIED,,$58.67,Available,
Chef Nutri Mexi Mix Analogue Shred Topping (2 kg),https://tb-static.uber.com/prod/image-proc/processed_images/5758aa021869fdfb2f29be68ef3220cd/b4665c191b34baf3d0e0fa45dfdd3d1d.jpeg,NOT CARRIED,NOT CARRIED,,NOT CARRIED,NOT CARRIED,,NOT CARRIED,NOT CARRIED,,NOT CARRIED,NOT CARRIED,,NOT CARRIED,NOT CARRIED,,NOT CARRIED,NOT CARRIED,,$18.12,Available,
Chef Nutri Pizza Topping Shred (2 kg),https://tb-static.uber.com/prod/image-proc/processed_images/d583349efbf62c96406f7cc9a4ae6a71/b4665c191b34baf3d0e0fa45dfdd3d1d.jpeg,NOT CARRIED,NOT CARRIED,,NOT CARRIED,NOT CARRIED,,NOT CARRIED,NOT CARRIED,,NOT CARRIED,NOT CARRIED,,NOT CARRIED,NOT CARRIED,,NOT CARRIED,NOT CARRIED,,$18.12,Available,
Chefman Crispinator High-Powered 7.5 L (8 Qt.) Air Fryer,https://tb-static.uber.com/prod/image-proc/processed_images/aefe3b183de3e18eccd09bcba822ca65/b4665c191b34baf3d0e0fa45dfdd3d1d.jpeg,NOT CARRIED,NOT CARRIED,,NOT CARRIED,NOT CARRIED,,$160.03,Available,,$160.03,Available,,$160.03,Available,,NOT CARRIED,NOT CARRIED,,NOT CARRIED,NOT CARRIED,
"Cherry Grandfather Original Nougat, Almonds (500 g)",https://tb-static.uber.com/prod/image-proc/processed_images/c69a78ef07043c159886eeccfcd4361f/b4665c191b34baf3d0e0fa45dfdd3d1d.jpeg,NOT CARRIED,NOT CARRIED,,$20.26,Available,,NOT CARRIED,NOT CARRIED,,NOT CARRIED,NOT CARRIED,,NOT CARRIED,NOT CARRIED,,NOT CARRIED,NOT CARRIED,,NOT CARRIED,NOT CARRIED,
"Chewmasters Bites Dog Treats & Chews, Beef Liver, All Life Stages (600 g)",https://tb-static.uber.com/prod/image-proc/processed_images/15d83a4c6b7b37007a4c80756042793e/b4665c191b34baf3d0e0fa45dfdd3d1d.jpeg,$19.19,Available,,$19.19,Available,,$19.19,Available,,$19.19,Available,,$19.19,Available,,$19.19,Available,,NOT CARRIED,NOT CARRIED,
"Chewmasters Chicken Jerky Treat For Dogs, 1 Kg (2.2 Lb.)",https://tb-static.uber.com/prod/image-proc/processed_images/167205ec1d109f8c677e9d6cdc3d52a0/b4665c191b34baf3d0e0fa45dfdd3d1d.jpeg,NOT CARRIED,NOT CARRIED,,$21.32,Available,,NOT CARRIED,NOT CARRIED,,NOT CARRIED,NOT CARRIED,,NOT CARRIED,NOT CARRIED,,NOT CARRIED,NOT CARRIED,,NOT CARRIED,NOT CARRIED,
"Chicken Breast Stuffed With Asparagus, Spinach & Feta",https://tb-static.uber.com/prod/image-proc/processed_images/1a6985db18799d6c9397e222c93374f6/b4665c191b34baf3d0e0fa45dfdd3d1d.jpeg,$21.34,Available,,$21.34,Available,,$21.34,Available,,$21.34,Available,,$21.34,Available,,$21.34,Available,,NOT CARRIED,NOT CARRIED,
Chicken Salad,https://tb-static.uber.com/prod/image-proc/processed_images/53c061891dad6c8df5f34a45d11769b4/b4665c191b34baf3d0e0fa45dfdd3d1d.jpeg,$12.95,Available,,$12.95,Available,,$12.95,Available,,$12.95,Available,,NOT CARRIED,NOT CARRIED,,$12.95,Available,,NOT CARRIED,NOT CARRIED,
"Chicken Tacos, 1.26 Kg",https://tb-static.uber.com/prod/image-proc/processed_images/472da95160cf7761316f33317084be12/b4665c191b34baf3d0e0fa45dfdd3d1d.jpeg,$15.61,Available,,$15.77,Available,,$15.61,Available,,$15.61,Available,,$15.77,Available,,$15.77,Available,,NOT CARRIED,NOT CARRIED,
Chocolate Lover's Cookies Tray,https://tb-static.uber.com/prod/image-proc/processed_images/51fe75556c2f6b73fe39af85ae0db1eb/f9586c36ab7db84d09b777cee8c829b1.jpeg,$12.79,Available,,$12.79,Available,,$12.79,Available,,$12.79,Available,,$12.79,Available,,$12.79,Available,,NOT CARRIED,NOT CARRIED,
"Chocxo Dark Milk Chocolate Cookies Cups, Caramel Coconut (420 g)",https://tb-static.uber.com/prod/image-proc/processed_images/9566f4a8855cebdfc3cb02bce13cb3ff/b4665c191b34baf3d0e0fa45dfdd3d1d.jpeg,NOT CARRIED,NOT CARRIED,,$17.06,Available,,NOT CARRIED,NOT CARRIED,,NOT CARRIED,NOT CARRIED,,$17.06,Available,,NOT CARRIED,NOT CARRIED,,NOT CARRIED,NOT CARRIED,
Cilantro,https://tb-static.uber.com/prod/image-proc/processed_images/fd1d819d94bfcd849e76d8ad9c4cc572/b4665c191b34baf3d0e0fa45dfdd3d1d.jpeg,NOT CARRIED,NOT CARRIED,,NOT CARRIED,NOT CARRIED,,NOT CARRIED,NOT CARRIED,,NOT CARRIED,NOT CARRIED,,NOT CARRIED,NOT CARRIED,,NOT CARRIED,NOT CARRIED,,$5.32,Available,
Cinnabon Cinnamon Bread With Cinanamon Bursts (3 x 450 g),https://tb-static.uber.com/prod/image-proc/processed_images/68e584b67c2deecd88bf254226410bf0/b4665c191b34baf3d0e0fa45dfdd3d1d.jpeg,$10.65,Available,,$10.65,Available,,$10.65,Available,,$10.65,Available,,$10.65,Available,,NOT CARRIED,NOT CARRIED,,NOT CARRIED,NOT CARRIED,
"Cinnaroll Frosted Cinnamon Rolls (1.17 kg, 16 ct)",https://tb-static.uber.com/prod/image-proc/processed_images/2ea533ccfd83d8612ce6d7adf46ee8c9/f9586c36ab7db84d09b777cee8c829b1.jpeg,NOT CARRIED,NOT CARRIED,,NOT CARRIED,NOT CARRIED,,NOT CARRIED,NOT CARRIED,,NOT CARRIED,NOT CARRIED,,NOT CARRIED,NOT CARRIED,,$11.72,Available,,NOT CARRIED,NOT CARRIED,
"Citterio Panini Assorted Sliced Meats (900 g, 2 ct)",https://tb-static.uber.com/prod/image-proc/processed_images/2931c69fd45ceeed120ab7b9f5279537/0e5313be7a8831b8ed60f8dab3c2df10.jpeg,$15.99,Available,,$15.99,Available,,$15.99,Available,,$15.99,Available,,$15.99,Available,,$15.99,Available,,NOT CARRIED,NOT CARRIED,
"Classi-K Antibacterial Liquid Hand Soap, Pink (10 L)",https://tb-static.uber.com/prod/image-proc/processed_images/b4c9d9b39e314c10835a04cf6c36df20/b4665c191b34baf3d0e0fa45dfdd3d1d.jpeg,NOT CARRIED,NOT CARRIED,,NOT CARRIED,NOT CARRIED,,NOT CARRIED,NOT CARRIED,,NOT CARRIED,NOT CARRIED,,NOT CARRIED,NOT CARRIED,,NOT CARRIED,NOT CARRIED,,$14.92,Available,
"Classi-K Dishwashing Liquid, 10 L",https://tb-static.uber.com/prod/image-proc/processed_images/12d9799831d2254f94d53b2d07974247/b4665c191b34baf3d0e0fa45dfdd3d1d.jpeg,NOT CARRIED,NOT CARRIED,,$12.25,Available,,NOT CARRIED,NOT CARRIED,,NOT CARRIED,NOT CARRIED,,NOT CARRIED,NOT CARRIED,,NOT CARRIED,NOT CARRIED,,NOT CARRIED,NOT CARRIED,
Classic Adirondack Chair - Coastal Grey - Light Grey,https://tb-static.uber.com/prod/image-proc/processed_images/b40c6243b758aa0ecb54ca2de5e4ba98/b4665c191b34baf3d0e0fa45dfdd3d1d.jpeg,NOT CARRIED,NOT CARRIED,,NOT CARRIED,NOT CARRIED,,NOT CARRIED,NOT CARRIED,,NOT CARRIED,NOT CARRIED,,NOT CARRIED,NOT CARRIED,,$202.71,Available,,NOT CARRIED,NOT CARRIED,
Clean Naturally Classic Bake & Serve Turkey Breakfast Sausages (1.4 kg),https://tb-static.uber.com/prod/image-proc/processed_images/72904da8395bc96d4e847e0b3d79cd6f/b4665c191b34baf3d0e0fa45dfdd3d1d.jpeg,$19.19,Available,,NOT CARRIED,NOT CARRIED,,NOT CARRIED,NOT CARRIED,,NOT CARRIED,NOT CARRIED,,NOT CARRIED,NOT CARRIED,,NOT CARRIED,NOT CARRIED,,NOT CARRIED,NOT CARRIED,
Clear Coat 3/8 Fries 6 X 2.04 Kg T10H7 P70,https://tb-static.uber.com/prod/image-proc/processed_images/27a05eb499a2124e2a718b4232f61dc0/b4665c191b34baf3d0e0fa45dfdd3d1d.jpeg,NOT CARRIED,NOT CARRIED,,NOT CARRIED,NOT CARRIED,,NOT CARRIED,NOT CARRIED,,NOT CARRIED,NOT CARRIED,,NOT CARRIED,NOT CARRIED,,NOT CARRIED,NOT CARRIED,,$34.13,Available,
Clear Hockey Tape,https://tb-static.uber.com/prod/image-proc/processed_images/1791dba6aa1a06ce77d15d277fbe45d1/b4665c191b34baf3d0e0fa45dfdd3d1d.jpeg,NOT CARRIED,NOT CARRIED,,$15.99,Available,,NOT CARRIED,NOT CARRIED,,NOT CARRIED,NOT CARRIED,,NOT CARRIED,NOT CARRIED,,NOT CARRIED,NOT CARRIED,,NOT CARRIED,NOT CARRIED,
Clementines (2.27 Kg),https://tb-static.uber.com/prod/image-proc/processed_images/c02a7b1988524c55a3c6c6fb6610fbb9/f9586c36ab7db84d09b777cee8c829b1.jpeg,$10.65,Available,,$10.65,Available,,$10.65,Available,,$10.65,Available,,NOT CARRIED,NOT CARRIED,,$10.65,Available,,$10.65,Available,
CleverMade Carry All Tote Bags 64 L (2 ct),https://tb-static.uber.com/prod/image-proc/processed_images/2cd74ca5ea41a8b7e01426d2d46fa807/b4665c191b34baf3d0e0fa45dfdd3d1d.jpeg,$31.99,Available,19% off,$31.99,Available,19% off,$31.99,Available,19% off,$31.99,Available,19% off,$31.99,Available,19% off,$31.99,Available,19% off,NOT CARRIED,NOT CARRIED,
ClumpPro Scoopable Cat Litter (22.7 kg),https://tb-static.uber.com/prod/image-proc/processed_images/db93af0d5fdc75dffcc1c91a1a0e824f/b4665c191b34baf3d0e0fa45dfdd3d1d.jpeg,NOT CARRIED,NOT CARRIED,,NOT CARRIED,NOT CARRIED,,NOT CARRIED,NOT CARRIED,,$15.99,Available,,$15.99,Available,,NOT CARRIED,NOT CARRIED,,NOT CARRIED,NOT CARRIED,
Coca-Cola Classic Soft Drink (32 x 350 mL),https://tb-static.uber.com/prod/image-proc/processed_images/bac70d9c253e633a29d66093983fb42b/b4665c191b34baf3d0e0fa45dfdd3d1d.jpeg,$18.12,Available,,$18.12,Available,,$18.12,Available,,$18.12,Available,,$18.12,Available,,$18.12,Available,,NOT CARRIED,NOT CARRIED,
Coca-Cola Zero Sugar Drink (32 x 355 ml),https://tb-static.uber.com/prod/image-proc/processed_images/e0de107703814bef8f21ccb637c12bc8/b4665c191b34baf3d0e0fa45dfdd3d1d.jpeg,NOT CARRIED,NOT CARRIED,,NOT CARRIED,NOT CARRIED,,$18.12,Available,,NOT CARRIED,NOT CARRIED,,$18.12,Available,,$18.12,Available,,$18.12,Available,
Coke De Mexico 24X355 Ml Coke De Mexico 24X355 Ml,https://tb-static.uber.com/prod/image-proc/processed_images/c0b29b8b07911eb7eb0c235d1396f767/b4665c191b34baf3d0e0fa45dfdd3d1d.jpeg,NOT CARRIED,NOT CARRIED,,NOT CARRIED,NOT CARRIED,,NOT CARRIED,NOT CARRIED,,NOT CARRIED,NOT CARRIED,,NOT CARRIED,NOT CARRIED,,NOT CARRIED,NOT CARRIED,,$42.66,Available,
Colgate Total Active Prevention + Fresh Whitening Toothpaste (5 x 170 ml),https://tb-static.uber.com/prod/image-proc/processed_images/84166e5b66e9c2263afa000c7681a8d1/b4665c191b34baf3d0e0fa45dfdd3d1d.jpeg,NOT CARRIED,NOT CARRIED,,NOT CARRIED,NOT CARRIED,,NOT CARRIED,NOT CARRIED,,NOT CARRIED,NOT CARRIED,,NOT CARRIED,NOT CARRIED,,NOT CARRIED,NOT CARRIED,,$17.06,Available,
"Collective Arts Non-Alcoholic Beer Mix pack, Guava Gose - Hazy Pale Ale (24 x 355 ml)",https://tb-static.uber.com/prod/image-proc/processed_images/ca1ad5c4adff3403ea9af28adf1a0142/b4665c191b34baf3d0e0fa45dfdd3d1d.jpeg,NOT CARRIED,NOT CARRIED,,NOT CARRIED,NOT CARRIED,,NOT CARRIED,NOT CARRIED,,NOT CARRIED,NOT CARRIED,,$37.33,Available,19% off,$37.33,Available,19% off,NOT CARRIED,NOT CARRIED,
"Conestoga Farms Free Run Eggs, M (30 ct)",https://tb-static.uber.com/prod/image-proc/processed_images/3a159dcf44b4c1d02b322c96bdef3405/b4665c191b34baf3d0e0fa45dfdd3d1d.jpeg,NOT CARRIED,NOT CARRIED,,NOT CARRIED,NOT CARRIED,,NOT CARRIED,NOT CARRIED,,NOT CARRIED,NOT CARRIED,,$11.72,Available,,NOT CARRIED,NOT CARRIED,,NOT CARRIED,NOT CARRIED,
Continental Letter Size File Folders (200 ct),https://tb-static.uber.com/prod/image-proc/processed_images/5be270e974cae49a0433530253fd8566/f9586c36ab7db84d09b777cee8c829b1.jpeg,NOT CARRIED,NOT CARRIED,,NOT CARRIED,NOT CARRIED,,NOT CARRIED,NOT CARRIED,,NOT CARRIED,NOT CARRIED,,NOT CARRIED,NOT CARRIED,,NOT CARRIED,NOT CARRIED,,$21.32,Available,
Coors Light Cold Lager Beer (60 x 355 ml),https://tb-static.uber.com/prod/image-proc/processed_images/6bc55779fc8fd1746850e33bd07aeeb0/b4665c191b34baf3d0e0fa45dfdd3d1d.jpeg,$90.68,Available,,$90.68,Available,,$90.68,Available,,$90.68,Available,,$90.68,Available,,$90.68,Available,,$90.68,Available,
Coors Original Golden Lager Beer (48 x 355 ml),https://tb-static.uber.com/prod/image-proc/processed_images/a8cc2c3f1ea47466c756c5fcc79573f0/b4665c191b34baf3d0e0fa45dfdd3d1d.jpeg,NOT CARRIED,NOT CARRIED,,NOT CARRIED,NOT CARRIED,,$80.01,Available,,$80.01,Available,,NOT CARRIED,NOT CARRIED,,NOT CARRIED,NOT CARRIED,,NOT CARRIED,NOT CARRIED,
"Coors Seltzers Variety pack, Orange-Cherry-Grape (24 x 355 ml)",https://tb-static.uber.com/prod/image-proc/processed_images/95ee788ec97a21d99167fb36a3050083/b4665c191b34baf3d0e0fa45dfdd3d1d.jpeg,NOT CARRIED,NOT CARRIED,,$53.33,Available,,NOT CARRIED,NOT CARRIED,,NOT CARRIED,NOT CARRIED,,NOT CARRIED,NOT CARRIED,,NOT CARRIED,NOT CARRIED,,NOT CARRIED,NOT CARRIED,
"Coppenrath Assorted Cookie Tin, 1.6 Kg",https://tb-static.uber.com/prod/image-proc/processed_images/d2688d4e1abad7795603769a7a2ecb96/b4665c191b34baf3d0e0fa45dfdd3d1d.jpeg,NOT CARRIED,NOT CARRIED,,NOT CARRIED,NOT CARRIED,,NOT CARRIED,NOT CARRIED,,NOT CARRIED,NOT CARRIED,,NOT CARRIED,NOT CARRIED,,NOT CARRIED,NOT CARRIED,,$26.66,Available,
Corona Cero Non-Alcoholic Beer 24 × 330 Ml,https://tb-static.uber.com/prod/image-proc/processed_images/4f9558471f504649a2da572c26cba5cf/b4665c191b34baf3d0e0fa45dfdd3d1d.jpeg,NOT CARRIED,NOT CARRIED,,NOT CARRIED,NOT CARRIED,,$35.20,Available,,NOT CARRIED,NOT CARRIED,,$35.20,Available,,$35.20,Available,,NOT CARRIED,NOT CARRIED,
Corona Extra Mexican Lager Beer (28 x 330 ml),https://tb-static.uber.com/prod/image-proc/processed_images/809a9f3a0e900171a6571ce4bb805a7e/b4665c191b34baf3d0e0fa45dfdd3d1d.jpeg,NOT CARRIED,NOT CARRIED,,NOT CARRIED,NOT CARRIED,,NOT CARRIED,NOT CARRIED,,NOT CARRIED,NOT CARRIED,,NOT CARRIED,NOT CARRIED,,NOT CARRIED,NOT CARRIED,,$55.47,Available,
"Cosco Scotchgard Fabric Folding Chair, Light Brown",https://tb-static.uber.com/prod/image-proc/processed_images/05e246777ae2914eee1ee25799c98d3c/b4665c191b34baf3d0e0fa45dfdd3d1d.jpeg,NOT CARRIED,NOT CARRIED,,NOT CARRIED,NOT CARRIED,,NOT CARRIED,NOT CARRIED,,NOT CARRIED,NOT CARRIED,,$26.66,Available,,NOT CARRIED,NOT CARRIED,,NOT CARRIED,NOT CARRIED,
"Cottage Springs Beverage Co. Sparkling Vodka Soda, Tangerine-Blackberry-Wild Cherry-Peach-Lemon Lime (30 x 355 L)",https://tb-static.uber.com/prod/image-proc/processed_images/852337cd02accaf412eecc8077b7f209/b4665c191b34baf3d0e0fa45dfdd3d1d.jpeg,$58.67,Available,,$58.67,Available,,NOT CARRIED,NOT CARRIED,,NOT CARRIED,NOT CARRIED,,$58.67,Available,,NOT CARRIED,NOT CARRIED,,NOT CARRIED,NOT CARRIED,
"Cottage Springs Non-Alcoholic Beverage, 355 Ml 24-Pack",https://tb-static.uber.com/prod/image-proc/processed_images/626501eded422be113be08e58df2aa9c/b4665c191b34baf3d0e0fa45dfdd3d1d.jpeg,NOT CARRIED,NOT CARRIED,,NOT CARRIED,NOT CARRIED,,NOT CARRIED,NOT CARRIED,,NOT CARRIED,NOT CARRIED,,$25.59,Available,,$25.59,Available,,NOT CARRIED,NOT CARRIED,
Cotton Candy Grapes (907 g / 2 Lb),https://tb-static.uber.com/prod/image-proc/processed_images/7c3ec5aa8c3b50a4d336ee6ec6bfa2ab/b4665c191b34baf3d0e0fa45dfdd3d1d.jpeg,$11.72,Available,,$11.72,Available,,$11.72,Available,,$11.72,Available,,$11.72,Available,,$11.72,Available,,NOT CARRIED,NOT CARRIED,
"Cottonelle Fresh Care Flushable Wipes, 7.25x5 in (10 x 56 ct)",https://tb-static.uber.com/prod/image-proc/processed_images/d35452d2eae933ca00a49511118cc693/f9586c36ab7db84d09b777cee8c829b1.jpeg,$24.53,Available,,$24.53,Available,,$24.53,Available,,$24.53,Available,,$24.53,Available,,$24.53,Available,,NOT CARRIED,NOT CARRIED,
Couture Pets 60-In × 70-In Waterproof Pet Blanket & Furniture Protector,https://tb-static.uber.com/prod/image-proc/processed_images/bd9dd6c2260b4bbbd575f9f2ec551c98/b4665c191b34baf3d0e0fa45dfdd3d1d.jpeg,$26.66,Available,,NOT CARRIED,NOT CARRIED,,$26.66,Available,,NOT CARRIED,NOT CARRIED,,$26.66,Available,,$26.66,Available,,NOT CARRIED,NOT CARRIED,
"Cove Drinks Soda Summer Variety, 24 × 355 Ml",https://tb-static.uber.com/prod/image-proc/processed_images/3c4563de07ef80d106474183d8bf6cf6/b4665c191b34baf3d0e0fa45dfdd3d1d.jpeg,NOT CARRIED,NOT CARRIED,,NOT CARRIED,NOT CARRIED,,NOT CARRIED,NOT CARRIED,,NOT CARRIED,NOT CARRIED,,$31.99,Available,,$31.99,Available,,NOT CARRIED,NOT CARRIED,
"Cove Soda Zero Sugar Beverage Variety Pack, 355 Ml 24-Pack",https://tb-static.uber.com/prod/image-proc/processed_images/7f44067b3c9c13ece7fdfa1966ab5c8b/b4665c191b34baf3d0e0fa45dfdd3d1d.jpeg,$31.99,Available,,$31.99,Available,,$31.99,Available,,$31.99,Available,,$31.99,Available,,$31.99,Available,,$31.99,Available,
Creative Baker All Purpose Flour (10 kg),https://tb-static.uber.com/prod/image-proc/processed_images/899ea3aabd44a06dc320b2f8b7e17564/f9586c36ab7db84d09b777cee8c829b1.jpeg,NOT CARRIED,NOT CARRIED,,NOT CARRIED,NOT CARRIED,,NOT CARRIED,NOT CARRIED,,$10.61,Available,,NOT CARRIED,NOT CARRIED,,NOT CARRIED,NOT CARRIED,,NOT CARRIED,NOT CARRIED,
Creemore Springs Premium Lager Beer (24 x 355 ml),https://tb-static.uber.com/prod/image-proc/processed_images/3882987a98425949313f39cf5ef2125e/2ecda260bcb4a75235533df4a61ef085.jpeg,NOT CARRIED,NOT CARRIED,,NOT CARRIED,NOT CARRIED,,NOT CARRIED,NOT CARRIED,,NOT CARRIED,NOT CARRIED,,NOT CARRIED,NOT CARRIED,,$50.13,Available,,NOT CARRIED,NOT CARRIED,
"Crest 3D White Advanced 4 in 1 Teeth Whitening Toothpaste, Arctic Fresh (5 x 135 ml)",https://tb-static.uber.com/prod/image-proc/processed_images/917c84900f3d16b5eb1a2a8f2e007cb7/b4665c191b34baf3d0e0fa45dfdd3d1d.jpeg,NOT CARRIED,NOT CARRIED,,NOT CARRIED,NOT CARRIED,,$20.26,Available,,NOT CARRIED,NOT CARRIED,,NOT CARRIED,NOT CARRIED,,NOT CARRIED,NOT CARRIED,,NOT CARRIED,NOT CARRIED,
"Crispy Just Baked Biscotti Bitez, 600G",https://tb-static.uber.com/prod/image-proc/processed_images/bdd5abbb5425bdd728eccbdab1ada789/b4665c191b34baf3d0e0fa45dfdd3d1d.jpeg,NOT CARRIED,NOT CARRIED,,NOT CARRIED,NOT CARRIED,,NOT CARRIED,NOT CARRIED,,$10.65,Available,,NOT CARRIED,NOT CARRIED,,NOT CARRIED,NOT CARRIED,,NOT CARRIED,NOT CARRIED,
"Crownhill 12 In × 12 In × 12 In Corrugated Shipping Boxes, Pack Of 10",https://tb-static.uber.com/prod/image-proc/processed_images/02f2c2966c77a7a5bff169aa4eed0cee/b4665c191b34baf3d0e0fa45dfdd3d1d.jpeg,NOT CARRIED,NOT CARRIED,,NOT CARRIED,NOT CARRIED,,NOT CARRIED,NOT CARRIED,,NOT CARRIED,NOT CARRIED,,NOT CARRIED,NOT CARRIED,,NOT CARRIED,NOT CARRIED,,$13.86,Available,
Crush Rainbow Variety pack Soft Drinks (32 x 355 ml),https://tb-static.uber.com/prod/image-proc/processed_images/455409cd31f4a238bb9afdd72cdf7d01/b4665c191b34baf3d0e0fa45dfdd3d1d.jpeg,$16.95,Available,,NOT CARRIED,NOT CARRIED,,$16.95,Available,,$16.95,Available,,$16.95,Available,,$16.95,Available,,NOT CARRIED,NOT CARRIED,
Cuddy Classic Montreal Style Smoked Turkey Breast Roast,https://tb-static.uber.com/prod/image-proc/processed_images/1ba7788d0f1f6c307c3b5d85d9d26979/b4665c191b34baf3d0e0fa45dfdd3d1d.jpeg,NOT CARRIED,NOT CARRIED,,NOT CARRIED,NOT CARRIED,,NOT CARRIED,NOT CARRIED,,NOT CARRIED,NOT CARRIED,,NOT CARRIED,NOT CARRIED,,NOT CARRIED,NOT CARRIED,,$67.04,Available,
"Cuisinart 5.2 L (5.5 Qt.) Precision Master Elite Digital Stand Mixer With Bonus Bowl, Inline Sku -",https://tb-static.uber.com/prod/image-proc/processed_images/f5bcca6d87b55cd8d16e43b0769cc409/b4665c191b34baf3d0e0fa45dfdd3d1d.jpeg,$316.99,Available,,$316.99,Available,,NOT CARRIED,NOT CARRIED,,$316.99,Available,,NOT CARRIED,NOT CARRIED,,$316.99,Available,,NOT CARRIED,NOT CARRIED,
"Cuisinart Fastfreeze 5-In-1 Frozen Dessert Maker, Includes 4 Mixing Cups With Lids",https://tb-static.uber.com/prod/image-proc/processed_images/b46db395d81413040dcb34e0fb346dd2/b4665c191b34baf3d0e0fa45dfdd3d1d.jpeg,$96.01,Available,,$96.01,Available,,NOT CARRIED,NOT CARRIED,,NOT CARRIED,NOT CARRIED,,$96.01,Available,,$96.01,Available,,NOT CARRIED,NOT CARRIED,
"Cutwater Hosting Cocktail Alcoholic Beverage Variety pack, Assorted (24 x 355 ml)",https://tb-static.uber.com/prod/image-proc/processed_images/5e2533feb26f0423a0e35ea65a828f07/b4665c191b34baf3d0e0fa45dfdd3d1d.jpeg,$68.27,Available,7% off,NOT CARRIED,NOT CARRIED,,NOT CARRIED,NOT CARRIED,,NOT CARRIED,NOT CARRIED,,NOT CARRIED,NOT CARRIED,,NOT CARRIED,NOT CARRIED,,NOT CARRIED,NOT CARRIED,
DOM Reserve Pre-Sliced Sashimi Salmon (525 g),https://tb-static.uber.com/prod/image-proc/processed_images/750397b5df7d496a6ba8e9e557c19ef5/b4665c191b34baf3d0e0fa45dfdd3d1d.jpeg,$29.86,Available,,$29.86,Available,,NOT CARRIED,NOT CARRIED,,NOT CARRIED,NOT CARRIED,,$29.86,Available,,$29.86,Available,,NOT CARRIED,NOT CARRIED,
"Dad'S Classic Oatmeal Cookies, 54 × 38 G",https://tb-static.uber.com/prod/image-proc/processed_images/f8d62b3cb7933ea86525543113357c95/b4665c191b34baf3d0e0fa45dfdd3d1d.jpeg,$17.06,Available,,$17.06,Available,,$17.06,Available,,$17.06,Available,,$17.06,Available,,$17.06,Available,,$17.06,Available,
Dandy Celery Sticks (1.13 Kg / 2.5 Lb),https://tb-static.uber.com/prod/image-proc/processed_images/00eca2e4121a82820988cbd08068e879/b4665c191b34baf3d0e0fa45dfdd3d1d.jpeg,NOT CARRIED,NOT CARRIED,,NOT CARRIED,NOT CARRIED,,NOT CARRIED,NOT CARRIED,,NOT CARRIED,NOT CARRIED,,NOT CARRIED,NOT CARRIED,,NOT CARRIED,NOT CARRIED,,$6.92,Available,
"Danone Oikos 2% Vanilla Greek Yogurt, 2 × 850 G",https://tb-static.uber.com/prod/image-proc/processed_images/4eba13011926d3c068cbb025cca534e8/b4665c191b34baf3d0e0fa45dfdd3d1d.jpeg,$13.86,Available,,$13.86,Available,,$13.86,Available,,$13.86,Available,,$13.86,Available,,$13.86,Available,,NOT CARRIED,NOT CARRIED,
"Dawn Platinum Advanced Power Dishwashing Liquid, Fresh Scent (2.66 L)",https://tb-static.uber.com/prod/image-proc/processed_images/cf59767fc1aef974a561950b9d6d88d4/f9586c36ab7db84d09b777cee8c829b1.jpeg,$15.99,Available,,$15.99,Available,,$15.99,Available,,$15.99,Available,,$15.99,Available,,$15.99,Available,,$15.99,Available,
Dawn Platinum Plus Powerwash Dish Spray With 2 Refills,https://tb-static.uber.com/prod/image-proc/processed_images/ed75329892812a62c10094eb248508a1/b4665c191b34baf3d0e0fa45dfdd3d1d.jpeg,$17.59,Available,,$17.59,Available,,NOT CARRIED,NOT CARRIED,,$17.59,Available,,$17.59,Available,,NOT CARRIED,NOT CARRIED,,NOT CARRIED,NOT CARRIED,
Ddrops Vitamin D Baby Liquid 400 Iu (3.3 ml),https://tb-static.uber.com/prod/image-proc/processed_images/918e02f19c3e0734eb357dfd50b43707/f9586c36ab7db84d09b777cee8c829b1.jpeg,$15.99,Available,,$15.99,Available,,$15.99,Available,,NOT CARRIED,NOT CARRIED,,$15.99,Available,,$15.99,Available,,NOT CARRIED,NOT CARRIED,
Decacer Pure Maple Syrup (540 ml),https://tb-static.uber.com/prod/image-proc/processed_images/6d177a1a51e07824494f256ae33d6bdf/2ecda260bcb4a75235533df4a61ef085.jpeg,NOT CARRIED,NOT CARRIED,,NOT CARRIED,NOT CARRIED,,NOT CARRIED,NOT CARRIED,,NOT CARRIED,NOT CARRIED,,NOT CARRIED,NOT CARRIED,,NOT CARRIED,NOT CARRIED,,$8.52,Available,
"Del Monte Morning Sunshine 100% Juice, Orange (6 x 960 ml)",https://tb-static.uber.com/prod/image-proc/processed_images/73307eed81b9e464085d921cd439b7c8/b4665c191b34baf3d0e0fa45dfdd3d1d.jpeg,$11.72,Available,,NOT CARRIED,NOT CARRIED,,NOT CARRIED,NOT CARRIED,,NOT CARRIED,NOT CARRIED,,NOT CARRIED,NOT CARRIED,,NOT CARRIED,NOT CARRIED,,NOT CARRIED,NOT CARRIED,
Delon Isopropyl Alcohol (2 x 1 L),https://tb-static.uber.com/prod/image-proc/processed_images/e42ab7d188198c97b8371d8e3dabd962/b4665c191b34baf3d0e0fa45dfdd3d1d.jpeg,$13.86,Available,,$13.86,Available,,$13.86,Available,,NOT CARRIED,NOT CARRIED,,$13.86,Available,,$13.86,Available,,NOT CARRIED,NOT CARRIED,
Delon Premium Cosmetic Cotton Rounds (8 ct),https://tb-static.uber.com/prod/image-proc/processed_images/2b2f826e0e9fcaf7931cb68c1f5aed78/f9586c36ab7db84d09b777cee8c829b1.jpeg,$20.26,Available,,$20.26,Available,,$20.26,Available,,$20.26,Available,,$20.26,Available,,$20.26,Available,,NOT CARRIED,NOT CARRIED,
Delstar All Beef Salami 1.5Kg Average Weight*,https://tb-static.uber.com/prod/image-proc/processed_images/2e1efca0ce32fda0de61a5707a53512c/b4665c191b34baf3d0e0fa45dfdd3d1d.jpeg,NOT CARRIED,NOT CARRIED,,NOT CARRIED,NOT CARRIED,,NOT CARRIED,NOT CARRIED,,NOT CARRIED,NOT CARRIED,,NOT CARRIED,NOT CARRIED,,NOT CARRIED,NOT CARRIED,,$15.97,Available,
"Dempster'S Signature Classic Burger Buns, 12 Count",https://tb-static.uber.com/prod/image-proc/processed_images/09863ed9738b7b6753fbb9b735f3f248/b4665c191b34baf3d0e0fa45dfdd3d1d.jpeg,NOT CARRIED,NOT CARRIED,,NOT CARRIED,NOT CARRIED,,NOT CARRIED,NOT CARRIED,,NOT CARRIED,NOT CARRIED,,$8.41,Available,,NOT CARRIED,NOT CARRIED,,$8.41,Available,
"Dempster'S Signature Classic Sausage Buns, 12 Count",https://tb-static.uber.com/prod/image-proc/processed_images/19a94cdda3e2752c3f6b8e422d860170/b4665c191b34baf3d0e0fa45dfdd3d1d.jpeg,NOT CARRIED,NOT CARRIED,,NOT CARRIED,NOT CARRIED,,NOT CARRIED,NOT CARRIED,,NOT CARRIED,NOT CARRIED,,NOT CARRIED,NOT CARRIED,,NOT CARRIED,NOT CARRIED,,$9.05,Available,
"Dempster'S White Bread, 3 X 675 G",https://tb-static.uber.com/prod/image-proc/processed_images/63d6cf8a504069ea575707d840b83423/b4665c191b34baf3d0e0fa45dfdd3d1d.jpeg,$7.45,Available,,$7.45,Available,,$7.45,Available,,$7.45,Available,,$7.45,Available,,$7.45,Available,,$7.45,Available,
Dempster's 100% Whole Grains 12 Grain Bread (3 x 620 g),https://tb-static.uber.com/prod/image-proc/processed_images/cd58974afbceaccc10f9032c0589ffa7/b4665c191b34baf3d0e0fa45dfdd3d1d.jpeg,$8.31,Available,,NOT CARRIED,NOT CARRIED,,NOT CARRIED,NOT CARRIED,,NOT CARRIED,NOT CARRIED,,NOT CARRIED,NOT CARRIED,,NOT CARRIED,NOT CARRIED,,$8.31,Available,
"Dempster's 100% Whole Wheat Sandwich Bread (675 g, 3 ct)",https://tb-static.uber.com/prod/image-proc/processed_images/8ebb82ffe9de06ae6e71d89e30d6e338/b4665c191b34baf3d0e0fa45dfdd3d1d.jpeg,$7.45,Available,,$7.45,Available,,$7.45,Available,,$7.45,Available,,$7.45,Available,,$7.45,Available,,$7.45,Available,
"Dempster's Ancient Grains Tortillas, 10 in (488 g, 8 ct)",https://tb-static.uber.com/prod/image-proc/processed_images/194d06e42ae9e8fc28acdc4b334e75b8/f9586c36ab7db84d09b777cee8c829b1.jpeg,$6.39,Available,,$6.39,Available,,NOT CARRIED,NOT CARRIED,,$6.39,Available,,$6.39,Available,,$6.39,Available,,NOT CARRIED,NOT CARRIED,
Dempster's Original Bagels (6 ct),https://tb-static.uber.com/prod/image-proc/processed_images/170fe3b4454fc74b60a10f7fcd3ceb8f/b4665c191b34baf3d0e0fa45dfdd3d1d.jpeg,NOT CARRIED,NOT CARRIED,,NOT CARRIED,NOT CARRIED,,NOT CARRIED,NOT CARRIED,,NOT CARRIED,NOT CARRIED,,NOT CARRIED,NOT CARRIED,,NOT CARRIED,NOT CARRIED,,$6.39,Available,
Dempster's Original Tortilla (1.1 kg),https://tb-static.uber.com/prod/image-proc/processed_images/4e3e897f114736c2c3859d45901779b8/f9586c36ab7db84d09b777cee8c829b1.jpeg,NOT CARRIED,NOT CARRIED,,NOT CARRIED,NOT CARRIED,,NOT CARRIED,NOT CARRIED,,$6.39,Available,,NOT CARRIED,NOT CARRIED,,NOT CARRIED,NOT CARRIED,,NOT CARRIED,NOT CARRIED,
Dempster's Whole Wheat Bagels (2 x 6 ct),https://tb-static.uber.com/prod/image-proc/processed_images/25fda2ca9c75e1104afcd5fe9d3033ff/b4665c191b34baf3d0e0fa45dfdd3d1d.jpeg,NOT CARRIED,NOT CARRIED,,NOT CARRIED,NOT CARRIED,,NOT CARRIED,NOT CARRIED,,NOT CARRIED,NOT CARRIED,,NOT CARRIED,NOT CARRIED,,NOT CARRIED,NOT CARRIED,,$6.39,Available,
"Dempster’S 100% Whole Wheat Texas Toast, 3 × 675 G",https://tb-static.uber.com/prod/image-proc/processed_images/1c049e0e537a0ba14c780ecf45505957/b4665c191b34baf3d0e0fa45dfdd3d1d.jpeg,NOT CARRIED,NOT CARRIED,,NOT CARRIED,NOT CARRIED,,NOT CARRIED,NOT CARRIED,,NOT CARRIED,NOT CARRIED,,NOT CARRIED,NOT CARRIED,,NOT CARRIED,NOT CARRIED,,$7.35,Available,
Dempster’s Everything Bagels (2 x 450 g),https://tb-static.uber.com/prod/image-proc/processed_images/71a1428fd2dba5297d71f7751e621ea3/b4665c191b34baf3d0e0fa45dfdd3d1d.jpeg,NOT CARRIED,NOT CARRIED,,NOT CARRIED,NOT CARRIED,,NOT CARRIED,NOT CARRIED,,NOT CARRIED,NOT CARRIED,,NOT CARRIED,NOT CARRIED,,NOT CARRIED,NOT CARRIED,,$6.39,Available,
"Dermafix Collagen Masks, 8 Masks",https://tb-static.uber.com/prod/image-proc/processed_images/903f78c0eec0df70f99ca0c0b3cadcf3/b4665c191b34baf3d0e0fa45dfdd3d1d.jpeg,$37.33,Available,,$37.33,Available,,NOT CARRIED,NOT CARRIED,,NOT CARRIED,NOT CARRIED,,$37.33,Available,,$37.33,Available,,NOT CARRIED,NOT CARRIED,
Dessert Italiano Tiramisu Dessert Bars (6 x 85 g),https://tb-static.uber.com/prod/image-proc/processed_images/0b4aefec5f966ace4abc50f00280a1a3/f9586c36ab7db84d09b777cee8c829b1.jpeg,$13.86,Available,,$13.86,Available,,$13.86,Available,,$13.86,Available,,$13.86,Available,,$13.86,Available,,NOT CARRIED,NOT CARRIED,
Diamond Harvest Raw Shrimp (2 x 500 g),https://tb-static.uber.com/prod/image-proc/processed_images/bb2d6a1cca37a02b555f3d460f3fe674/f9586c36ab7db84d09b777cee8c829b1.jpeg,$20.26,Available,,$20.26,Available,,$20.26,Available,,$20.26,Available,,$20.26,Available,,$20.26,Available,,NOT CARRIED,NOT CARRIED,
Diamond Harvest Raw Shrimp (4 x 455 g),https://tb-static.uber.com/prod/image-proc/processed_images/7a0223267416692577c14d84acca8a30/b4665c191b34baf3d0e0fa45dfdd3d1d.jpeg,$29.86,Available,,$29.86,Available,,$29.86,Available,,$29.86,Available,,$29.86,Available,,$29.86,Available,,NOT CARRIED,NOT CARRIED,
"Diaper Genie Unscented Round Refill Recharges, 22.5 ft (4 x 300 ct)",https://tb-static.uber.com/prod/image-proc/processed_images/a04087779c257fe40580aa73214f59c5/b4665c191b34baf3d0e0fa45dfdd3d1d.jpeg,$27.73,Available,23% off,$27.73,Available,23% off,$27.73,Available,23% off,$27.73,Available,23% off,$27.73,Available,23% off,$27.73,Available,23% off,NOT CARRIED,NOT CARRIED,
Diet Coke No Sugar Calorie Free Cola Soft Drink (500 ml),https://tb-static.uber.com/prod/image-proc/processed_images/d482f2a25fa7f3368d7da3a8776b48be/b4665c191b34baf3d0e0fa45dfdd3d1d.jpeg,NOT CARRIED,NOT CARRIED,,NOT CARRIED,NOT CARRIED,,NOT CARRIED,NOT CARRIED,,NOT CARRIED,NOT CARRIED,,NOT CARRIED,NOT CARRIED,,NOT CARRIED,NOT CARRIED,,$36.26,Available,
Diet Coke No Sugar Soda (32 x 355 ml),https://tb-static.uber.com/prod/image-proc/processed_images/15edf3b84069b26d9105030fa71032c8/b4665c191b34baf3d0e0fa45dfdd3d1d.jpeg,$18.12,Available,,$18.12,Available,,$18.12,Available,,$18.12,Available,,$18.12,Available,,$18.12,Available,,NOT CARRIED,NOT CARRIED,
Dji Osmo Pocket 3 Action Camera Bundle,https://tb-static.uber.com/prod/image-proc/processed_images/6eb6b64b115aec5ef15a6b9cd3abb177/b4665c191b34baf3d0e0fa45dfdd3d1d.jpeg,NOT CARRIED,NOT CARRIED,,NOT CARRIED,NOT CARRIED,,NOT CARRIED,NOT CARRIED,,NOT CARRIED,NOT CARRIED,,$606.99,Available,,NOT CARRIED,NOT CARRIED,,NOT CARRIED,NOT CARRIED,
Do Not Use Inline Sku,https://tb-static.uber.com/prod/image-proc/processed_images/066d6b434a48b8f66694b74eec8913b7/b4665c191b34baf3d0e0fa45dfdd3d1d.jpeg,$516.99,Available,19% off,$516.99,Available,19% off,$516.99,Available,19% off,$516.99,Available,19% off,$516.99,Available,19% off,$516.99,Available,19% off,$516.99,Available,19% off
Dog Delights Chewy Chicken Stick Treats (1.25 kg),https://tb-static.uber.com/prod/image-proc/processed_images/69430073faf393435e528b4bdba48e19/b4665c191b34baf3d0e0fa45dfdd3d1d.jpeg,$19.19,Available,,$19.19,Available,,$19.19,Available,,$19.19,Available,,$19.19,Available,,$19.19,Available,,NOT CARRIED,NOT CARRIED,
Dog Delights Lamb Chewy Sticks Dog Treats (1.25 kg),https://tb-static.uber.com/prod/image-proc/processed_images/019245ee4f41c901c5415dd32e928340/b4665c191b34baf3d0e0fa45dfdd3d1d.jpeg,$21.32,Available,,NOT CARRIED,NOT CARRIED,,NOT CARRIED,NOT CARRIED,,$21.32,Available,,NOT CARRIED,NOT CARRIED,,$21.32,Available,,NOT CARRIED,NOT CARRIED,
"Dog Delights Tendersticks Treats For Dogs, Beef (600 g)",https://tb-static.uber.com/prod/image-proc/processed_images/c49db39eeae5cc4cbbecee14ecb19660/b4665c191b34baf3d0e0fa45dfdd3d1d.jpeg,$18.12,Available,,$18.12,Available,,$18.12,Available,,$18.12,Available,,$18.12,Available,,$18.12,Available,,NOT CARRIED,NOT CARRIED,
Dole Tropical Fruit Salad (2.84 L),https://tb-static.uber.com/prod/image-proc/processed_images/ba3b5064294c9386d37ef1136034f4ba/f9586c36ab7db84d09b777cee8c829b1.jpeg,NOT CARRIED,NOT CARRIED,,NOT CARRIED,NOT CARRIED,,NOT CARRIED,NOT CARRIED,,NOT CARRIED,NOT CARRIED,,NOT CARRIED,NOT CARRIED,,NOT CARRIED,NOT CARRIED,,$9.59,Available,
Dom Reserve Gluten Free Chipotle Canadian Steelhead Salmon (1.1 kg),https://tb-static.uber.com/prod/image-proc/processed_images/eb8f29604fad4b4d47e0ad18b1dc8137/b4665c191b34baf3d0e0fa45dfdd3d1d.jpeg,NOT CARRIED,NOT CARRIED,,NOT CARRIED,NOT CARRIED,,$25.59,Available,,NOT CARRIED,NOT CARRIED,,NOT CARRIED,NOT CARRIED,,NOT CARRIED,NOT CARRIED,,NOT CARRIED,NOT CARRIED,
"Dom Reserve Smoked Atlantic Salmon (750 g, 10 ct)",https://tb-static.uber.com/prod/image-proc/processed_images/d728010ecb89a43329fc5365e8bb1e6b/b4665c191b34baf3d0e0fa45dfdd3d1d.jpeg,$36.26,Available,,NOT CARRIED,NOT CARRIED,,NOT CARRIED,NOT CARRIED,,NOT CARRIED,NOT CARRIED,,NOT CARRIED,NOT CARRIED,,NOT CARRIED,NOT CARRIED,,NOT CARRIED,NOT CARRIED,
"Dorfin – Kraft Paper Shopping Bags, Pack Of 250",https://tb-static.uber.com/prod/image-proc/processed_images/88babb943ae720fd2ff7534fbad3b6d3/b4665c191b34baf3d0e0fa45dfdd3d1d.jpeg,NOT CARRIED,NOT CARRIED,,NOT CARRIED,NOT CARRIED,,NOT CARRIED,NOT CARRIED,,NOT CARRIED,NOT CARRIED,,NOT CARRIED,NOT CARRIED,,NOT CARRIED,NOT CARRIED,,$31.99,Available,
Dose Ginger and Turmeric Juice (12 x 60 ml),https://tb-static.uber.com/prod/image-proc/processed_images/8bd9334d57e41ece3c3dcd82216084af/b4665c191b34baf3d0e0fa45dfdd3d1d.jpeg,$28.79,Available,,$28.79,Available,,$28.79,Available,,$28.79,Available,,$28.79,Available,,$28.79,Available,,NOT CARRIED,NOT CARRIED,
"Double Dutch Stroopwafel Cookies, 1.32 Kg",https://tb-static.uber.com/prod/image-proc/processed_images/9a2394e2c85b4b16a6a7a53d9657e15d/b4665c191b34baf3d0e0fa45dfdd3d1d.jpeg,NOT CARRIED,NOT CARRIED,,$13.86,Available,,$13.86,Available,,NOT CARRIED,NOT CARRIED,,$13.86,Available,,NOT CARRIED,NOT CARRIED,,NOT CARRIED,NOT CARRIED,
"Dove Men+Care Body And Face Wash, 2 X 887 Ml",https://tb-static.uber.com/prod/image-proc/processed_images/4234f92522eb817cf4aa6291e3187678/b4665c191b34baf3d0e0fa45dfdd3d1d.jpeg,$15.99,Available,,$15.99,Available,,NOT CARRIED,NOT CARRIED,,$15.99,Available,,$15.99,Available,,$15.99,Available,,NOT CARRIED,NOT CARRIED,
Dove Sensitive Skin Soap Bars (16 x 106 g),https://tb-static.uber.com/prod/image-proc/processed_images/2806ad13c3ec0432c622be6bc4344cb8/b4665c191b34baf3d0e0fa45dfdd3d1d.jpeg,NOT CARRIED,NOT CARRIED,,NOT CARRIED,NOT CARRIED,,NOT CARRIED,NOT CARRIED,,NOT CARRIED,NOT CARRIED,,NOT CARRIED,NOT CARRIED,,NOT CARRIED,NOT CARRIED,,$21.32,Available,
"Downy 2-In-1 Soft + Fresh Fabric Softener Seaside Spa, 910 G",https://tb-static.uber.com/prod/image-proc/processed_images/29327021c1b646170f0b4eecb70ae9ab/b4665c191b34baf3d0e0fa45dfdd3d1d.jpeg,$20.26,Available,,$20.26,Available,,$20.26,Available,,$20.26,Available,,$20.26,Available,,$20.26,Available,,NOT CARRIED,NOT CARRIED,
"Downy Soft Doux 2 in 1 Liquid Fabric Softener, April Fresh (4.35 L)",https://tb-static.uber.com/prod/image-proc/processed_images/bcedb155e80e8bd3a03e26037791df0b/f9586c36ab7db84d09b777cee8c829b1.jpeg,$20.26,Available,20% off,$20.26,Available,20% off,$20.26,Available,20% off,$20.26,Available,20% off,$20.26,Available,20% off,$20.26,Available,20% off,$20.26,Available,20% off
"Downy Unstopables Fresh In-Wash Scent Booster Beads, 1.13 Kg",https://tb-static.uber.com/prod/image-proc/processed_images/d67f962d390033ad6ec9e05e1816bd7c/b4665c191b34baf3d0e0fa45dfdd3d1d.jpeg,$26.66,Available,,$26.66,Available,,$26.66,Available,,$26.66,Available,,$26.66,Available,,$26.66,Available,,NOT CARRIED,NOT CARRIED,
"Downy Unstopables Ocean Mist In-Wash Scent Booster Beads, 1.13 Kg",https://tb-static.uber.com/prod/image-proc/processed_images/2210bc6cc975cb8d5b0ec121a27666e6/b4665c191b34baf3d0e0fa45dfdd3d1d.jpeg,$26.66,Available,19% off,$26.66,Available,19% off,$26.66,Available,19% off,$26.66,Available,19% off,$26.66,Available,19% off,$26.66,Available,19% off,NOT CARRIED,NOT CARRIED,
"Dr. Ceuracle Vegan Kombucha Tea Gel, 2 X 75G",https://tb-static.uber.com/prod/image-proc/processed_images/45e030fa7ec640887b3ea1508e8016c4/b4665c191b34baf3d0e0fa45dfdd3d1d.jpeg,$42.66,Available,,$42.66,Available,,NOT CARRIED,NOT CARRIED,,NOT CARRIED,NOT CARRIED,,$42.66,Available,,$42.66,Available,,NOT CARRIED,NOT CARRIED,
Drano Ultra Max Gel For Clog Remover and Cleaner (3.8 L),https://tb-static.uber.com/prod/image-proc/processed_images/fc4601b536fb0652647de7c0649e33ad/f9586c36ab7db84d09b777cee8c829b1.jpeg,$13.86,Available,,$13.86,Available,,$13.86,Available,,$13.86,Available,,$13.86,Available,,$13.86,Available,,NOT CARRIED,NOT CARRIED,
Driscoll's Organic Blueberries (510 g),https://tb-static.uber.com/prod/image-proc/processed_images/b72fd898c30df7b95f9f709b3a5b056a/0e5313be7a8831b8ed60f8dab3c2df10.jpeg,NOT CARRIED,NOT CARRIED,,NOT CARRIED,NOT CARRIED,,NOT CARRIED,NOT CARRIED,,$13.86,Available,,NOT CARRIED,NOT CARRIED,,NOT CARRIED,NOT CARRIED,,NOT CARRIED,NOT CARRIED,
Driscoll's Raspberries (340 g),https://tb-static.uber.com/prod/image-proc/processed_images/1df1a7efb12c0c8ee5b7b7a5684c6c85/b4665c191b34baf3d0e0fa45dfdd3d1d.jpeg,$5.85,Available,,$5.85,Available,,$5.85,Available,,$5.85,Available,,$5.85,Available,,$5.85,Available,,NOT CARRIED,NOT CARRIED,
"Dubreton Certified Humane Cooked Ham Slices, 2 × 400 G",https://tb-static.uber.com/prod/image-proc/processed_images/0d6a4572738ea27f03b8f0dbaf4a8ca9/b4665c191b34baf3d0e0fa45dfdd3d1d.jpeg,NOT CARRIED,NOT CARRIED,,NOT CARRIED,NOT CARRIED,,NOT CARRIED,NOT CARRIED,,NOT CARRIED,NOT CARRIED,,$14.92,Available,,NOT CARRIED,NOT CARRIED,,NOT CARRIED,NOT CARRIED,
"Duracell Coppertop Aaa Batteries With Powerboost Ingredients, 40 Count",https://tb-static.uber.com/prod/image-proc/processed_images/535a85b566dc948bee91236c3318e2ea/b4665c191b34baf3d0e0fa45dfdd3d1d.jpeg,$27.73,Available,,$27.73,Available,,$27.73,Available,,$27.73,Available,,$27.73,Available,,$27.73,Available,,$27.73,Available,
"Dynamic Duo Mixed Potato Nuggets, 2.27 Kg",https://tb-static.uber.com/prod/image-proc/processed_images/0dcb84746df39c7adead6fe8ee575be7/b4665c191b34baf3d0e0fa45dfdd3d1d.jpeg,$8.52,Available,,$8.52,Available,,$8.52,Available,,$8.52,Available,,$8.52,Available,,$8.52,Available,,NOT CARRIED,NOT CARRIED,
"Eagle Brand Sweetened Condensed Milk Original, 3 X 300 Ml",https://tb-static.uber.com/prod/image-proc/processed_images/97d6b2f924704c430b3a3f006eeea8cd/b4665c191b34baf3d0e0fa45dfdd3d1d.jpeg,$11.08,Available,,$11.08,Available,,$11.08,Available,,$11.08,Available,,$11.08,Available,,$11.08,Available,,$11.08,Available,
Earth's Own So Nice Unsweetened Organic Almond Milk (1.89 L),https://tb-static.uber.com/prod/image-proc/processed_images/f09a1bd02b8af983f844de5d06fc4b96/f9586c36ab7db84d09b777cee8c829b1.jpeg,$12.79,Available,,$12.79,Available,,$12.79,Available,,$12.79,Available,,$12.79,Available,,$12.79,Available,,NOT CARRIED,NOT CARRIED,
Eat-In Spinach Feta & Sun Dried Tomato Wrap (6 x 165 g),https://tb-static.uber.com/prod/image-proc/processed_images/564cbfd98e7a9bc3e8425c17aa8030b7/b4665c191b34baf3d0e0fa45dfdd3d1d.jpeg,$21.32,Available,,$21.32,Available,,$21.32,Available,,$21.32,Available,,$21.32,Available,,$21.32,Available,,NOT CARRIED,NOT CARRIED,
Eat-in Frozen Breakfast Sandwiches (12 x 116 g),https://tb-static.uber.com/prod/image-proc/processed_images/007d49d2175c55d732266b9abe9aa508/f9586c36ab7db84d09b777cee8c829b1.jpeg,$21.32,Available,,NOT CARRIED,NOT CARRIED,,$21.32,Available,,NOT CARRIED,NOT CARRIED,,$21.32,Available,,$21.32,Available,,NOT CARRIED,NOT CARRIED,
"Eco Potty Unscented Compostable Poop Bags For Dogs, 9x13 in (360 ct)",https://tb-static.uber.com/prod/image-proc/processed_images/a7a1b3d46d5c430d2528d0e46f449f14/b4665c191b34baf3d0e0fa45dfdd3d1d.jpeg,$12.79,Available,,$12.79,Available,,$12.79,Available,,$12.79,Available,,$12.79,Available,,$12.79,Available,,NOT CARRIED,NOT CARRIED,
Edifice Mesh Rolling Cart Baskets (3 ct),https://tb-static.uber.com/prod/image-proc/processed_images/e0dfad013b7a24f0d83d8bc874bc6aea/b4665c191b34baf3d0e0fa45dfdd3d1d.jpeg,$69.34,Available,,$69.34,Available,,$69.34,Available,,$69.34,Available,,$69.34,Available,,$69.34,Available,,NOT CARRIED,NOT CARRIED,
"El Esteco Don David Reserve Malbec Wine Bottle, 750 Ml",https://tb-static.uber.com/prod/image-proc/processed_images/7e7dcac661e577343f843e1cb541e200/b4665c191b34baf3d0e0fa45dfdd3d1d.jpeg,$15.99,Available,,$15.99,Available,,$15.99,Available,,$15.99,Available,,NOT CARRIED,NOT CARRIED,,NOT CARRIED,NOT CARRIED,,NOT CARRIED,NOT CARRIED,
"Elara Kalamata Olives, 3 L",https://cn-geo1.uber.com/static/mobile-content/eats/placeholder_images/placeholder_image_grocery_300x300.png,NOT CARRIED,NOT CARRIED,,NOT CARRIED,NOT CARRIED,,NOT CARRIED,NOT CARRIED,,NOT CARRIED,NOT CARRIED,,NOT CARRIED,NOT CARRIED,,NOT CARRIED,NOT CARRIED,,$15.99,Available,
"Elegant 5.9% Balkan-Style Yogurt, 10 Kg",https://tb-static.uber.com/prod/image-proc/processed_images/1bd71662937d05a1827f8044e74c6f94/b4665c191b34baf3d0e0fa45dfdd3d1d.jpeg,NOT CARRIED,NOT CARRIED,,NOT CARRIED,NOT CARRIED,,NOT CARRIED,NOT CARRIED,,NOT CARRIED,NOT CARRIED,,NOT CARRIED,NOT CARRIED,,NOT CARRIED,NOT CARRIED,,$36.26,Available,
Elegant Ayran Yogurt Drink (1.89 L),https://tb-static.uber.com/prod/image-proc/processed_images/5c41e1c380b6e92a6523af14cb329aa5/f9586c36ab7db84d09b777cee8c829b1.jpeg,NOT CARRIED,NOT CARRIED,,$6.39,Available,,$6.39,Available,,$6.39,Available,,$6.39,Available,,NOT CARRIED,NOT CARRIED,,NOT CARRIED,NOT CARRIED,
Elegant Ayran Yogurt Drink 24 X 473 Ml,https://tb-static.uber.com/prod/image-proc/processed_images/6fabe94b3711b6ebb667af80869dc0cd/b4665c191b34baf3d0e0fa45dfdd3d1d.jpeg,NOT CARRIED,NOT CARRIED,,NOT CARRIED,NOT CARRIED,,NOT CARRIED,NOT CARRIED,,NOT CARRIED,NOT CARRIED,,NOT CARRIED,NOT CARRIED,,NOT CARRIED,NOT CARRIED,,$38.40,Available,
"Elegant Dahi Yogurt, 1.8 Kg",https://tb-static.uber.com/prod/image-proc/processed_images/266d02e2dfa6e759af95588467cd0de2/b4665c191b34baf3d0e0fa45dfdd3d1d.jpeg,$6.28,Available,,NOT CARRIED,NOT CARRIED,,$6.28,Available,,NOT CARRIED,NOT CARRIED,,$6.28,Available,,$6.28,Available,,$6.28,Available,
Elegant Foods Family Size 5.9% Mf Balkan Yogurt (1.8 kg),https://tb-static.uber.com/prod/image-proc/processed_images/bb2b34b77c6d6585009d680c56b8fcde/957777de4e8d7439bef56daddbfae227.jpeg,NOT CARRIED,NOT CARRIED,,$7.45,Available,,$7.45,Available,,$7.45,Available,,$7.45,Available,,$7.45,Available,,$7.45,Available,
"Elegant Living Elegant Yogurt Lassi Drink, Mango (1.89 L)",https://tb-static.uber.com/prod/image-proc/processed_images/f2e8eb0b35c8c40c799e1c6e8535c09c/b4665c191b34baf3d0e0fa45dfdd3d1d.jpeg,NOT CARRIED,NOT CARRIED,,NOT CARRIED,NOT CARRIED,,$8.20,Available,,$8.20,Available,,NOT CARRIED,NOT CARRIED,,NOT CARRIED,NOT CARRIED,,$8.20,Available,
"Elegant Whole Milk Dahi Yogurt, 10 Kg",https://tb-static.uber.com/prod/image-proc/processed_images/d04dc39d93c240d0d056dc4b83a89f38/b4665c191b34baf3d0e0fa45dfdd3d1d.jpeg,NOT CARRIED,NOT CARRIED,,NOT CARRIED,NOT CARRIED,,NOT CARRIED,NOT CARRIED,,NOT CARRIED,NOT CARRIED,,NOT CARRIED,NOT CARRIED,,NOT CARRIED,NOT CARRIED,,$29.86,Available,
"Elizabeth Arden Hyaluronic Acid Ceramide Capsules,  2 X 30 Capsules",https://tb-static.uber.com/prod/image-proc/processed_images/73f4ae601c0eadd06e248f2102212b9e/b4665c191b34baf3d0e0fa45dfdd3d1d.jpeg,$52.27,Available,,$52.27,Available,,$52.27,Available,,$52.27,Available,,$52.27,Available,,$52.27,Available,,NOT CARRIED,NOT CARRIED,
"Emergen-C Vitamin C Effervescent 1000 mg Powder, Super Orange (90 ct)",https://tb-static.uber.com/prod/image-proc/processed_images/111367d097293a4a96c5c74defecfa60/b4665c191b34baf3d0e0fa45dfdd3d1d.jpeg,$34.13,Available,,$34.13,Available,,$34.13,Available,,$34.13,Available,,$34.13,Available,,$34.13,Available,,NOT CARRIED,NOT CARRIED,
"Enfamil A+ Stage 1 Infant Formula Twin pack (1.53 kg, 2 ct)",https://tb-static.uber.com/prod/image-proc/processed_images/c5ca1f8332f02d32dff408e7894def9c/f9586c36ab7db84d09b777cee8c829b1.jpeg,NOT CARRIED,NOT CARRIED,,NOT CARRIED,NOT CARRIED,,NOT CARRIED,NOT CARRIED,,NOT CARRIED,NOT CARRIED,,NOT CARRIED,NOT CARRIED,,NOT CARRIED,NOT CARRIED,,$85.34,Available,
Erie Meats Fully Cooked Chicken Nuggets (2 x 1.5 kg),https://tb-static.uber.com/prod/image-proc/processed_images/38fb872b37b8b954de0c76281292cecd/b4665c191b34baf3d0e0fa45dfdd3d1d.jpeg,$19.19,Available,,$19.19,Available,,$19.19,Available,,$19.19,Available,,$19.19,Available,,$19.19,Available,,NOT CARRIED,NOT CARRIED,
"Eska Carbonated Natural Spring Water, Lemon (24 x 500 ml)",https://tb-static.uber.com/prod/image-proc/processed_images/977dcc5861c34fc02c1cd713040b4c5e/f9586c36ab7db84d09b777cee8c829b1.jpeg,NOT CARRIED,NOT CARRIED,,NOT CARRIED,NOT CARRIED,,NOT CARRIED,NOT CARRIED,,NOT CARRIED,NOT CARRIED,,NOT CARRIED,NOT CARRIED,,NOT CARRIED,NOT CARRIED,,$10.65,Available,
Eska Carbonated Spring Water (24 x 500 ml),https://tb-static.uber.com/prod/image-proc/processed_images/cb34c1e4c4aa27d60b73d46f6c1f8f63/b4665c191b34baf3d0e0fa45dfdd3d1d.jpeg,NOT CARRIED,NOT CARRIED,,NOT CARRIED,NOT CARRIED,,NOT CARRIED,NOT CARRIED,,NOT CARRIED,NOT CARRIED,,NOT CARRIED,NOT CARRIED,,NOT CARRIED,NOT CARRIED,,$10.65,Available,
"Eska Carbonated Spring Water, Lemon (12 x 1 L)",https://tb-static.uber.com/prod/image-proc/processed_images/f07b69929a88e31b681721c6821dee32/f9586c36ab7db84d09b777cee8c829b1.jpeg,NOT CARRIED,NOT CARRIED,,NOT CARRIED,NOT CARRIED,,NOT CARRIED,NOT CARRIED,,NOT CARRIED,NOT CARRIED,,NOT CARRIED,NOT CARRIED,,NOT CARRIED,NOT CARRIED,,$10.65,Available,
"Eska Carbonated Spring Water, Lemon (24 x 355 ml)",https://tb-static.uber.com/prod/image-proc/processed_images/8d224f14b6c4ad1315d75c6a3ac28a33/b4665c191b34baf3d0e0fa45dfdd3d1d.jpeg,$12.25,Available,,NOT CARRIED,NOT CARRIED,,$12.25,Available,,$12.25,Available,,$12.25,Available,,$12.25,Available,,$12.25,Available,
Eska Original Carbonated Natutal Sparkling Water (24 x 355 ml),https://tb-static.uber.com/prod/image-proc/processed_images/ee3e9362c3b4bb9cda4a2ac8e750799a/b4665c191b34baf3d0e0fa45dfdd3d1d.jpeg,$12.25,Available,,NOT CARRIED,NOT CARRIED,,NOT CARRIED,NOT CARRIED,,$12.25,Available,,NOT CARRIED,NOT CARRIED,,NOT CARRIED,NOT CARRIED,,$12.25,Available,
"Essenza White Glass Hand Soap, 3 × 473 Ml",https://tb-static.uber.com/prod/image-proc/processed_images/5864f244dca4f22797f80a3a310c1c5a/b4665c191b34baf3d0e0fa45dfdd3d1d.jpeg,$10.63,Available,,NOT CARRIED,NOT CARRIED,,NOT CARRIED,NOT CARRIED,,NOT CARRIED,NOT CARRIED,,NOT CARRIED,NOT CARRIED,,$10.63,Available,,NOT CARRIED,NOT CARRIED,
"Estrella De Castilla Acorn-Fed 100% Iberico Hand Carved Ham, 90 G",https://tb-static.uber.com/prod/image-proc/processed_images/4a0765020b36b1d690a99829f3dc264c/b4665c191b34baf3d0e0fa45dfdd3d1d.jpeg,$21.32,Available,,$21.32,Available,,NOT CARRIED,NOT CARRIED,,NOT CARRIED,NOT CARRIED,,$21.32,Available,,$21.32,Available,,NOT CARRIED,NOT CARRIED,
European Quality Meats- Cooked Beef Pastrami 3.5Kg Average Weight*,https://tb-static.uber.com/prod/image-proc/processed_images/adce81e54b9b5a7222f2b69727f1f78d/b4665c191b34baf3d0e0fa45dfdd3d1d.jpeg,NOT CARRIED,NOT CARRIED,,NOT CARRIED,NOT CARRIED,,NOT CARRIED,NOT CARRIED,,NOT CARRIED,NOT CARRIED,,NOT CARRIED,NOT CARRIED,,NOT CARRIED,NOT CARRIED,,$63.42,Available,
Extra Large Eggs (24 ct),https://cn-geo1.uber.com/static/mobile-content/eats/placeholder_images/placeholder_image_grocery_300x300.png,NOT CARRIED,NOT CARRIED,,$8.20,Available,,NOT CARRIED,NOT CARRIED,,$8.20,Available,,NOT CARRIED,NOT CARRIED,,NOT CARRIED,NOT CARRIED,,NOT CARRIED,NOT CARRIED,
"Fairlife Nutrition Plan Protein Shake Drink, Chocolate (18 x 340 ml)",https://tb-static.uber.com/prod/image-proc/processed_images/f858d6fbb548c87862c7b8c967601394/b4665c191b34baf3d0e0fa45dfdd3d1d.jpeg,NOT CARRIED,NOT CARRIED,,NOT CARRIED,NOT CARRIED,,$53.33,Available,,NOT CARRIED,NOT CARRIED,,NOT CARRIED,NOT CARRIED,,NOT CARRIED,NOT CARRIED,,$53.33,Available,
"Fairlife Nutrition Plan Protein Shake, Vanilla (18 x 340 ml)",https://tb-static.uber.com/prod/image-proc/processed_images/45f87fdda97a1b5dc1e1e3fe67310fa7/b4665c191b34baf3d0e0fa45dfdd3d1d.jpeg,NOT CARRIED,NOT CARRIED,,NOT CARRIED,NOT CARRIED,,$53.33,Available,,NOT CARRIED,NOT CARRIED,,NOT CARRIED,NOT CARRIED,,NOT CARRIED,NOT CARRIED,,$53.33,Available,
"Fanta Soft Drink Variety pack, Pineapple/Orange/Strawberry (24 x 355 ml)",https://tb-static.uber.com/prod/image-proc/processed_images/1cb6235fb4538ea1aab002ed3a33a55d/b4665c191b34baf3d0e0fa45dfdd3d1d.jpeg,$13.75,Available,,$13.75,Available,,$13.75,Available,,$13.75,Available,,$13.75,Available,,$13.75,Available,,NOT CARRIED,NOT CARRIED,
"Farm Girl Gluten Free Cinnamon Crisps Cereal, 680 G",https://tb-static.uber.com/prod/image-proc/processed_images/247fed098740b8680d7a68754cd6fe9f/b4665c191b34baf3d0e0fa45dfdd3d1d.jpeg,NOT CARRIED,NOT CARRIED,,$13.86,Available,,NOT CARRIED,NOT CARRIED,,NOT CARRIED,NOT CARRIED,,NOT CARRIED,NOT CARRIED,,NOT CARRIED,NOT CARRIED,,NOT CARRIED,NOT CARRIED,
Farmed Altantic Salmon Fillet,https://tb-static.uber.com/prod/image-proc/processed_images/3d939b639c90db9a4eae3c5318b11dd6/b4665c191b34baf3d0e0fa45dfdd3d1d.jpeg,$35.20,Available,,$35.20,Available,,$35.20,Available,,$34.85,Available,,$35.20,Available,,$35.20,Available,,NOT CARRIED,NOT CARRIED,
Farmed Altantic Salmon Steak,https://tb-static.uber.com/prod/image-proc/processed_images/84bd7def1483d14d4cdfd050a24139c6/b4665c191b34baf3d0e0fa45dfdd3d1d.jpeg,$36.81,Available,,$36.81,Available,,$36.81,Available,,$33.40,Available,,$33.71,Available,,$36.81,Available,,NOT CARRIED,NOT CARRIED,
Farmed Atlantic Salmon Fillet Rwa,https://tb-static.uber.com/prod/image-proc/processed_images/fba180075354011f88f628b0c945ec1b/b4665c191b34baf3d0e0fa45dfdd3d1d.jpeg,$36.96,Available,,$37.33,Available,,$36.96,Available,,$36.58,Available,,$37.33,Available,,$36.96,Available,,$44.24,Available,
Feit Led String Lights 14.63 M (48 Ft.),https://tb-static.uber.com/prod/image-proc/processed_images/fac57a8018f9121df0ed0f929e4a07dc/b4665c191b34baf3d0e0fa45dfdd3d1d.jpeg,$53.33,Available,,$53.33,Available,,NOT CARRIED,NOT CARRIED,,NOT CARRIED,NOT CARRIED,,NOT CARRIED,NOT CARRIED,,$53.33,Available,,NOT CARRIED,NOT CARRIED,
Fellowes Bankers Box Heavy-Duty Letter & Legal Records Storage Boxes,https://tb-static.uber.com/prod/image-proc/processed_images/50453ad5ba6926b1f9126c290b6633e3/b4665c191b34baf3d0e0fa45dfdd3d1d.jpeg,NOT CARRIED,NOT CARRIED,,NOT CARRIED,NOT CARRIED,,NOT CARRIED,NOT CARRIED,,NOT CARRIED,NOT CARRIED,,NOT CARRIED,NOT CARRIED,,NOT CARRIED,NOT CARRIED,,$42.66,Available,
"Fellowes Powershred 1500c Cross-Cut Shredder, Black",https://tb-static.uber.com/prod/image-proc/processed_images/175deb98cec85009250bb4c695fc5c30/b4665c191b34baf3d0e0fa45dfdd3d1d.jpeg,$106.68,Available,,$106.68,Available,,$106.68,Available,,$106.68,Available,,$106.68,Available,,$106.68,Available,,NOT CARRIED,NOT CARRIED,
"Ferrero Nutella B-Ready, 36 × 22 G",https://tb-static.uber.com/prod/image-proc/processed_images/51e93cfbacefe671e4dde37e62985508/b4665c191b34baf3d0e0fa45dfdd3d1d.jpeg,$21.32,Available,,$21.32,Available,,NOT CARRIED,NOT CARRIED,,NOT CARRIED,NOT CARRIED,,$21.32,Available,,NOT CARRIED,NOT CARRIED,,NOT CARRIED,NOT CARRIED,
"Fever-Tree Ginger Beer, 250 Ml, 24-Pack",https://tb-static.uber.com/prod/image-proc/processed_images/d6edab0a559fe733c2c2e0dfed523bcc/b4665c191b34baf3d0e0fa45dfdd3d1d.jpeg,NOT CARRIED,NOT CARRIED,,NOT CARRIED,NOT CARRIED,,$29.86,Available,,NOT CARRIED,NOT CARRIED,,$29.86,Available,,$29.86,Available,,$29.86,Available,
"Fever-Tree Tonic, 250 Ml 24-Pack",https://tb-static.uber.com/prod/image-proc/processed_images/2e5c2839f612f2b5b003600a8157e960/b4665c191b34baf3d0e0fa45dfdd3d1d.jpeg,NOT CARRIED,NOT CARRIED,,NOT CARRIED,NOT CARRIED,,NOT CARRIED,NOT CARRIED,,NOT CARRIED,NOT CARRIED,,$29.86,Available,,$29.86,Available,,$29.86,Available,
Fila 10Pk,https://cn-geo1.uber.com/static/mobile-content/eats/placeholder_images/placeholder_image_grocery_300x300.png,NOT CARRIED,NOT CARRIED,,NOT CARRIED,NOT CARRIED,,$19.19,Available,,NOT CARRIED,NOT CARRIED,,NOT CARRIED,NOT CARRIED,,$19.19,Available,,NOT CARRIED,NOT CARRIED,
"Filotea La Matassine Egg Pasta Variety Pack, 4 × 250 G",https://tb-static.uber.com/prod/image-proc/processed_images/b59326753e3351215133f0509f260208/b4665c191b34baf3d0e0fa45dfdd3d1d.jpeg,$13.32,Available,,$13.32,Available,,$13.32,Available,,NOT CARRIED,NOT CARRIED,,NOT CARRIED,NOT CARRIED,,NOT CARRIED,NOT CARRIED,,NOT CARRIED,NOT CARRIED,
"Finish Quantum Everyday Dishwasher Detergent, 176 Tablets",https://tb-static.uber.com/prod/image-proc/processed_images/4800a59fb43055f249a9449c42ac77bf/b4665c191b34baf3d0e0fa45dfdd3d1d.jpeg,$36.26,Available,,$36.26,Available,,$36.26,Available,,$36.26,Available,,$36.26,Available,,$36.26,Available,,NOT CARRIED,NOT CARRIED,
"Finish Rinse Aid Quantum Ultra Jet-Dry, 374 Washes",https://tb-static.uber.com/prod/image-proc/processed_images/c5ef0f51bb413fdd611900d6c59529ea/b4665c191b34baf3d0e0fa45dfdd3d1d.jpeg,$17.06,Available,,$17.06,Available,,$17.06,Available,,$17.06,Available,,$17.06,Available,,$17.06,Available,,NOT CARRIED,NOT CARRIED,
"FitCrunch Dipped Brownies, Chocolate Confetti (18 x 40 g)",https://tb-static.uber.com/prod/image-proc/processed_images/2ce9df2eca262e8b6b50068153fba8ed/b4665c191b34baf3d0e0fa45dfdd3d1d.jpeg,NOT CARRIED,NOT CARRIED,,NOT CARRIED,NOT CARRIED,,$21.30,Available,,$21.30,Available,,$21.30,Available,,NOT CARRIED,NOT CARRIED,,NOT CARRIED,NOT CARRIED,
"Flourish Protein Pancake & Waffle Mix, Buttermilk (1 kg)",https://tb-static.uber.com/prod/image-proc/processed_images/e7d57ea9a78fd3de9bea612eb4991481/f9586c36ab7db84d09b777cee8c829b1.jpeg,$14.92,Available,,NOT CARRIED,NOT CARRIED,,NOT CARRIED,NOT CARRIED,,NOT CARRIED,NOT CARRIED,,NOT CARRIED,NOT CARRIED,,NOT CARRIED,NOT CARRIED,,NOT CARRIED,NOT CARRIED,
Flow Naturally Alkaline Spring Water (18 x 500 ml),https://tb-static.uber.com/prod/image-proc/processed_images/71fbe76326532e6fe04c3d2b63f1d624/f9586c36ab7db84d09b777cee8c829b1.jpeg,NOT CARRIED,NOT CARRIED,,NOT CARRIED,NOT CARRIED,,NOT CARRIED,NOT CARRIED,,NOT CARRIED,NOT CARRIED,,$15.99,Available,,NOT CARRIED,NOT CARRIED,,NOT CARRIED,NOT CARRIED,
Flower Amethyst And Diamond Earrings (0.02 Ctw),https://tb-static.uber.com/prod/image-proc/processed_images/f56e91e26d55491b00eaaf0e96937220/b4665c191b34baf3d0e0fa45dfdd3d1d.jpeg,$616.99,Available,,NOT CARRIED,NOT CARRIED,,NOT CARRIED,NOT CARRIED,,NOT CARRIED,NOT CARRIED,,NOT CARRIED,NOT CARRIED,,NOT CARRIED,NOT CARRIED,,NOT CARRIED,NOT CARRIED,
Flower Bouquet (32 Stem),https://tb-static.uber.com/prod/image-proc/processed_images/1aaa2d944b776bd469da3979386b3b69/b4665c191b34baf3d0e0fa45dfdd3d1d.jpeg,$26.66,Available,,$26.66,Available,,$26.66,Available,,$26.66,Available,,$26.66,Available,,$26.66,Available,,$26.66,Available,
Flying Monkey Craft Brewery Juicy Ass Ipa Beer (12 x 473 ml),https://tb-static.uber.com/prod/image-proc/processed_images/3945aa3aebed82face86eff73c777209/b4665c191b34baf3d0e0fa45dfdd3d1d.jpeg,$69.34,Available,,NOT CARRIED,NOT CARRIED,,NOT CARRIED,NOT CARRIED,,NOT CARRIED,NOT CARRIED,,NOT CARRIED,NOT CARRIED,,NOT CARRIED,NOT CARRIED,,$69.34,Available,
Fontaine Santé Hummus (2 kg),https://tb-static.uber.com/prod/image-proc/processed_images/258d8f9542d30bb6bd8806325c9393e0/b4665c191b34baf3d0e0fa45dfdd3d1d.jpeg,NOT CARRIED,NOT CARRIED,,NOT CARRIED,NOT CARRIED,,NOT CARRIED,NOT CARRIED,,NOT CARRIED,NOT CARRIED,,NOT CARRIED,NOT CARRIED,,NOT CARRIED,NOT CARRIED,,$12.25,Available,
"Fontaine Santé Hummus, Roasted Red Pepper (2 x 675 g)",https://tb-static.uber.com/prod/image-proc/processed_images/90fced35af736ac7affff18db2d58ed2/b4665c191b34baf3d0e0fa45dfdd3d1d.jpeg,$10.65,Available,,$10.65,Available,,$10.65,Available,,$10.65,Available,,$10.65,Available,,$10.65,Available,,NOT CARRIED,NOT CARRIED,
Fontaine Santé Spinach Dip 2 X 500 G,https://tb-static.uber.com/prod/image-proc/processed_images/ab8d366b3f407473890a0fbccb7360e1/b4665c191b34baf3d0e0fa45dfdd3d1d.jpeg,NOT CARRIED,NOT CARRIED,,NOT CARRIED,NOT CARRIED,,NOT CARRIED,NOT CARRIED,,$9.59,Available,,NOT CARRIED,NOT CARRIED,,NOT CARRIED,NOT CARRIED,,NOT CARRIED,NOT CARRIED,
"Fontaine Santé Taboulé Parsley Salad, 2 × 500 G",https://tb-static.uber.com/prod/image-proc/processed_images/a38d3e7e04eb5f0c9118a6e4acb9bd36/b4665c191b34baf3d0e0fa45dfdd3d1d.jpeg,NOT CARRIED,NOT CARRIED,,NOT CARRIED,NOT CARRIED,,NOT CARRIED,NOT CARRIED,,NOT CARRIED,NOT CARRIED,,$9.59,Available,,NOT CARRIED,NOT CARRIED,,NOT CARRIED,NOT CARRIED,
Fontaine Santé Traditional Hummus (2 x 565 g),https://tb-static.uber.com/prod/image-proc/processed_images/b083c91308bc7077925530410e8bdc9f/0e5313be7a8831b8ed60f8dab3c2df10.jpeg,NOT CARRIED,NOT CARRIED,,$8.52,Available,,$8.52,Available,,NOT CARRIED,NOT CARRIED,,$8.52,Available,,$8.52,Available,,$8.52,Available,
Fontaine Santé Traditional Mini Hummus (24 x 57 g),https://tb-static.uber.com/prod/image-proc/processed_images/ebcfb785e26ac9d2c707aae6d65f936e/b4665c191b34baf3d0e0fa45dfdd3d1d.jpeg,$10.65,Available,19% off,$10.65,Available,19% off,$10.65,Available,19% off,$10.65,Available,19% off,$10.65,Available,19% off,$10.65,Available,19% off,$10.65,Available,19% off
"Foodtogo Brownie Dulce De Leche, 10 × 70 G",https://tb-static.uber.com/prod/image-proc/processed_images/2e6d5cda5ccf2aa5329f791da27d6560/b4665c191b34baf3d0e0fa45dfdd3d1d.jpeg,NOT CARRIED,NOT CARRIED,,NOT CARRIED,NOT CARRIED,,NOT CARRIED,NOT CARRIED,,$14.92,Available,,NOT CARRIED,NOT CARRIED,,NOT CARRIED,NOT CARRIED,,NOT CARRIED,NOT CARRIED,
"Forest For Climate Bioeco+ Disposable Dinner Plates, 26.4 cm (180 ct)",https://tb-static.uber.com/prod/image-proc/processed_images/3667b0741a66e51c00cc527470839ca9/b4665c191b34baf3d0e0fa45dfdd3d1d.jpeg,$23.46,Available,,$23.46,Available,,$23.46,Available,,NOT CARRIED,NOT CARRIED,,NOT CARRIED,NOT CARRIED,,$23.46,Available,,NOT CARRIED,NOT CARRIED,
Forest For Climate Cutlery,https://tb-static.uber.com/prod/image-proc/processed_images/d372552002a0b8dae69ef8745a8d1c57/b4665c191b34baf3d0e0fa45dfdd3d1d.jpeg,$21.32,Available,,$21.32,Available,,$21.32,Available,,$21.32,Available,,$21.32,Available,,$21.32,Available,,NOT CARRIED,NOT CARRIED,
"Forest for Climate Friendlyeco+ Lunch Plates, 22.5 cm (180 ct)",https://tb-static.uber.com/prod/image-proc/processed_images/5dc5355ba2c9a4531667d1363bac9cf3/b4665c191b34baf3d0e0fa45dfdd3d1d.jpeg,$17.06,Available,,$17.06,Available,,$17.06,Available,,$17.06,Available,,$17.06,Available,,$17.06,Available,,NOT CARRIED,NOT CARRIED,
Four O'Clock Organic Green Tea Bags (60 x 1.5 g),https://tb-static.uber.com/prod/image-proc/processed_images/d77130f0f64995609c40282ba45ccf00/f9586c36ab7db84d09b777cee8c829b1.jpeg,NOT CARRIED,NOT CARRIED,,NOT CARRIED,NOT CARRIED,,$12.25,Available,,NOT CARRIED,NOT CARRIED,,$12.25,Available,,NOT CARRIED,NOT CARRIED,,NOT CARRIED,NOT CARRIED,
"Fratelli Beretta Antipasto Italiano Prosciutto Calabrese Milano Salami (600 g, 2 ct)",https://tb-static.uber.com/prod/image-proc/processed_images/260f3f95b735ae60c420082114dc66c3/b4665c191b34baf3d0e0fa45dfdd3d1d.jpeg,$21.32,Available,,$21.32,Available,,$21.32,Available,,NOT CARRIED,NOT CARRIED,,NOT CARRIED,NOT CARRIED,,NOT CARRIED,NOT CARRIED,,NOT CARRIED,NOT CARRIED,
Fratelli Beretta Proscuitto Di Parma Ham (2 x 2 ct),https://tb-static.uber.com/prod/image-proc/processed_images/5cab5949ee468e9422003a5d548204cf/b4665c191b34baf3d0e0fa45dfdd3d1d.jpeg,NOT CARRIED,NOT CARRIED,,$15.99,Available,,$15.99,Available,,$15.99,Available,,NOT CARRIED,NOT CARRIED,,$15.99,Available,,NOT CARRIED,NOT CARRIED,
"Freeyumm Honey Apple Soft Baked Bars, 28 × 27 G",https://tb-static.uber.com/prod/image-proc/processed_images/c6519e4e9b1b367154cba91bfc824599/b4665c191b34baf3d0e0fa45dfdd3d1d.jpeg,NOT CARRIED,NOT CARRIED,,$10.63,Available,,NOT CARRIED,NOT CARRIED,,NOT CARRIED,NOT CARRIED,,$10.63,Available,,$10.63,Available,,NOT CARRIED,NOT CARRIED,
"French’S Yellow Mustard, 2 X 830 Ml",https://tb-static.uber.com/prod/image-proc/processed_images/5db034a44317d5fdd81324401dfdc893/b4665c191b34baf3d0e0fa45dfdd3d1d.jpeg,$7.99,Available,,$7.99,Available,,$7.99,Available,,$7.99,Available,,$7.99,Available,,$7.99,Available,,NOT CARRIED,NOT CARRIED,
Fresh Additions Fully Cooked Beef Steak Bite Cubes (6 x 91 g),https://tb-static.uber.com/prod/image-proc/processed_images/822c437c21770e1cf229a140088365a2/b4665c191b34baf3d0e0fa45dfdd3d1d.jpeg,$26.66,Available,,NOT CARRIED,NOT CARRIED,,NOT CARRIED,NOT CARRIED,,NOT CARRIED,NOT CARRIED,,NOT CARRIED,NOT CARRIED,,$26.66,Available,,NOT CARRIED,NOT CARRIED,
Fresh Attitude Baby Spinach (312 g),https://tb-static.uber.com/prod/image-proc/processed_images/deabe442cf8d4f5417abb2777ace280a/f9586c36ab7db84d09b777cee8c829b1.jpeg,$5.32,Available,,$5.32,Available,,$5.32,Available,,$5.32,Available,,$5.32,Available,,$5.32,Available,,NOT CARRIED,NOT CARRIED,
Fresh Attitude Baby Spinach (454 g / 1 Lb),https://tb-static.uber.com/prod/image-proc/processed_images/5e06afdfd903acabb439f885cd23196c/b4665c191b34baf3d0e0fa45dfdd3d1d.jpeg,NOT CARRIED,NOT CARRIED,,$5.85,Available,,$5.85,Available,,$5.85,Available,,$5.85,Available,,$5.85,Available,,$5.85,Available,
Fresh Attitude Spring Green Mix (312 g),https://tb-static.uber.com/prod/image-proc/processed_images/6a9431ce1564940fc162b8bc008f0402/f9586c36ab7db84d09b777cee8c829b1.jpeg,$5.32,Available,,$5.32,Available,,NOT CARRIED,NOT CARRIED,,$5.32,Available,,NOT CARRIED,NOT CARRIED,,$5.32,Available,,NOT CARRIED,NOT CARRIED,
"Fresh Pineapple Spears, 1.36 Kg",https://tb-static.uber.com/prod/image-proc/processed_images/8781803eba5ff7c530f75564c1e29ea4/b4665c191b34baf3d0e0fa45dfdd3d1d.jpeg,NOT CARRIED,NOT CARRIED,,$10.65,Available,,$10.65,Available,,$10.65,Available,,$10.65,Available,,$10.65,Available,,NOT CARRIED,NOT CARRIED,
Fresh’N Pure Guava 100% Juice (2 x 1.89 L),https://tb-static.uber.com/prod/image-proc/processed_images/c85d32afa7d32f433c8bbe00f9264738/f9586c36ab7db84d09b777cee8c829b1.jpeg,$7.99,Available,,$7.99,Available,,$7.99,Available,,$7.99,Available,,$7.99,Available,,$7.99,Available,,$7.99,Available,
"Freybe Gourmet Salami, Assorted (3 x 375 g)",https://tb-static.uber.com/prod/image-proc/processed_images/9777e7ad58ebdb030e5c7c4caca94eb5/f9586c36ab7db84d09b777cee8c829b1.jpeg,$24.53,Available,,NOT CARRIED,NOT CARRIED,,$24.53,Available,,$24.53,Available,,$24.53,Available,,$24.53,Available,,$24.53,Available,
"Frito-Lay Chips Snacks Variety pack, Assorted (54 x 28 g)",https://tb-static.uber.com/prod/image-proc/processed_images/ab1c154557ecbe4a31267f55cde8b0bc/f9586c36ab7db84d09b777cee8c829b1.jpeg,NOT CARRIED,NOT CARRIED,,$26.66,Available,,NOT CARRIED,NOT CARRIED,,NOT CARRIED,NOT CARRIED,,NOT CARRIED,NOT CARRIED,,NOT CARRIED,NOT CARRIED,,NOT CARRIED,NOT CARRIED,
Frontier Semolina Puffs Pani Puri (3 x 200 g),https://tb-static.uber.com/prod/image-proc/processed_images/eb4bc079d0a9151e356a9f9cb21872d6/b4665c191b34baf3d0e0fa45dfdd3d1d.jpeg,NOT CARRIED,NOT CARRIED,,NOT CARRIED,NOT CARRIED,,NOT CARRIED,NOT CARRIED,,$8.52,Available,,NOT CARRIED,NOT CARRIED,,NOT CARRIED,NOT CARRIED,,NOT CARRIED,NOT CARRIED,
"Fuji Apples, 2.26 Kg",https://tb-static.uber.com/prod/image-proc/processed_images/e5a7f37f79098bf66c59d8c7e16c12a2/b4665c191b34baf3d0e0fa45dfdd3d1d.jpeg,NOT CARRIED,NOT CARRIED,,NOT CARRIED,NOT CARRIED,,NOT CARRIED,NOT CARRIED,,$8.52,Available,,NOT CARRIED,NOT CARRIED,,NOT CARRIED,NOT CARRIED,,NOT CARRIED,NOT CARRIED,
Furlani Original Garlic Toast Slices (24 ct),https://tb-static.uber.com/prod/image-proc/processed_images/d273c37d4bc433af285513d573f125d2/f9586c36ab7db84d09b777cee8c829b1.jpeg,$5.85,Available,,$5.85,Available,,$5.85,Available,,$5.85,Available,,$5.85,Available,,$5.85,Available,,NOT CARRIED,NOT CARRIED,
"Gain Liquid Laundry Detergent, 4.82 L",https://tb-static.uber.com/prod/image-proc/processed_images/177fb1b114b4e1d882157452162e86b5/b4665c191b34baf3d0e0fa45dfdd3d1d.jpeg,$23.46,Available,,$23.46,Available,,$23.46,Available,,$23.46,Available,,$23.46,Available,,NOT CARRIED,NOT CARRIED,,NOT CARRIED,NOT CARRIED,
"Galbani Mozzarella Fresca, 3 × 227G",https://tb-static.uber.com/prod/image-proc/processed_images/89febb2bac0795a6f5e506b011688f5c/b4665c191b34baf3d0e0fa45dfdd3d1d.jpeg,$13.86,Available,,$13.86,Available,,$13.86,Available,,$13.86,Available,,$13.86,Available,,$13.86,Available,,NOT CARRIED,NOT CARRIED,
"Gatorade Whey Protein Bars, 12 × 80 G",https://tb-static.uber.com/prod/image-proc/processed_images/9f095173a32e9fe7c8fd93960b32b7f7/b4665c191b34baf3d0e0fa45dfdd3d1d.jpeg,$25.59,Available,,NOT CARRIED,NOT CARRIED,,NOT CARRIED,NOT CARRIED,,NOT CARRIED,NOT CARRIED,,$25.59,Available,,$25.59,Available,,NOT CARRIED,NOT CARRIED,
Gelateria Callipo Pangelato Ice Cake Dessert (2.4 L),https://tb-static.uber.com/prod/image-proc/processed_images/62c918151fe0732e73ac3886df6c1a00/b4665c191b34baf3d0e0fa45dfdd3d1d.jpeg,$21.32,Available,,$21.32,Available,,$21.32,Available,,$21.32,Available,,$21.32,Available,,$21.32,Available,,NOT CARRIED,NOT CARRIED,
Gelda Gold Extra Long Basmati Rice (6 kg),https://tb-static.uber.com/prod/image-proc/processed_images/c78d0781e55127304d5daa39c86dc174/b4665c191b34baf3d0e0fa45dfdd3d1d.jpeg,NOT CARRIED,NOT CARRIED,,NOT CARRIED,NOT CARRIED,,$14.92,Available,,NOT CARRIED,NOT CARRIED,,NOT CARRIED,NOT CARRIED,,NOT CARRIED,NOT CARRIED,,NOT CARRIED,NOT CARRIED,
Gillette Fusion5 Proglide Razor Cartridges (19 ct),https://tb-static.uber.com/prod/image-proc/processed_images/04ee9cd7fedd1523242522435a284878/b4665c191b34baf3d0e0fa45dfdd3d1d.jpeg,$74.67,Available,19% off,$74.67,Available,19% off,$74.67,Available,19% off,$74.67,Available,19% off,$74.67,Available,19% off,$74.67,Available,19% off,NOT CARRIED,NOT CARRIED,
Gillette Fusion5 Razor Cartridge Refills (18 ct),https://tb-static.uber.com/prod/image-proc/processed_images/49b81b67732bd65370964ad6578d061f/b4665c191b34baf3d0e0fa45dfdd3d1d.jpeg,$69.34,Available,,$69.34,Available,,$69.34,Available,,$69.34,Available,,$69.34,Available,,$69.34,Available,,NOT CARRIED,NOT CARRIED,
Ginger Root (1.36 kg),https://tb-static.uber.com/prod/image-proc/processed_images/ff91e12e674053f6579809b818842ebc/0e5313be7a8831b8ed60f8dab3c2df10.jpeg,NOT CARRIED,NOT CARRIED,,NOT CARRIED,NOT CARRIED,,NOT CARRIED,NOT CARRIED,,NOT CARRIED,NOT CARRIED,,NOT CARRIED,NOT CARRIED,,NOT CARRIED,NOT CARRIED,,$7.45,Available,
"Gino Bambino Gluten-Free Pizza Kit, Pack Of 2",https://tb-static.uber.com/prod/image-proc/processed_images/775666b43ccee846b896e74960b38ba4/b4665c191b34baf3d0e0fa45dfdd3d1d.jpeg,$12.79,Available,,$12.79,Available,,$12.79,Available,,$12.79,Available,,$12.79,Available,,NOT CARRIED,NOT CARRIED,,$12.79,Available,
Gio Italian Gourmet Salami pack (500 g),https://tb-static.uber.com/prod/image-proc/processed_images/8c11dbb391f45637cac1490e4de2431a/f9586c36ab7db84d09b777cee8c829b1.jpeg,NOT CARRIED,NOT CARRIED,,$17.59,Available,,$17.59,Available,,$17.59,Available,,$17.59,Available,,$17.59,Available,,$17.59,Available,
"Glico Pocky Chocolate Biscuit Sticks (400 g, 10 ct)",https://tb-static.uber.com/prod/image-proc/processed_images/a2c48a1be4d9ed67148747d4b98c7faa/0e5313be7a8831b8ed60f8dab3c2df10.jpeg,NOT CARRIED,NOT CARRIED,,NOT CARRIED,NOT CARRIED,,NOT CARRIED,NOT CARRIED,,NOT CARRIED,NOT CARRIED,,NOT CARRIED,NOT CARRIED,,NOT CARRIED,NOT CARRIED,,$13.64,Available,
"Go! Krisp Protein Bars, 18 × 55 G",https://tb-static.uber.com/prod/image-proc/processed_images/4d09d0919c6aa229d48e0d39a700cdfb/b4665c191b34baf3d0e0fa45dfdd3d1d.jpeg,$30.93,Available,,NOT CARRIED,NOT CARRIED,,NOT CARRIED,NOT CARRIED,,NOT CARRIED,NOT CARRIED,,$30.93,Available,,$30.93,Available,,NOT CARRIED,NOT CARRIED,
"Gold Egg Organic Brown Eggs, M (18 ct)",https://tb-static.uber.com/prod/image-proc/processed_images/2a38bc924c611f04eff4d355d8bcd57e/b4665c191b34baf3d0e0fa45dfdd3d1d.jpeg,NOT CARRIED,NOT CARRIED,,$9.37,Available,,NOT CARRIED,NOT CARRIED,,$9.37,Available,,NOT CARRIED,NOT CARRIED,,$9.37,Available,,NOT CARRIED,NOT CARRIED,
Gold Kiwi 1.36 Kg,https://tb-static.uber.com/prod/image-proc/processed_images/8ada304f964d85ea5a5fe2fd07e430e1/b4665c191b34baf3d0e0fa45dfdd3d1d.jpeg,$19.19,Available,,$19.19,Available,,$19.19,Available,,$19.19,Available,,$19.19,Available,,$19.19,Available,,NOT CARRIED,NOT CARRIED,
Gold Label Naturals Black Forest Ham (3 x 300 g),https://tb-static.uber.com/prod/image-proc/processed_images/f39f827de73c384d283c0d5344a512da/b4665c191b34baf3d0e0fa45dfdd3d1d.jpeg,NOT CARRIED,NOT CARRIED,,$13.32,Available,,NOT CARRIED,NOT CARRIED,,NOT CARRIED,NOT CARRIED,,NOT CARRIED,NOT CARRIED,,NOT CARRIED,NOT CARRIED,,NOT CARRIED,NOT CARRIED,
Golden Jumbo Pineapple,https://tb-static.uber.com/prod/image-proc/processed_images/04fa29cafdba961bfa556b9d82c99368/b4665c191b34baf3d0e0fa45dfdd3d1d.jpeg,$6.39,Available,,NOT CARRIED,NOT CARRIED,,$6.39,Available,,$6.39,Available,,NOT CARRIED,NOT CARRIED,,$6.39,Available,,NOT CARRIED,NOT CARRIED,
"Golden Maple Frozen Chicken Burgers, 2 × 2 Kg",https://tb-static.uber.com/prod/image-proc/processed_images/189c2957a3dbac7499e6f9146f6e5a40/b4665c191b34baf3d0e0fa45dfdd3d1d.jpeg,NOT CARRIED,NOT CARRIED,,NOT CARRIED,NOT CARRIED,,NOT CARRIED,NOT CARRIED,,NOT CARRIED,NOT CARRIED,,NOT CARRIED,NOT CARRIED,,NOT CARRIED,NOT CARRIED,,$21.32,Available,
"Good Foods Chunky Guacamole, 3 X 283 G",https://tb-static.uber.com/prod/image-proc/processed_images/cf3ba6170f29048c089889d1c403ff94/b4665c191b34baf3d0e0fa45dfdd3d1d.jpeg,NOT CARRIED,NOT CARRIED,,NOT CARRIED,NOT CARRIED,,NOT CARRIED,NOT CARRIED,,$14.92,Available,,NOT CARRIED,NOT CARRIED,,NOT CARRIED,NOT CARRIED,,NOT CARRIED,NOT CARRIED,
Good Moood Farm All Natural Traditional Recipe Probiotic Kefir 3.25% M.f. (2 L),https://tb-static.uber.com/prod/image-proc/processed_images/3685f60a82eee5dc57773aa433cc756a/f9586c36ab7db84d09b777cee8c829b1.jpeg,NOT CARRIED,NOT CARRIED,,$7.45,Available,,$7.45,Available,,NOT CARRIED,NOT CARRIED,,$7.45,Available,,NOT CARRIED,NOT CARRIED,,NOT CARRIED,NOT CARRIED,
"Grandmother'S Bake Shoppe Pecan Butter Tarts, 15X85G",https://tb-static.uber.com/prod/image-proc/processed_images/1891df9c744f3a71e63e0ebf1acb30de/b4665c191b34baf3d0e0fa45dfdd3d1d.jpeg,NOT CARRIED,NOT CARRIED,,$10.65,Available,,$10.65,Available,,$10.65,Available,,$10.65,Available,,$10.65,Available,,NOT CARRIED,NOT CARRIED,
Grape Leaves Food Middle Eastern Style Garlic Sauce (907 g),https://tb-static.uber.com/prod/image-proc/processed_images/ba5cabf05c6462e5b925b573b9e1f487/957777de4e8d7439bef56daddbfae227.jpeg,NOT CARRIED,NOT CARRIED,,NOT CARRIED,NOT CARRIED,,$9.59,Available,,$9.59,Available,,$9.59,Available,,NOT CARRIED,NOT CARRIED,,NOT CARRIED,NOT CARRIED,
"Grape Tomatoes, 907 G",https://tb-static.uber.com/prod/image-proc/processed_images/3ca046a09bb490af092f3225287fd1d1/b4665c191b34baf3d0e0fa45dfdd3d1d.jpeg,$9.05,Available,,$9.05,Available,,NOT CARRIED,NOT CARRIED,,$9.05,Available,,$9.05,Available,,$9.05,Available,,NOT CARRIED,NOT CARRIED,
"Greek Gods Honey Yogurt, 2 X 650 G",https://tb-static.uber.com/prod/image-proc/processed_images/16cae67f8251e4ee79c9b39044ce760b/b4665c191b34baf3d0e0fa45dfdd3d1d.jpeg,$12.25,Available,,$12.25,Available,,$12.25,Available,,$12.25,Available,,$12.25,Available,,$12.25,Available,,NOT CARRIED,NOT CARRIED,
Greek Salad,https://tb-static.uber.com/prod/image-proc/processed_images/90d00c112689f6b52d4a2dd758c7906d/b4665c191b34baf3d0e0fa45dfdd3d1d.jpeg,$17.51,Available,,$17.51,Available,,$17.51,Available,,$17.51,Available,,$17.51,Available,,$17.51,Available,,NOT CARRIED,NOT CARRIED,
Green Giant Whole Kernel Golden Corn Niblets (12 x 341 ml),https://tb-static.uber.com/prod/image-proc/processed_images/848462d9e2c4593a912e2c82e55bb9ec/0e5313be7a8831b8ed60f8dab3c2df10.jpeg,NOT CARRIED,NOT CARRIED,,NOT CARRIED,NOT CARRIED,,NOT CARRIED,NOT CARRIED,,NOT CARRIED,NOT CARRIED,,NOT CARRIED,NOT CARRIED,,NOT CARRIED,NOT CARRIED,,$18.12,Available,
Green Valley Large Brown Eggs (300 g),https://tb-static.uber.com/prod/image-proc/processed_images/f80ce896bc4a33d1b2daa5f2a2aca032/957777de4e8d7439bef56daddbfae227.jpeg,$12.79,Available,,NOT CARRIED,NOT CARRIED,,NOT CARRIED,NOT CARRIED,,NOT CARRIED,NOT CARRIED,,NOT CARRIED,NOT CARRIED,,NOT CARRIED,NOT CARRIED,,NOT CARRIED,NOT CARRIED,
Greenfield Natural Meat Co. Breakfast Sausage Rounds (1.5 kg),https://tb-static.uber.com/prod/image-proc/processed_images/920a20b7fa755d8ab4f689364dc8ee82/b4665c191b34baf3d0e0fa45dfdd3d1d.jpeg,$21.32,Available,,$21.32,Available,,$21.32,Available,,$21.32,Available,,$21.32,Available,,$21.32,Available,,NOT CARRIED,NOT CARRIED,
Greenfield Natural Meat Co. Humanely Raised Vagetable Grain Bacon (3 x 375 g),https://tb-static.uber.com/prod/image-proc/processed_images/756759635fa6c0a808df71a8467ca1b5/b4665c191b34baf3d0e0fa45dfdd3d1d.jpeg,$20.26,Available,,$20.26,Available,,$20.26,Available,,NOT CARRIED,NOT CARRIED,,$20.26,Available,,$20.26,Available,,NOT CARRIED,NOT CARRIED,
Greenmade Instacrate,https://tb-static.uber.com/prod/image-proc/processed_images/ca140c05d490b83feeefbf8b0a8ffce3/b4665c191b34baf3d0e0fa45dfdd3d1d.jpeg,$13.32,Available,,NOT CARRIED,NOT CARRIED,,NOT CARRIED,NOT CARRIED,,NOT CARRIED,NOT CARRIED,,$13.32,Available,,NOT CARRIED,NOT CARRIED,,NOT CARRIED,NOT CARRIED,
"Greenmade Instaview Multi-Use Storage Bin 45 Quart, Clear (3 ct)",https://tb-static.uber.com/prod/image-proc/processed_images/b981fb9a9f0ed75e0b2163c1574e12dd/b4665c191b34baf3d0e0fa45dfdd3d1d.jpeg,$30.93,Available,,NOT CARRIED,NOT CARRIED,,NOT CARRIED,NOT CARRIED,,$30.93,Available,,$30.93,Available,,NOT CARRIED,NOT CARRIED,,NOT CARRIED,NOT CARRIED,
"Grenade Protein Bars, Chocolate Chip-Salted Caramel (14 x 60 g)",https://tb-static.uber.com/prod/image-proc/processed_images/3e7335bd2575be39205fb601785f772e/b4665c191b34baf3d0e0fa45dfdd3d1d.jpeg,$31.99,Available,,$31.99,Available,,$31.99,Available,,$31.99,Available,,$31.99,Available,,$31.99,Available,,$31.99,Available,
"Grimm's Yours Naturally Pepperoni, Lean Turkey (2 x 500 g)",https://tb-static.uber.com/prod/image-proc/processed_images/1af717e71272298e8dc280ea68cc036d/f9586c36ab7db84d09b777cee8c829b1.jpeg,NOT CARRIED,NOT CARRIED,,$24.53,Available,,$24.53,Available,,$24.53,Available,,NOT CARRIED,NOT CARRIED,,NOT CARRIED,NOT CARRIED,,NOT CARRIED,NOT CARRIED,
Growers Bunch Assortment,https://tb-static.uber.com/prod/image-proc/processed_images/ff50aa185417329b5a35a8636f654927/b4665c191b34baf3d0e0fa45dfdd3d1d.jpeg,$15.99,Available,,$15.99,Available,,$15.99,Available,,$15.99,Available,,$15.99,Available,,$15.99,Available,,NOT CARRIED,NOT CARRIED,
"Grown Right No Sugar Added 100% Organic Juice, Orange (2 x 1.89 L)",https://tb-static.uber.com/prod/image-proc/processed_images/b42b95bf11e0f6f5036c7a71024402ac/f9586c36ab7db84d09b777cee8c829b1.jpeg,$13.86,Available,,$13.86,Available,,$13.86,Available,,$13.86,Available,,$13.86,Available,,$13.86,Available,,$13.86,Available,
"Grown Right Organic 100% Juice, Mango Orange (3.78 L, 2 ct)",https://tb-static.uber.com/prod/image-proc/processed_images/1404ad709ab54a157b0256df2e8dc90d/f9586c36ab7db84d09b777cee8c829b1.jpeg,NOT CARRIED,NOT CARRIED,,$10.65,Available,,$10.65,Available,,$10.65,Available,,$10.65,Available,,$10.65,Available,,$10.65,Available,
Guava 907 G / 2 Lb,https://tb-static.uber.com/prod/image-proc/processed_images/5de3326a4bbfd55c049e1c94a6b3b57f/b4665c191b34baf3d0e0fa45dfdd3d1d.jpeg,$7.99,Available,,$7.99,Available,,$7.99,Available,,$7.99,Available,,$7.99,Available,,$7.99,Available,,NOT CARRIED,NOT CARRIED,
"Guess Dial Watch, Women, White",https://tb-static.uber.com/prod/image-proc/processed_images/2f177b18b66ec7e39f8c0b933c46cff1/b4665c191b34baf3d0e0fa45dfdd3d1d.jpeg,NOT CARRIED,NOT CARRIED,,NOT CARRIED,NOT CARRIED,,NOT CARRIED,NOT CARRIED,,NOT CARRIED,NOT CARRIED,,NOT CARRIED,NOT CARRIED,,$138.69,Available,,NOT CARRIED,NOT CARRIED,
Guinness Non-Alcoholic Draught Beer (18 x 440 ml),https://tb-static.uber.com/prod/image-proc/processed_images/60682ae0839184de3e6d9e7219410dfa/b4665c191b34baf3d0e0fa45dfdd3d1d.jpeg,NOT CARRIED,NOT CARRIED,,NOT CARRIED,NOT CARRIED,,NOT CARRIED,NOT CARRIED,,NOT CARRIED,NOT CARRIED,,$39.46,Available,,NOT CARRIED,NOT CARRIED,,$39.46,Available,
Guinness Smoothy & Creamy Draught Stout Beer (8 x 440 ml),https://tb-static.uber.com/prod/image-proc/processed_images/fc5de192d3b18bf354a7bd63c6db3ccd/b4665c191b34baf3d0e0fa45dfdd3d1d.jpeg,$23.46,Available,,NOT CARRIED,NOT CARRIED,,NOT CARRIED,NOT CARRIED,,NOT CARRIED,NOT CARRIED,,$23.46,Available,,$23.46,Available,,NOT CARRIED,NOT CARRIED,
"HP 67Xl Original Ink Cartridges, Black Noir-Tri-Color (2 ct)",https://tb-static.uber.com/prod/image-proc/processed_images/e85b37e14db112740108977874347a71/f9586c36ab7db84d09b777cee8c829b1.jpeg,$85.34,Available,,$85.34,Available,,$85.34,Available,,$85.34,Available,,NOT CARRIED,NOT CARRIED,,$85.34,Available,,$85.34,Available,
"HP High Yield Original 902 Xl Ink Cartridges, Assorted (3 ct)",https://tb-static.uber.com/prod/image-proc/processed_images/41b95a79b48f53ee3777641bcfff831e/f9586c36ab7db84d09b777cee8c829b1.jpeg,NOT CARRIED,NOT CARRIED,,NOT CARRIED,NOT CARRIED,,NOT CARRIED,NOT CARRIED,,NOT CARRIED,NOT CARRIED,,NOT CARRIED,NOT CARRIED,,NOT CARRIED,NOT CARRIED,,$128.02,Available,
"HP High Yield Original Ink Cartridges 952xl, Black (2 ct)",https://tb-static.uber.com/prod/image-proc/processed_images/88fb845ca0d71e8b1030958c1a21b982/f9586c36ab7db84d09b777cee8c829b1.jpeg,NOT CARRIED,NOT CARRIED,,NOT CARRIED,NOT CARRIED,,NOT CARRIED,NOT CARRIED,,NOT CARRIED,NOT CARRIED,,NOT CARRIED,NOT CARRIED,,$170.70,Available,,$170.70,Available,
"HP High Yield Original Ink Cartridges pack 952 Xl, Assorted (600 g)",https://tb-static.uber.com/prod/image-proc/processed_images/077eee672a3e24c268375f4843a1d24a/f9586c36ab7db84d09b777cee8c829b1.jpeg,NOT CARRIED,NOT CARRIED,,$192.04,Available,,$192.04,Available,,NOT CARRIED,NOT CARRIED,,$192.04,Available,,$192.04,Available,,NOT CARRIED,NOT CARRIED,
Hada Labo Tokyo Super Hydration Set,https://tb-static.uber.com/prod/image-proc/processed_images/22a00c9c8b0e590ddf493159057dd606/b4665c191b34baf3d0e0fa45dfdd3d1d.jpeg,NOT CARRIED,NOT CARRIED,,NOT CARRIED,NOT CARRIED,,$37.31,Available,,NOT CARRIED,NOT CARRIED,,NOT CARRIED,NOT CARRIED,,NOT CARRIED,NOT CARRIED,,NOT CARRIED,NOT CARRIED,
Haddock Fillets,https://tb-static.uber.com/prod/image-proc/processed_images/d240e222704397283444a3de1a053652/b4665c191b34baf3d0e0fa45dfdd3d1d.jpeg,$29.12,Available,,$36.05,Available,,$29.12,Available,,$36.05,Available,,$29.12,Available,,$29.12,Available,,NOT CARRIED,NOT CARRIED,
"Halenda'S Sliced Back Bacon, 2 X 1.25 Kg Average Weight*",https://tb-static.uber.com/prod/image-proc/processed_images/2c3dd3150792e77f78389099ca6d12de/b4665c191b34baf3d0e0fa45dfdd3d1d.jpeg,NOT CARRIED,NOT CARRIED,,NOT CARRIED,NOT CARRIED,,NOT CARRIED,NOT CARRIED,,NOT CARRIED,NOT CARRIED,,NOT CARRIED,NOT CARRIED,,NOT CARRIED,NOT CARRIED,,$15.99,Available,
Halls Mentho-Lyptus No Sugar Added (10 g),https://tb-static.uber.com/prod/image-proc/processed_images/d0b3732dda50953ae40c2aee533302af/b4665c191b34baf3d0e0fa45dfdd3d1d.jpeg,NOT CARRIED,NOT CARRIED,,NOT CARRIED,NOT CARRIED,,NOT CARRIED,NOT CARRIED,,NOT CARRIED,NOT CARRIED,,NOT CARRIED,NOT CARRIED,,NOT CARRIED,NOT CARRIED,,$21.22,Available,
"Halls Mento-Lyptus Cough & Soothes Sore Throat Relief Lozenges, Cherry (9 ct)",https://tb-static.uber.com/prod/image-proc/processed_images/a7d24b5269602b7f73af60ca3f3bd403/b4665c191b34baf3d0e0fa45dfdd3d1d.jpeg,NOT CARRIED,NOT CARRIED,,NOT CARRIED,NOT CARRIED,,NOT CARRIED,NOT CARRIED,,NOT CARRIED,NOT CARRIED,,NOT CARRIED,NOT CARRIED,,NOT CARRIED,NOT CARRIED,,$21.22,Available,
"Halls Mento-Lyptus, Black Cherry",https://tb-static.uber.com/prod/image-proc/processed_images/1eb3bc04b7eaf61358f80aed3664d4a3/b4665c191b34baf3d0e0fa45dfdd3d1d.jpeg,NOT CARRIED,NOT CARRIED,,NOT CARRIED,NOT CARRIED,,NOT CARRIED,NOT CARRIED,,NOT CARRIED,NOT CARRIED,,NOT CARRIED,NOT CARRIED,,NOT CARRIED,NOT CARRIED,,$21.22,Available,
"Halls Sugar Free Vitamin Supplement Drops, Citrus (20 ct)",https://tb-static.uber.com/prod/image-proc/processed_images/5f76d73dbe69f7a8bb78cdb74e4eb15e/0e5313be7a8831b8ed60f8dab3c2df10.jpeg,NOT CARRIED,NOT CARRIED,,NOT CARRIED,NOT CARRIED,,NOT CARRIED,NOT CARRIED,,NOT CARRIED,NOT CARRIED,,NOT CARRIED,NOT CARRIED,,NOT CARRIED,NOT CARRIED,,$21.22,Available,
"Hampton House Chicken Parmesan (1.2 kg, 8 ct)",https://tb-static.uber.com/prod/image-proc/processed_images/0780ba015df35a24727908a041b8944d/f9586c36ab7db84d09b777cee8c829b1.jpeg,$15.99,Available,,$15.99,Available,,$15.99,Available,,$15.99,Available,,$15.99,Available,,$15.99,Available,,NOT CARRIED,NOT CARRIED,
"Hampton House Frozen Buffalo Chicken Strips, 2 Kg",https://tb-static.uber.com/prod/image-proc/processed_images/fcd4c730d42fb81f2ee8e6ec184d9ae3/b4665c191b34baf3d0e0fa45dfdd3d1d.jpeg,NOT CARRIED,NOT CARRIED,,$26.66,Available,,$26.66,Available,,$26.66,Available,,$26.66,Available,,$26.66,Available,,NOT CARRIED,NOT CARRIED,
Hampton House Spicy Crispy Chicken Breast (1.5 kg),https://tb-static.uber.com/prod/image-proc/processed_images/92677132babc42b4ccb01854125381c4/b4665c191b34baf3d0e0fa45dfdd3d1d.jpeg,$25.59,Available,,$25.59,Available,,$25.59,Available,,$25.59,Available,,$25.59,Available,,$25.59,Available,,NOT CARRIED,NOT CARRIED,
"Handcrew Foam Latex Gloves, 14-Pack",https://tb-static.uber.com/prod/image-proc/processed_images/0c387b7fa0665d285093ff5ec3784b69/b4665c191b34baf3d0e0fa45dfdd3d1d.jpeg,NOT CARRIED,NOT CARRIED,,NOT CARRIED,NOT CARRIED,,NOT CARRIED,NOT CARRIED,,$18.12,Available,,NOT CARRIED,NOT CARRIED,,NOT CARRIED,NOT CARRIED,,$18.12,Available,
"Hannah Organic Falafel, 907 G",https://tb-static.uber.com/prod/image-proc/processed_images/606b885c9e5ed299c1ec66633a86d760/b4665c191b34baf3d0e0fa45dfdd3d1d.jpeg,NOT CARRIED,NOT CARRIED,,NOT CARRIED,NOT CARRIED,,$18.12,Available,,NOT CARRIED,NOT CARRIED,,NOT CARRIED,NOT CARRIED,,$18.12,Available,,NOT CARRIED,NOT CARRIED,
"Harvest Creek Black Forest Ham, 3.5 Kg Average Weight*",https://tb-static.uber.com/prod/image-proc/processed_images/c32db91f1a508863c2f47f602e906783/b4665c191b34baf3d0e0fa45dfdd3d1d.jpeg,NOT CARRIED,NOT CARRIED,,NOT CARRIED,NOT CARRIED,,NOT CARRIED,NOT CARRIED,,NOT CARRIED,NOT CARRIED,,NOT CARRIED,NOT CARRIED,,NOT CARRIED,NOT CARRIED,,$37.27,Available,
Harvest Creek Cooked Chicken Roast 3.5 Kg Average Weight*,https://tb-static.uber.com/prod/image-proc/processed_images/1ab20e399dd8ce3166c3383a58accf2f/b4665c191b34baf3d0e0fa45dfdd3d1d.jpeg,NOT CARRIED,NOT CARRIED,,NOT CARRIED,NOT CARRIED,,NOT CARRIED,NOT CARRIED,,NOT CARRIED,NOT CARRIED,,NOT CARRIED,NOT CARRIED,,NOT CARRIED,NOT CARRIED,,$37.27,Available,
"Harvest Creek Old Fashioned Ham Roast, 3.5 Kg Average Weight*",https://tb-static.uber.com/prod/image-proc/processed_images/e95e79611322e8d0119936b21224d74b/b4665c191b34baf3d0e0fa45dfdd3d1d.jpeg,NOT CARRIED,NOT CARRIED,,NOT CARRIED,NOT CARRIED,,NOT CARRIED,NOT CARRIED,,NOT CARRIED,NOT CARRIED,,NOT CARRIED,NOT CARRIED,,NOT CARRIED,NOT CARRIED,,$37.27,Available,
Hd Expert Def 9.46L (2.5 Gal),https://tb-static.uber.com/prod/image-proc/processed_images/b7d3499b2bcda0fbf97117526d1434c0/b4665c191b34baf3d0e0fa45dfdd3d1d.jpeg,NOT CARRIED,NOT CARRIED,,NOT CARRIED,NOT CARRIED,,$17.06,Available,,NOT CARRIED,NOT CARRIED,,NOT CARRIED,NOT CARRIED,,NOT CARRIED,NOT CARRIED,,NOT CARRIED,NOT CARRIED,
Healthy Choice Greek Yogurt Frozen Bars (14 x 80 ml),https://tb-static.uber.com/prod/image-proc/processed_images/aa6815aeff396c83b3b4ae795232760c/f9586c36ab7db84d09b777cee8c829b1.jpeg,$12.79,Available,,$12.79,Available,,$12.79,Available,,$12.79,Available,,$12.79,Available,,$12.79,Available,,NOT CARRIED,NOT CARRIED,
"Heavenly Hunks Gluten-Free Cookies, Oatmeal Dark Chocolate (567 g, 20 ct)",https://tb-static.uber.com/prod/image-proc/processed_images/b3dd3a85c41be256e1088e8282e53929/b4665c191b34baf3d0e0fa45dfdd3d1d.jpeg,$10.65,Available,,$10.65,Available,,$10.65,Available,,NOT CARRIED,NOT CARRIED,,$10.65,Available,,$10.65,Available,,NOT CARRIED,NOT CARRIED,
Heineken 24X330Ml,https://cn-geo1.uber.com/static/mobile-content/eats/placeholder_images/placeholder_image_grocery_300x300.png,NOT CARRIED,NOT CARRIED,,$47.96,Available,,$47.96,Available,,$47.96,Available,,NOT CARRIED,NOT CARRIED,,NOT CARRIED,NOT CARRIED,,$47.96,Available,
Heineken Alcohol Free Beer (24 x 330 ml),https://tb-static.uber.com/prod/image-proc/processed_images/31fefd2cd4bed3f8dfb7b38156eda717/f9586c36ab7db84d09b777cee8c829b1.jpeg,NOT CARRIED,NOT CARRIED,,NOT CARRIED,NOT CARRIED,,NOT CARRIED,NOT CARRIED,,NOT CARRIED,NOT CARRIED,,NOT CARRIED,NOT CARRIED,,$35.20,Available,,NOT CARRIED,NOT CARRIED,
"Heinz Cheddar Chipotle Dip Trempette (4.4 kg, 100 ct)",https://tb-static.uber.com/prod/image-proc/processed_images/8f464da80c2945d8b436d9b3da9cd6c0/b4665c191b34baf3d0e0fa45dfdd3d1d.jpeg,NOT CARRIED,NOT CARRIED,,NOT CARRIED,NOT CARRIED,,NOT CARRIED,NOT CARRIED,,NOT CARRIED,NOT CARRIED,,NOT CARRIED,NOT CARRIED,,NOT CARRIED,NOT CARRIED,,$48.00,Available,
"Heinz Ketchup, Tomato (1.5 L, 2 ct)",https://tb-static.uber.com/prod/image-proc/processed_images/d3d3362e67360086b25d1ffc20440e7b/b4665c191b34baf3d0e0fa45dfdd3d1d.jpeg,NOT CARRIED,NOT CARRIED,,NOT CARRIED,NOT CARRIED,,NOT CARRIED,NOT CARRIED,,NOT CARRIED,NOT CARRIED,,NOT CARRIED,NOT CARRIED,,NOT CARRIED,NOT CARRIED,,$12.25,Available,
Hellmann's Real Mayonnaise (1.8 L),https://tb-static.uber.com/prod/image-proc/processed_images/4f5a47cc5790ddf405f8ff5dcdd777ac/f9586c36ab7db84d09b777cee8c829b1.jpeg,$11.72,Available,,$11.72,Available,,NOT CARRIED,NOT CARRIED,,NOT CARRIED,NOT CARRIED,,NOT CARRIED,NOT CARRIED,,NOT CARRIED,NOT CARRIED,,$11.72,Available,
"Henckels Paradigm Hybrid Ceramic Non-Stick Tri-Ply Clad Skillet Set, 3-Pieces",https://tb-static.uber.com/prod/image-proc/processed_images/b4b5e84196a76eb35b711a75379493c7/b4665c191b34baf3d0e0fa45dfdd3d1d.jpeg,NOT CARRIED,NOT CARRIED,,NOT CARRIED,NOT CARRIED,,NOT CARRIED,NOT CARRIED,,NOT CARRIED,NOT CARRIED,,NOT CARRIED,NOT CARRIED,,NOT CARRIED,NOT CARRIED,,$122.69,Available,
Henry Of Pelham Old Vines Vqa Baco Noir Wine (750 ml),https://tb-static.uber.com/prod/image-proc/processed_images/00f459cf44a742f246d29b90b0edc5cd/2ecda260bcb4a75235533df4a61ef085.jpeg,NOT CARRIED,NOT CARRIED,,$18.12,Available,,$18.12,Available,,NOT CARRIED,NOT CARRIED,,NOT CARRIED,NOT CARRIED,,$18.12,Available,,NOT CARRIED,NOT CARRIED,
"Herbal Essences Shampoo, 1 L",https://tb-static.uber.com/prod/image-proc/processed_images/2bc3812e5a62f4715ea8a286247ed543/b4665c191b34baf3d0e0fa45dfdd3d1d.jpeg,$15.99,Available,22% off,$15.99,Available,22% off,$15.99,Available,22% off,$15.99,Available,22% off,$15.99,Available,22% off,$15.99,Available,22% off,NOT CARRIED,NOT CARRIED,
Hero Original & Invisible+ Mighty Patch (84 ct),https://tb-static.uber.com/prod/image-proc/processed_images/fc7c05d6495a5304b52271191046fa3c/b4665c191b34baf3d0e0fa45dfdd3d1d.jpeg,$31.99,Available,19% off,$31.99,Available,19% off,$31.99,Available,19% off,$31.99,Available,19% off,$31.99,Available,19% off,$31.99,Available,19% off,$31.99,Available,19% off
"Hershey’S Cookies 'N' Creme Chocolate Bars, 36-Count",https://tb-static.uber.com/prod/image-proc/processed_images/900c650d7a6be752b43fe48e9ff73649/b4665c191b34baf3d0e0fa45dfdd3d1d.jpeg,NOT CARRIED,NOT CARRIED,,NOT CARRIED,NOT CARRIED,,NOT CARRIED,NOT CARRIED,,NOT CARRIED,NOT CARRIED,,NOT CARRIED,NOT CARRIED,,NOT CARRIED,NOT CARRIED,,$46.29,Available,
Highline Mini Bella Mushrooms (680G / 1.5 Lb),https://tb-static.uber.com/prod/image-proc/processed_images/0ba4fa20748427bf156ead42d1e415e1/b4665c191b34baf3d0e0fa45dfdd3d1d.jpeg,$6.39,Available,,$6.39,Available,,$6.39,Available,,$6.39,Available,,$6.39,Available,,$6.39,Available,,NOT CARRIED,NOT CARRIED,
"Hisense 32"" Class - A4Nv Series - 720P Hd Led Tv",https://tb-static.uber.com/prod/image-proc/processed_images/382d0a2077e79f0a3d5a3b69ec9b2d2a/b4665c191b34baf3d0e0fa45dfdd3d1d.jpeg,$188.84,Available,11% off,$188.84,Available,11% off,NOT CARRIED,NOT CARRIED,,$188.84,Available,11% off,$188.84,Available,11% off,$188.84,Available,11% off,NOT CARRIED,NOT CARRIED,
"Hisense 50"" Class - Qd6Qv Series - 4K Uhd Qled Tv",https://tb-static.uber.com/prod/image-proc/processed_images/9ca9176a311b32ec0b7b51ec4a337bfe/b4665c191b34baf3d0e0fa45dfdd3d1d.jpeg,$413.99,Available,7% off,$413.99,Available,7% off,NOT CARRIED,NOT CARRIED,,$413.99,Available,7% off,$413.99,Available,7% off,$413.99,Available,7% off,NOT CARRIED,NOT CARRIED,
"Ho-Ya Ramen Noodles, Golden Chicken (12 x 70 g)",https://tb-static.uber.com/prod/image-proc/processed_images/4e1cfea9536ead6c0240d9d0fcea4414/f9586c36ab7db84d09b777cee8c829b1.jpeg,NOT CARRIED,NOT CARRIED,,NOT CARRIED,NOT CARRIED,,NOT CARRIED,NOT CARRIED,,NOT CARRIED,NOT CARRIED,,NOT CARRIED,NOT CARRIED,,NOT CARRIED,NOT CARRIED,,$10.65,Available,
Homedics Portable Premium Steam Sauna,https://tb-static.uber.com/prod/image-proc/processed_images/f825922cd160686a9ed3af541508ba57/b4665c191b34baf3d0e0fa45dfdd3d1d.jpeg,NOT CARRIED,NOT CARRIED,,NOT CARRIED,NOT CARRIED,,NOT CARRIED,NOT CARRIED,,NOT CARRIED,NOT CARRIED,,$306.99,Available,,NOT CARRIED,NOT CARRIED,,NOT CARRIED,NOT CARRIED,
Hot House Strawberries 795 G / 1.75 Lb,https://tb-static.uber.com/prod/image-proc/processed_images/f4888220da852f1cc8a23ca60560e670/b4665c191b34baf3d0e0fa45dfdd3d1d.jpeg,$13.86,Available,,NOT CARRIED,NOT CARRIED,,NOT CARRIED,NOT CARRIED,,NOT CARRIED,NOT CARRIED,,$13.86,Available,,$13.86,Available,,NOT CARRIED,NOT CARRIED,
Hoto - Rechargeable Electric Rotating Scrub Brush,https://tb-static.uber.com/prod/image-proc/processed_images/8cefa2cf11a967725b6c10ce81cc6dc8/b4665c191b34baf3d0e0fa45dfdd3d1d.jpeg,NOT CARRIED,NOT CARRIED,,$31.99,Available,,$31.99,Available,,$31.99,Available,,$31.99,Available,,NOT CARRIED,NOT CARRIED,,NOT CARRIED,NOT CARRIED,
Hoya Naturally Brewed Soy Sauce (2 x 1 L),https://tb-static.uber.com/prod/image-proc/processed_images/ef4b441957b1dc8679aca3786927620c/b4665c191b34baf3d0e0fa45dfdd3d1d.jpeg,NOT CARRIED,NOT CARRIED,,NOT CARRIED,NOT CARRIED,,NOT CARRIED,NOT CARRIED,,NOT CARRIED,NOT CARRIED,,NOT CARRIED,NOT CARRIED,,NOT CARRIED,NOT CARRIED,,$9.05,Available,
"Hp 962Xl Cyan, Magenta And Yellow High Yield Original Ink Cartridges (3Jb36Bn)  Combo-Pack",https://tb-static.uber.com/prod/image-proc/processed_images/df176658b16dfb54410ead6d102de857/b4665c191b34baf3d0e0fa45dfdd3d1d.jpeg,$181.37,Available,,$181.37,Available,,$181.37,Available,,$181.37,Available,,$181.37,Available,,$181.37,Available,,$181.37,Available,
Hp Smart Tank 5104 All-In-One Printer With Bonus Black Ink,https://tb-static.uber.com/prod/image-proc/processed_images/3ee602900a32e3d74f6a3960b48e0a04/b4665c191b34baf3d0e0fa45dfdd3d1d.jpeg,$316.99,Available,,$316.99,Available,,$316.99,Available,,$316.99,Available,,$316.99,Available,,NOT CARRIED,NOT CARRIED,,$316.99,Available,
"Huggies Huggies Pull-Ups Plus Training Pants 2T - 3T Girl, 128-Pack",https://tb-static.uber.com/prod/image-proc/processed_images/701d5bacf40fbcf91ec334663ae51db7/b4665c191b34baf3d0e0fa45dfdd3d1d.jpeg,$50.13,Available,20% off,$50.13,Available,20% off,$50.13,Available,20% off,$50.13,Available,20% off,$50.13,Available,20% off,$50.13,Available,20% off,NOT CARRIED,NOT CARRIED,
"Huggies Huggies Pull-Ups Plus Training Pants, 2T To 3T Boy, 128-Pack",https://tb-static.uber.com/prod/image-proc/processed_images/edc6a97f28bb3185f3733549c75d208c/b4665c191b34baf3d0e0fa45dfdd3d1d.jpeg,$50.13,Available,20% off,$50.13,Available,20% off,$50.13,Available,20% off,$50.13,Available,20% off,$50.13,Available,20% off,$50.13,Available,20% off,NOT CARRIED,NOT CARRIED,
"Huggies Little Movers Plus Diapers, Size 3, 204-Pack",https://tb-static.uber.com/prod/image-proc/processed_images/7b421ea999daca2d3adcb85838109ae6/b4665c191b34baf3d0e0fa45dfdd3d1d.jpeg,$56.54,Available,19% off,$56.54,Available,19% off,$56.54,Available,19% off,$56.54,Available,19% off,$56.54,Available,19% off,$56.54,Available,19% off,NOT CARRIED,NOT CARRIED,
"Huggies Little Snugglers Plus Baby Diapers, 1 (192 ct)",https://tb-static.uber.com/prod/image-proc/processed_images/0ef2a176385d5bdb754c572cecd3c598/b4665c191b34baf3d0e0fa45dfdd3d1d.jpeg,$47.47,Available,23% off,$47.47,Available,23% off,NOT CARRIED,NOT CARRIED,,$47.47,Available,23% off,$47.47,Available,23% off,$47.47,Available,23% off,NOT CARRIED,NOT CARRIED,
"Huggies Natural Care Plus Sensitive Skin Baby Wipes, 7.7x6.6 in (1080 ct)",https://tb-static.uber.com/prod/image-proc/processed_images/f0edf3fa40b69e9049de6dccba252c9f/b4665c191b34baf3d0e0fa45dfdd3d1d.jpeg,$30.93,Available,,$30.93,Available,,$30.93,Available,,$30.93,Available,,$30.93,Available,,$30.93,Available,,$30.93,Available,
"Huggies Pull-Ups Plus Boys Training Pants, 4-5T (102 ct)",https://tb-static.uber.com/prod/image-proc/processed_images/6b1b9005ccd71faa662a40aaa4f6ffcb/b4665c191b34baf3d0e0fa45dfdd3d1d.jpeg,$50.13,Available,20% off,$50.13,Available,20% off,$50.13,Available,20% off,$50.13,Available,20% off,$50.13,Available,20% off,$50.13,Available,20% off,NOT CARRIED,NOT CARRIED,
"Huggies Pull-Ups Plus Promise Protection & Comfort Training Pants For Girls, 4T-5T (102 ct)",https://tb-static.uber.com/prod/image-proc/processed_images/bf633d8b5dd513762e6a4bc9d9fd6b61/b4665c191b34baf3d0e0fa45dfdd3d1d.jpeg,NOT CARRIED,NOT CARRIED,,NOT CARRIED,NOT CARRIED,,NOT CARRIED,NOT CARRIED,,$50.13,Available,20% off,NOT CARRIED,NOT CARRIED,,NOT CARRIED,NOT CARRIED,,NOT CARRIED,NOT CARRIED,
"Huggies Pull-Ups Plus Training Pants, 3T-4T (116 ct)",https://tb-static.uber.com/prod/image-proc/processed_images/cfb32c15860779b050109541acabdb3f/b4665c191b34baf3d0e0fa45dfdd3d1d.jpeg,NOT CARRIED,NOT CARRIED,,NOT CARRIED,NOT CARRIED,,$50.13,Available,20% off,NOT CARRIED,NOT CARRIED,,NOT CARRIED,NOT CARRIED,,NOT CARRIED,NOT CARRIED,,NOT CARRIED,NOT CARRIED,
Hurley 5 Pocket Pant,https://tb-static.uber.com/prod/image-proc/processed_images/c518bee59aceadd72c50868e4ca59ab2/b4665c191b34baf3d0e0fa45dfdd3d1d.jpeg,$26.66,Available,,NOT CARRIED,NOT CARRIED,,NOT CARRIED,NOT CARRIED,,$26.66,Available,,NOT CARRIED,NOT CARRIED,,NOT CARRIED,NOT CARRIED,,NOT CARRIED,NOT CARRIED,
Hurley 5 Pocket Pant 32 C24 L96 P672 D63 $24.99,https://tb-static.uber.com/prod/image-proc/processed_images/c518bee59aceadd72c50868e4ca59ab2/b4665c191b34baf3d0e0fa45dfdd3d1d.jpeg,NOT CARRIED,NOT CARRIED,,$26.66,Available,,NOT CARRIED,NOT CARRIED,,NOT CARRIED,NOT CARRIED,,NOT CARRIED,NOT CARRIED,,$26.66,Available,,NOT CARRIED,NOT CARRIED,
Hurley 5 Pocket Pant 34 C24 L96 P672 D75 $24.99,https://tb-static.uber.com/prod/image-proc/processed_images/c518bee59aceadd72c50868e4ca59ab2/b4665c191b34baf3d0e0fa45dfdd3d1d.jpeg,NOT CARRIED,NOT CARRIED,,NOT CARRIED,NOT CARRIED,,$26.66,Available,,NOT CARRIED,NOT CARRIED,,NOT CARRIED,NOT CARRIED,,NOT CARRIED,NOT CARRIED,,NOT CARRIED,NOT CARRIED,
Hurley 5 Pocket Pant 36 C24 L96 P672 D60 $24.99,https://tb-static.uber.com/prod/image-proc/processed_images/c518bee59aceadd72c50868e4ca59ab2/b4665c191b34baf3d0e0fa45dfdd3d1d.jpeg,NOT CARRIED,NOT CARRIED,,$26.66,Available,,$26.66,Available,,$26.66,Available,,NOT CARRIED,NOT CARRIED,,NOT CARRIED,NOT CARRIED,,NOT CARRIED,NOT CARRIED,
"Häagen-Dazs Ice Cream Bars, Vanilla Almond (9 x 88 ml)",https://tb-static.uber.com/prod/image-proc/processed_images/d63146b8ba0f08b15d094decc922e613/2ecda260bcb4a75235533df4a61ef085.jpeg,$14.92,Available,20% off,$14.92,Available,20% off,$14.92,Available,20% off,NOT CARRIED,NOT CARRIED,,$14.92,Available,20% off,NOT CARRIED,NOT CARRIED,,$14.92,Available,20% off
Ice River Natural Spring Water (15 L),https://tb-static.uber.com/prod/image-proc/processed_images/c31f25c132c4277b7790b61e30f07cbd/f9586c36ab7db84d09b777cee8c829b1.jpeg,NOT CARRIED,NOT CARRIED,,$4.57,Available,,NOT CARRIED,NOT CARRIED,,$4.57,Available,,$4.57,Available,,NOT CARRIED,NOT CARRIED,,NOT CARRIED,NOT CARRIED,
Iceshield Ice Melter 22.7Kg,https://tb-static.uber.com/prod/image-proc/processed_images/859e0888b6cdbb3c975063ae19287231/b4665c191b34baf3d0e0fa45dfdd3d1d.jpeg,$20.26,Available,,$20.26,Available,,$20.26,Available,,$20.26,Available,,NOT CARRIED,NOT CARRIED,,$20.26,Available,,$20.26,Available,
Ieco Hinged Bagasse Containers (100 ct),https://tb-static.uber.com/prod/image-proc/processed_images/b57f5c17852e718b7502841f5e56909a/f9586c36ab7db84d09b777cee8c829b1.jpeg,NOT CARRIED,NOT CARRIED,,NOT CARRIED,NOT CARRIED,,NOT CARRIED,NOT CARRIED,,NOT CARRIED,NOT CARRIED,,NOT CARRIED,NOT CARRIED,,NOT CARRIED,NOT CARRIED,,$20.26,Available,
"Infuse Bamboo Steamer Set, 4-Pieces",https://tb-static.uber.com/prod/image-proc/processed_images/adb8ed3e9d4cdf74505ecd0711ad0caf/b4665c191b34baf3d0e0fa45dfdd3d1d.jpeg,$21.32,Available,,$21.32,Available,,$21.32,Available,,$21.32,Available,,$21.32,Available,,$21.32,Available,,NOT CARRIED,NOT CARRIED,
"Inno Foods White Chocolate Blueberry Cluster With Protein Crisps, 12 × 42.5 G",https://tb-static.uber.com/prod/image-proc/processed_images/3b5351c68a3a7e0e3713f25352abcf3c/b4665c191b34baf3d0e0fa45dfdd3d1d.jpeg,$13.86,Available,,$13.86,Available,,$13.86,Available,,$13.86,Available,,$13.86,Available,,$13.86,Available,,NOT CARRIED,NOT CARRIED,
"International Delight Supreme Coffee Whitener Creamer, French Vanilla (1.89 L)",https://tb-static.uber.com/prod/image-proc/processed_images/38bd801c23210f5257ffd2f8f304958f/b4665c191b34baf3d0e0fa45dfdd3d1d.jpeg,NOT CARRIED,NOT CARRIED,,NOT CARRIED,NOT CARRIED,,$7.99,Available,,NOT CARRIED,NOT CARRIED,,NOT CARRIED,NOT CARRIED,,$7.99,Available,,NOT CARRIED,NOT CARRIED,
Intuit Standard Turbotax Preparation Software 2025,https://tb-static.uber.com/prod/image-proc/processed_images/3fbefe7131c6de8ff142163dcb377926/b4665c191b34baf3d0e0fa45dfdd3d1d.jpeg,$44.80,Available,,$44.80,Available,,$44.80,Available,,$44.80,Available,,NOT CARRIED,NOT CARRIED,,$44.80,Available,,$44.80,Available,
Ion Audio Total Pa Apex Bluetooth Speaker,https://tb-static.uber.com/prod/image-proc/processed_images/28670d586e05fe5ca19d02360982c861/b4665c191b34baf3d0e0fa45dfdd3d1d.jpeg,$256.06,Available,,$256.06,Available,,$256.06,Available,,$256.06,Available,,$256.06,Available,,$256.06,Available,,NOT CARRIED,NOT CARRIED,
Irish Spring Original 12 Hr Fresh Deodorant Soap Bar (20 x 113 g),https://tb-static.uber.com/prod/image-proc/processed_images/9744d480c81fb75bf29fa0a7288c7313/f9586c36ab7db84d09b777cee8c829b1.jpeg,NOT CARRIED,NOT CARRIED,,NOT CARRIED,NOT CARRIED,,NOT CARRIED,NOT CARRIED,,NOT CARRIED,NOT CARRIED,,NOT CARRIED,NOT CARRIED,,NOT CARRIED,NOT CARRIED,,$18.12,Available,
Island Farms 0% Fat Free Skim Milk (4 L),https://tb-static.uber.com/prod/image-proc/processed_images/9b41208f79a2f49cdd0ea0bf246ba782/b4665c191b34baf3d0e0fa45dfdd3d1d.jpeg,NOT CARRIED,NOT CARRIED,,$6.49,Available,,NOT CARRIED,NOT CARRIED,,$6.49,Available,,$6.49,Available,,$6.49,Available,,NOT CARRIED,NOT CARRIED,
Island Farms 10% Half & Half Coffee Cream (1 L),https://tb-static.uber.com/prod/image-proc/processed_images/e986bf58ead47213b2640ffdd2f8e13c/b4665c191b34baf3d0e0fa45dfdd3d1d.jpeg,NOT CARRIED,NOT CARRIED,,NOT CARRIED,NOT CARRIED,,NOT CARRIED,NOT CARRIED,,$3.19,Available,,NOT CARRIED,NOT CARRIED,,NOT CARRIED,NOT CARRIED,,NOT CARRIED,NOT CARRIED,
Italian Ciabatta Buns,https://tb-static.uber.com/prod/image-proc/processed_images/976442967602d23507861cf05bb1f12f/b4665c191b34baf3d0e0fa45dfdd3d1d.jpeg,$7.24,Available,,NOT CARRIED,NOT CARRIED,,NOT CARRIED,NOT CARRIED,,NOT CARRIED,NOT CARRIED,,NOT CARRIED,NOT CARRIED,,NOT CARRIED,NOT CARRIED,,NOT CARRIED,NOT CARRIED,
Itsumo Veggie Sushi Rolls (720 g),https://tb-static.uber.com/prod/image-proc/processed_images/13a0e008044f9f4a44052d72c599a862/f9586c36ab7db84d09b777cee8c829b1.jpeg,NOT CARRIED,NOT CARRIED,,$13.86,Available,,NOT CARRIED,NOT CARRIED,,NOT CARRIED,NOT CARRIED,,NOT CARRIED,NOT CARRIED,,NOT CARRIED,NOT CARRIED,,NOT CARRIED,NOT CARRIED,
"Jamieson Extra Strength Probiotic Gummies With Prebiotics Fibre, Berry Blast (95 ct)",https://tb-static.uber.com/prod/image-proc/processed_images/8a9b5dbb7ec7df64b1ff8fde4e19701d/b4665c191b34baf3d0e0fa45dfdd3d1d.jpeg,$31.99,Available,,NOT CARRIED,NOT CARRIED,,$31.99,Available,,$31.99,Available,,$31.99,Available,,$31.99,Available,,NOT CARRIED,NOT CARRIED,
Jamieson Magnesium Bisglycinate Gummies (150 ct),https://tb-static.uber.com/prod/image-proc/processed_images/6fee268b365d527630497f72cf471c01/b4665c191b34baf3d0e0fa45dfdd3d1d.jpeg,NOT CARRIED,NOT CARRIED,,$28.79,Available,,NOT CARRIED,NOT CARRIED,,NOT CARRIED,NOT CARRIED,,NOT CARRIED,NOT CARRIED,,NOT CARRIED,NOT CARRIED,,NOT CARRIED,NOT CARRIED,
Jamieson Probiotic 10 Billion Active Cells Vegetarian Capsules (150 ct),https://tb-static.uber.com/prod/image-proc/processed_images/28b0abb4a7d541c2935eb94d4d98c26c/b4665c191b34baf3d0e0fa45dfdd3d1d.jpeg,NOT CARRIED,NOT CARRIED,,NOT CARRIED,NOT CARRIED,,NOT CARRIED,NOT CARRIED,,NOT CARRIED,NOT CARRIED,,NOT CARRIED,NOT CARRIED,,$35.20,Available,,$35.20,Available,
"Jamieson Probiotic With Immune Support Gummies, Elderberry (150 ct)",https://tb-static.uber.com/prod/image-proc/processed_images/9de1d9d302a8f5f2589382aa65913ca2/b4665c191b34baf3d0e0fa45dfdd3d1d.jpeg,$21.30,Available,,NOT CARRIED,NOT CARRIED,,$21.30,Available,,NOT CARRIED,NOT CARRIED,,$21.30,Available,,$21.30,Available,,NOT CARRIED,NOT CARRIED,
"Janes Battered Haddock, 1.26 Kg",https://tb-static.uber.com/prod/image-proc/processed_images/486cefc05994750fabeb0c28628aa7a3/b4665c191b34baf3d0e0fa45dfdd3d1d.jpeg,NOT CARRIED,NOT CARRIED,,NOT CARRIED,NOT CARRIED,,NOT CARRIED,NOT CARRIED,,$23.46,Available,,NOT CARRIED,NOT CARRIED,,NOT CARRIED,NOT CARRIED,,NOT CARRIED,NOT CARRIED,
Janes Whole Wheat Chicken Strips (2 kg),https://tb-static.uber.com/prod/image-proc/processed_images/926069902e77174be7f8976430300d9d/b4665c191b34baf3d0e0fa45dfdd3d1d.jpeg,$17.59,Available,,$17.59,Available,,$17.59,Available,,$17.59,Available,,$17.59,Available,,$17.59,Available,,NOT CARRIED,NOT CARRIED,
"Jiu Zhen Nan Pineapple Cake, 630 G",https://tb-static.uber.com/prod/image-proc/processed_images/a3a48fffe16b751397e7551674672638/b4665c191b34baf3d0e0fa45dfdd3d1d.jpeg,$27.73,Available,,NOT CARRIED,NOT CARRIED,,NOT CARRIED,NOT CARRIED,,NOT CARRIED,NOT CARRIED,,$27.73,Available,,NOT CARRIED,NOT CARRIED,,NOT CARRIED,NOT CARRIED,
"Jones Soda Fallout Sunset Sarsaparilla, 355 Ml 12-Pack",https://tb-static.uber.com/prod/image-proc/processed_images/e0ab9d2fb6ee2500020cc0a6a8abfbf4/b4665c191b34baf3d0e0fa45dfdd3d1d.jpeg,$24.53,Available,,$24.53,Available,,$24.53,Available,,$24.53,Available,,$24.53,Available,,$24.53,Available,,$24.53,Available,
Jongga Sliced Kimchi Napa Cabbage (1.5 kg),https://tb-static.uber.com/prod/image-proc/processed_images/ab4956a17bc57622998a15f6bf47e73e/b4665c191b34baf3d0e0fa45dfdd3d1d.jpeg,$11.72,Available,,$11.72,Available,,$11.72,Available,,$11.72,Available,,$11.72,Available,,$11.72,Available,,$11.72,Available,
"Joseph Joseph Flex Lite Advanced Toilet Brushes, White (2 ct)",https://tb-static.uber.com/prod/image-proc/processed_images/1a84486b8ec5c765d7848fcaca967f3e/b4665c191b34baf3d0e0fa45dfdd3d1d.jpeg,$21.32,Available,23% off,NOT CARRIED,NOT CARRIED,,$21.32,Available,23% off,$21.32,Available,23% off,NOT CARRIED,NOT CARRIED,,$21.32,Available,23% off,NOT CARRIED,NOT CARRIED,
"Joyburst Protein Soda, Cotton Candy-Fuzzy Peach Rings-Gummy Bear Sparkles (15 x 355 ml)",https://tb-static.uber.com/prod/image-proc/processed_images/ff17f07d5f86b062243aee8c627f0d5e/b4665c191b34baf3d0e0fa45dfdd3d1d.jpeg,NOT CARRIED,NOT CARRIED,,NOT CARRIED,NOT CARRIED,,NOT CARRIED,NOT CARRIED,,NOT CARRIED,NOT CARRIED,,NOT CARRIED,NOT CARRIED,,NOT CARRIED,NOT CARRIED,,$26.66,Available,
KETO Grain Free Granola (600 g),https://tb-static.uber.com/prod/image-proc/processed_images/8b818828512625ee66b38e1e493504de/f9586c36ab7db84d09b777cee8c829b1.jpeg,NOT CARRIED,NOT CARRIED,,NOT CARRIED,NOT CARRIED,,NOT CARRIED,NOT CARRIED,,NOT CARRIED,NOT CARRIED,,NOT CARRIED,NOT CARRIED,,NOT CARRIED,NOT CARRIED,,$17.06,Available,
KFI Butter Chicken Premium Cooking Sauce (2.5 L),https://tb-static.uber.com/prod/image-proc/processed_images/180642ffd6db936cb02c5143b774ac7f/b4665c191b34baf3d0e0fa45dfdd3d1d.jpeg,NOT CARRIED,NOT CARRIED,,NOT CARRIED,NOT CARRIED,,NOT CARRIED,NOT CARRIED,,NOT CARRIED,NOT CARRIED,,NOT CARRIED,NOT CARRIED,,NOT CARRIED,NOT CARRIED,,$18.12,Available,
KFI Butter Chicken Sauce (2 x 650 ml),https://tb-static.uber.com/prod/image-proc/processed_images/2f297d79711cc59968175ca2f670ebbb/b4665c191b34baf3d0e0fa45dfdd3d1d.jpeg,$10.65,Available,,$10.65,Available,,$10.65,Available,,$10.65,Available,,$10.65,Available,,$10.65,Available,,NOT CARRIED,NOT CARRIED,
"Kartago Date Squares, Pistachio (1.13 kg)",https://tb-static.uber.com/prod/image-proc/processed_images/9d949b773af26fa3b4b70d7f7890c8f0/b4665c191b34baf3d0e0fa45dfdd3d1d.jpeg,NOT CARRIED,NOT CARRIED,,$18.12,Available,,$18.12,Available,,$18.12,Available,,$18.12,Available,,$18.12,Available,,NOT CARRIED,NOT CARRIED,
"Kashi Seven Grain With Quinoa Bars, 40-Count",https://tb-static.uber.com/prod/image-proc/processed_images/7c2cd3434c102e82e6430bf60eab9257/b4665c191b34baf3d0e0fa45dfdd3d1d.jpeg,$12.25,Available,,NOT CARRIED,NOT CARRIED,,$12.25,Available,,$12.25,Available,,$12.25,Available,,$12.25,Available,,NOT CARRIED,NOT CARRIED,
Kate Spade Pack Of 6 Kitchen Towels,https://tb-static.uber.com/prod/image-proc/processed_images/397af946981683f0e97aba4793f0f556/b4665c191b34baf3d0e0fa45dfdd3d1d.jpeg,NOT CARRIED,NOT CARRIED,,$13.83,Available,,NOT CARRIED,NOT CARRIED,,$13.83,Available,,$13.83,Available,,NOT CARRIED,NOT CARRIED,,NOT CARRIED,NOT CARRIED,
KeepCool Reusable Shopping Bags (4 ct),https://tb-static.uber.com/prod/image-proc/processed_images/804543d9a406418c9be9be353e361a75/b4665c191b34baf3d0e0fa45dfdd3d1d.jpeg,$8.52,Available,,NOT CARRIED,NOT CARRIED,,NOT CARRIED,NOT CARRIED,,$8.52,Available,,NOT CARRIED,NOT CARRIED,,NOT CARRIED,NOT CARRIED,,NOT CARRIED,NOT CARRIED,
"Kerrygold Dubliner Irish Hard Ripened Cheese, 400 G",https://tb-static.uber.com/prod/image-proc/processed_images/524ac2e09e47e971cd4b3a2dac155818/b4665c191b34baf3d0e0fa45dfdd3d1d.jpeg,NOT CARRIED,NOT CARRIED,,$10.65,Available,,$10.65,Available,,$10.65,Available,,$10.65,Available,,$10.65,Available,,NOT CARRIED,NOT CARRIED,
"Kettle Brand Krinkle Cut Potato Chips, Pink Salt (907 g)",https://tb-static.uber.com/prod/image-proc/processed_images/d7064af842eb693198e5e4a9c1b65d0b/f9586c36ab7db84d09b777cee8c829b1.jpeg,$9.59,Available,,$9.59,Available,,$9.59,Available,,$9.59,Available,,$9.59,Available,,$9.59,Available,,NOT CARRIED,NOT CARRIED,
Keurig K-Crema Single Serve Coffee & Espresso Maker,https://tb-static.uber.com/prod/image-proc/processed_images/dc710350d26fb4941a0a1454d2231ce2/b4665c191b34baf3d0e0fa45dfdd3d1d.jpeg,$213.38,Available,19% off,$213.38,Available,19% off,$213.38,Available,19% off,$213.38,Available,19% off,$213.38,Available,19% off,$213.38,Available,19% off,$213.38,Available,19% off
Khaas 3% Plain Halal Yogourt (750 g),https://tb-static.uber.com/prod/image-proc/processed_images/43aecbfb10bfa271f5a4377072199253/b4665c191b34baf3d0e0fa45dfdd3d1d.jpeg,NOT CARRIED,NOT CARRIED,,NOT CARRIED,NOT CARRIED,,NOT CARRIED,NOT CARRIED,,NOT CARRIED,NOT CARRIED,,NOT CARRIED,NOT CARRIED,,NOT CARRIED,NOT CARRIED,,$15.78,Available,
"Kibon Premium Panko Japanese Style Bread Crumbs (1.5 kg, 3 ct)",https://tb-static.uber.com/prod/image-proc/processed_images/4c309eb2015621ccff75bd83a5015556/b4665c191b34baf3d0e0fa45dfdd3d1d.jpeg,$12.79,Available,,$12.79,Available,,$12.79,Available,,$12.79,Available,,$12.79,Available,,$12.79,Available,,$12.79,Available,
Kicking Horse Coffee Organic Whole Bean Coffee (1 kg),https://tb-static.uber.com/prod/image-proc/processed_images/85190359387141627c3e801692c970ba/b4665c191b34baf3d0e0fa45dfdd3d1d.jpeg,$30.93,Available,,$30.93,Available,,$30.93,Available,,$30.93,Available,,$30.93,Available,,$30.93,Available,,NOT CARRIED,NOT CARRIED,
Kinder Bueno Chocolate Bars (20 x 43 g),https://tb-static.uber.com/prod/image-proc/processed_images/bc4e069f46a4bf425fbc1ad7402ebe35/0e5313be7a8831b8ed60f8dab3c2df10.jpeg,NOT CARRIED,NOT CARRIED,,NOT CARRIED,NOT CARRIED,,NOT CARRIED,NOT CARRIED,,NOT CARRIED,NOT CARRIED,,NOT CARRIED,NOT CARRIED,,NOT CARRIED,NOT CARRIED,,$23.46,Available,
"Kinders Buffalo Wing Sauce, 624 Ml",https://tb-static.uber.com/prod/image-proc/processed_images/543f33457309829ace25ed4d1ed37962/b4665c191b34baf3d0e0fa45dfdd3d1d.jpeg,$10.65,Available,19% off,$10.65,Available,19% off,NOT CARRIED,NOT CARRIED,,NOT CARRIED,NOT CARRIED,,NOT CARRIED,NOT CARRIED,,$10.65,Available,19% off,NOT CARRIED,NOT CARRIED,
"Kirkland Signature 1 Ply Casual Dining Napkins, 28.9x30.4 cm (4 ct)",https://tb-static.uber.com/prod/image-proc/processed_images/e331e32fae1d72f33c4ac6c81cd8e02e/f9586c36ab7db84d09b777cee8c829b1.jpeg,$15.99,Available,,$15.99,Available,,$15.99,Available,,$15.99,Available,,$15.99,Available,,$15.99,Available,,NOT CARRIED,NOT CARRIED,
Kirkland Signature 100% Liquid Egg Whites (4 x 500 g),https://tb-static.uber.com/prod/image-proc/processed_images/14c72b024789dfe0844488045c74d0b2/f9586c36ab7db84d09b777cee8c829b1.jpeg,NOT CARRIED,NOT CARRIED,,$15.99,Available,,$15.99,Available,,NOT CARRIED,NOT CARRIED,,NOT CARRIED,NOT CARRIED,,NOT CARRIED,NOT CARRIED,,$15.99,Available,
Kirkland Signature 2-Ply Paper Towels (12 X 160 Sheets),https://tb-static.uber.com/prod/image-proc/processed_images/f03d46e0ef40917f3cc855f4bbf06d8a/f9586c36ab7db84d09b777cee8c829b1.jpeg,$26.66,Available,,$26.66,Available,,$26.66,Available,,$26.66,Available,,$26.66,Available,,$26.66,Available,,$26.66,Available,
Kirkland Signature 21 Organic Loaf Pain Biologique (2 x 765 g),https://tb-static.uber.com/prod/image-proc/processed_images/95f7ae84353d389e459e6cc36cecad99/b4665c191b34baf3d0e0fa45dfdd3d1d.jpeg,$9.59,Available,,$9.59,Available,,$9.59,Available,,NOT CARRIED,NOT CARRIED,,$9.59,Available,,$9.59,Available,,$9.59,Available,
"Kirkland Signature 5W30 Full Synthetic Motor Oil, 2-Pack",https://tb-static.uber.com/prod/image-proc/processed_images/2c8956051ab92aed899691de0dcd6aa5/b4665c191b34baf3d0e0fa45dfdd3d1d.jpeg,$48.00,Available,,$48.00,Available,,$48.00,Available,,$48.00,Available,,$48.00,Available,,$48.00,Available,,NOT CARRIED,NOT CARRIED,
"Kirkland Signature 7-Piece Player'S Iron Set, Right Handed, Regular Flex",https://tb-static.uber.com/prod/image-proc/processed_images/77e933bca5a675d535eeeba2b78d1f0a/b4665c191b34baf3d0e0fa45dfdd3d1d.jpeg,NOT CARRIED,NOT CARRIED,,NOT CARRIED,NOT CARRIED,,$716.99,Available,,NOT CARRIED,NOT CARRIED,,NOT CARRIED,NOT CARRIED,,NOT CARRIED,NOT CARRIED,,NOT CARRIED,NOT CARRIED,
"Kirkland Signature 7-Piece Player'S Iron Set, Right Handed, Stiff Flex",https://tb-static.uber.com/prod/image-proc/processed_images/77e933bca5a675d535eeeba2b78d1f0a/b4665c191b34baf3d0e0fa45dfdd3d1d.jpeg,NOT CARRIED,NOT CARRIED,,NOT CARRIED,NOT CARRIED,,$716.99,Available,,NOT CARRIED,NOT CARRIED,,NOT CARRIED,NOT CARRIED,,NOT CARRIED,NOT CARRIED,,NOT CARRIED,NOT CARRIED,
"Kirkland Signature Absorbent Pads For Dogs, Extra-Large (100 ct)",https://tb-static.uber.com/prod/image-proc/processed_images/f397f335af22361aacbcd531f77926c1/f9586c36ab7db84d09b777cee8c829b1.jpeg,$22.39,Available,,$22.39,Available,,$22.39,Available,,$22.39,Available,,$22.39,Available,,$22.39,Available,,NOT CARRIED,NOT CARRIED,
"Kirkland Signature Acetaminophen, 500 Mg, 500 Caplets",https://tb-static.uber.com/prod/image-proc/processed_images/fe1657f9c7cd7d2c0d1008dd221e5287/b4665c191b34baf3d0e0fa45dfdd3d1d.jpeg,$11.51,Available,,$11.51,Available,,$11.51,Available,,$11.51,Available,,$11.51,Available,,$11.51,Available,,NOT CARRIED,NOT CARRIED,
"Kirkland Signature Alkaline Aa Batteries, 48-Count",https://tb-static.uber.com/prod/image-proc/processed_images/ba637a914f007f66b2564e07b9a55348/b4665c191b34baf3d0e0fa45dfdd3d1d.jpeg,$17.06,Available,,$17.06,Available,,$17.06,Available,,$17.06,Available,,$17.06,Available,,$17.06,Available,,$17.06,Available,
"Kirkland Signature Alkaline Aaa Batteries, 48-Count",https://tb-static.uber.com/prod/image-proc/processed_images/59c15d772590b43293b2e30ff34cdfd9/b4665c191b34baf3d0e0fa45dfdd3d1d.jpeg,$17.06,Available,,$17.06,Available,,$17.06,Available,,$17.06,Available,,$17.06,Available,,$17.06,Available,,$17.06,Available,
Kirkland Signature Ancient Grains Granola (1 kg),https://tb-static.uber.com/prod/image-proc/processed_images/c42604b640ae8ecf78f05a94f7052381/f9586c36ab7db84d09b777cee8c829b1.jpeg,$12.79,Available,,$12.79,Available,,$12.79,Available,,$12.79,Available,,$12.79,Available,,$12.79,Available,,NOT CARRIED,NOT CARRIED,
"Kirkland Signature Artichoke Hearts In Oil, 2 X 1 L",https://tb-static.uber.com/prod/image-proc/processed_images/b8a8f4abe76845e15ab6f1e5e3a53fc9/b4665c191b34baf3d0e0fa45dfdd3d1d.jpeg,NOT CARRIED,NOT CARRIED,,NOT CARRIED,NOT CARRIED,,NOT CARRIED,NOT CARRIED,,NOT CARRIED,NOT CARRIED,,NOT CARRIED,NOT CARRIED,,NOT CARRIED,NOT CARRIED,,$15.46,Available,
"Kirkland Signature Assorted Dessert Bars, 1.740 Kg",https://tb-static.uber.com/prod/image-proc/processed_images/673e02f1db5098d63f2115bc98c6ae29/b4665c191b34baf3d0e0fa45dfdd3d1d.jpeg,NOT CARRIED,NOT CARRIED,,NOT CARRIED,NOT CARRIED,,$24.53,Available,,NOT CARRIED,NOT CARRIED,,$24.53,Available,,$24.53,Available,,NOT CARRIED,NOT CARRIED,
"Kirkland Signature Baby Wipes, Fragrance Free, 9 Packs Of 100",https://tb-static.uber.com/prod/image-proc/processed_images/fb5cf04066865eabad930cfcc814899d/f9586c36ab7db84d09b777cee8c829b1.jpeg,$26.66,Available,,$26.66,Available,,$26.66,Available,,$26.66,Available,,$26.66,Available,,$26.66,Available,,$26.66,Available,
"Kirkland Signature Bacon & Cheese Sous Vide Egg Bites, 595 G",https://tb-static.uber.com/prod/image-proc/processed_images/8f5cd2d1cf5665872e183dd6bc884607/b4665c191b34baf3d0e0fa45dfdd3d1d.jpeg,$19.19,Available,,NOT CARRIED,NOT CARRIED,,$19.19,Available,,$19.19,Available,,$19.19,Available,,$19.19,Available,,NOT CARRIED,NOT CARRIED,
Kirkland Signature Basil Pesto (630 ml),https://tb-static.uber.com/prod/image-proc/processed_images/48c5b70641b967a1f8493271aafa3f3f/f9586c36ab7db84d09b777cee8c829b1.jpeg,$15.46,Available,,$15.46,Available,,$15.46,Available,,$15.46,Available,,NOT CARRIED,NOT CARRIED,,$15.46,Available,,$15.46,Available,
Kirkland Signature Bath Tissue Papier Hygienique Wide Sheets (30 rolls),https://tb-static.uber.com/prod/image-proc/processed_images/831eebead56694d59e02a14dfdff3c96/b4665c191b34baf3d0e0fa45dfdd3d1d.jpeg,$25.59,Available,,$25.59,Available,,$25.59,Available,,$25.59,Available,,$25.59,Available,,$25.59,Available,,$25.59,Available,
Kirkland Signature Blanched Almond Flour (1.36 kg),https://tb-static.uber.com/prod/image-proc/processed_images/38906000cdf8d55debdc5fbfeff36336/f9586c36ab7db84d09b777cee8c829b1.jpeg,$20.79,Available,,$20.79,Available,,$20.79,Available,,NOT CARRIED,NOT CARRIED,,$20.79,Available,,$20.79,Available,,$20.79,Available,
"Kirkland Signature Blueberry Buttermilk Muffins, 870 G",https://tb-static.uber.com/prod/image-proc/processed_images/603bc65142e2f02550b093a7540df723/b4665c191b34baf3d0e0fa45dfdd3d1d.jpeg,$8.52,Available,,$8.52,Available,,NOT CARRIED,NOT CARRIED,,NOT CARRIED,NOT CARRIED,,NOT CARRIED,NOT CARRIED,,NOT CARRIED,NOT CARRIED,,NOT CARRIED,NOT CARRIED,
Kirkland Signature Boneless and Skinless Organic Chicken Thighs,https://tb-static.uber.com/prod/image-proc/processed_images/6eced8238ca70dd7c8847a3796b8e20a/b4665c191b34baf3d0e0fa45dfdd3d1d.jpeg,NOT CARRIED,NOT CARRIED,,$55.46,Available,,NOT CARRIED,NOT CARRIED,,$55.46,Available,,$55.46,Available,,NOT CARRIED,NOT CARRIED,,NOT CARRIED,NOT CARRIED,
Kirkland Signature Bridor Artisan Baguettes (2 x 375 g),https://tb-static.uber.com/prod/image-proc/processed_images/ee75c3601ee27ab188feaec0982fde15/f9586c36ab7db84d09b777cee8c829b1.jpeg,$6.39,Available,,$6.39,Available,,$6.39,Available,,$6.39,Available,,$6.39,Available,,$6.39,Available,,NOT CARRIED,NOT CARRIED,
"Kirkland Signature Canola Oil Cooking Spray, 2 X 482 G",https://tb-static.uber.com/prod/image-proc/processed_images/33fe9c4c6b666997d9042006f753c84b/b4665c191b34baf3d0e0fa45dfdd3d1d.jpeg,$10.65,Available,,$10.65,Available,,$10.65,Available,,$10.65,Available,,$10.65,Available,,$10.65,Available,,NOT CARRIED,NOT CARRIED,
Kirkland Signature Carbonated Spring Water (24 x 500 ml),https://tb-static.uber.com/prod/image-proc/processed_images/2845fe0fa6a107bec0b39b8d017bbe65/f9586c36ab7db84d09b777cee8c829b1.jpeg,$21.32,Available,,NOT CARRIED,NOT CARRIED,,NOT CARRIED,NOT CARRIED,,$21.32,Available,,$21.32,Available,,$21.32,Available,,NOT CARRIED,NOT CARRIED,
"Kirkland Signature Carrot Cake With Cream Cheese Icing, 1.13 Kg",https://tb-static.uber.com/prod/image-proc/processed_images/6bb517ce799c6bfcd9092e78ae64068f/b4665c191b34baf3d0e0fa45dfdd3d1d.jpeg,$10.65,Available,,$10.65,Available,,$10.65,Available,,$10.65,Available,,$10.65,Available,,$10.65,Available,,NOT CARRIED,NOT CARRIED,
"Kirkland Signature Chewy Protein Bars, Peanut Butter & Semi Sweet Chocolate Chip (42 x 40 g)",https://tb-static.uber.com/prod/image-proc/processed_images/e3412e774e87475eabb64c19a7111fcd/b4665c191b34baf3d0e0fa45dfdd3d1d.jpeg,$21.32,Available,,$21.32,Available,,$21.32,Available,,$21.32,Available,,NOT CARRIED,NOT CARRIED,,$21.32,Available,,NOT CARRIED,NOT CARRIED,
Kirkland Signature Chicken Thighs (3 kg),https://tb-static.uber.com/prod/image-proc/processed_images/6c8bb58f7c41ff10d71603ee1e93a4f3/957777de4e8d7439bef56daddbfae227.jpeg,NOT CARRIED,NOT CARRIED,,NOT CARRIED,NOT CARRIED,,$21.12,Available,,$21.12,Available,,$21.12,Available,,$21.12,Available,,NOT CARRIED,NOT CARRIED,
Kirkland Signature Chicken Wings Split Tip Removed,https://tb-static.uber.com/prod/image-proc/processed_images/743853516cb03774c9cb3c799b51e0a2/b4665c191b34baf3d0e0fa45dfdd3d1d.jpeg,$20.63,Available,,$20.63,Available,,$20.63,Available,,$20.63,Available,,$20.63,Available,,$20.63,Available,,NOT CARRIED,NOT CARRIED,
"Kirkland Signature Chinet the Big Heavy Weight Plastic Cups 532 ml, Red (240 ct)",https://tb-static.uber.com/prod/image-proc/processed_images/ecfebff02d2f70d6c1b6e0288e613403/f9586c36ab7db84d09b777cee8c829b1.jpeg,$17.06,Available,,$17.06,Available,,$17.06,Available,,$17.06,Available,,$17.06,Available,,$17.06,Available,,NOT CARRIED,NOT CARRIED,
"Kirkland Signature Chocolate Sheet Cake, 4.31 Kg",https://tb-static.uber.com/prod/image-proc/processed_images/062309949ae0071bfe47656912f4dbe5/b4665c191b34baf3d0e0fa45dfdd3d1d.jpeg,$26.66,Available,,$26.66,Available,,$26.66,Available,,$26.66,Available,,$26.66,Available,,$26.66,Available,,NOT CARRIED,NOT CARRIED,
Kirkland Signature Chunk Chicken Breast (6 x 354 g),https://tb-static.uber.com/prod/image-proc/processed_images/8a33daded96213f105707b334e50e6ac/f9586c36ab7db84d09b777cee8c829b1.jpeg,NOT CARRIED,NOT CARRIED,,NOT CARRIED,NOT CARRIED,,NOT CARRIED,NOT CARRIED,,NOT CARRIED,NOT CARRIED,,NOT CARRIED,NOT CARRIED,,NOT CARRIED,NOT CARRIED,,$22.92,Available,
Kirkland Signature Chunks in Gravy Canned Cat Food Variety pack (48 x 85 g),https://tb-static.uber.com/prod/image-proc/processed_images/08feec6d10d3cb100d458dafef742dd9/b4665c191b34baf3d0e0fa45dfdd3d1d.jpeg,NOT CARRIED,NOT CARRIED,,$42.66,Available,,$42.66,Available,,$42.66,Available,,NOT CARRIED,NOT CARRIED,,$42.66,Available,,NOT CARRIED,NOT CARRIED,
"Kirkland Signature Complete & Balanced Dry Dog Food, Chicken Rice & Vegetable, Adult (18.14 kg)",https://tb-static.uber.com/prod/image-proc/processed_images/76f59d1c1a1e8d7613df6f07a1775b0f/f9586c36ab7db84d09b777cee8c829b1.jpeg,$51.20,Available,,$51.20,Available,,$51.20,Available,,$51.20,Available,,NOT CARRIED,NOT CARRIED,,NOT CARRIED,NOT CARRIED,,NOT CARRIED,NOT CARRIED,
"Kirkland Signature Complete & Balanced Dry Dog Food, Lamb Rice & Vegetable, Adult (18.14 kg)",https://tb-static.uber.com/prod/image-proc/processed_images/966e615950950bbe17243dd2e04b1afe/f9586c36ab7db84d09b777cee8c829b1.jpeg,$53.33,Available,,$53.33,Available,,$53.33,Available,,$53.33,Available,,$53.33,Available,,NOT CARRIED,NOT CARRIED,,NOT CARRIED,NOT CARRIED,
"Kirkland Signature Cooked Beef Meatballs, Italian Style (2.72 kg)",https://tb-static.uber.com/prod/image-proc/processed_images/2fafb9dd132dd967fdabee914538e065/f9586c36ab7db84d09b777cee8c829b1.jpeg,$31.99,Available,,$31.99,Available,,$31.99,Available,,$31.99,Available,,$31.99,Available,,$31.99,Available,,$31.99,Available,
"Kirkland Signature Corn Chip Dippers, Sea Salt (907 g)",https://tb-static.uber.com/prod/image-proc/processed_images/f2a44549351970c32ecff7dcadc3d574/b4665c191b34baf3d0e0fa45dfdd3d1d.jpeg,$6.39,Available,,$6.39,Available,,NOT CARRIED,NOT CARRIED,,$6.39,Available,,$6.39,Available,,$6.39,Available,,NOT CARRIED,NOT CARRIED,
Kirkland Signature Cottage Cheese (2 x 500 g),https://tb-static.uber.com/prod/image-proc/processed_images/3fd89b82f8c6cc0ab02ed22b8bf74b4c/b4665c191b34baf3d0e0fa45dfdd3d1d.jpeg,NOT CARRIED,NOT CARRIED,,$7.99,Available,,NOT CARRIED,NOT CARRIED,,NOT CARRIED,NOT CARRIED,,$7.99,Available,,$7.99,Available,,NOT CARRIED,NOT CARRIED,
Kirkland Signature Creamy Almond Butter (765 g),https://tb-static.uber.com/prod/image-proc/processed_images/b3823d1fdfe862c6e7f8b0b7f44bcc75/f9586c36ab7db84d09b777cee8c829b1.jpeg,$12.25,Available,,$12.25,Available,,$12.25,Available,,$12.25,Available,,$12.25,Available,,$12.25,Available,,$12.25,Available,
"Kirkland Signature Culinary Parchment Non Stick Paper Roll, 38 cm x 50 m (2 pack)",https://tb-static.uber.com/prod/image-proc/processed_images/5c15d5fda9bc3f724efd803a7d1d712d/f9586c36ab7db84d09b777cee8c829b1.jpeg,$21.32,Available,,$21.32,Available,,$21.32,Available,,$21.32,Available,,$21.32,Available,,$21.32,Available,,$21.32,Available,
"Kirkland Signature Dental Chews Dog Treats, 72-Count (1.9 Kg)",https://tb-static.uber.com/prod/image-proc/processed_images/4b66bba6afd1ee8d129b26bf660595dd/b4665c191b34baf3d0e0fa45dfdd3d1d.jpeg,$41.60,Available,,$41.60,Available,,$41.60,Available,,$41.60,Available,,$41.60,Available,,$41.60,Available,,NOT CARRIED,NOT CARRIED,
"Kirkland Signature Diapers Size 1, 192-Count",https://tb-static.uber.com/prod/image-proc/processed_images/7605178e946080d69c6ff87b17b64cc7/b4665c191b34baf3d0e0fa45dfdd3d1d.jpeg,$37.33,Available,,$37.33,Available,,$37.33,Available,,$37.33,Available,,$37.33,Available,,$37.33,Available,,NOT CARRIED,NOT CARRIED,
"Kirkland Signature Diapers Size 2, 174-Count",https://tb-static.uber.com/prod/image-proc/processed_images/1c9f6b5004ebfe1a9a5899a0a28779fd/b4665c191b34baf3d0e0fa45dfdd3d1d.jpeg,$37.33,Available,,$37.33,Available,,$37.33,Available,,$37.33,Available,,$37.33,Available,,$37.33,Available,,NOT CARRIED,NOT CARRIED,
"Kirkland Signature Diapers Size 6, 132-Count",https://tb-static.uber.com/prod/image-proc/processed_images/e0a0ce07045c8768179b556f43f94fef/b4665c191b34baf3d0e0fa45dfdd3d1d.jpeg,$50.13,Available,,$50.13,Available,,$50.13,Available,,$50.13,Available,,$50.13,Available,,$50.13,Available,,NOT CARRIED,NOT CARRIED,
"Kirkland Signature Diarrhea Relief, 84 Caplets",https://tb-static.uber.com/prod/image-proc/processed_images/6a559a4ddb4bead2e6ed0ee4c390a7c6/b4665c191b34baf3d0e0fa45dfdd3d1d.jpeg,NOT CARRIED,NOT CARRIED,,NOT CARRIED,NOT CARRIED,,$11.72,Available,,$11.72,Available,,$11.72,Available,,$11.72,Available,,NOT CARRIED,NOT CARRIED,
Kirkland Signature Dinde Jambon Et Poulet Embalage - Sliced Meat Variety pack (3 x 300 g),https://tb-static.uber.com/prod/image-proc/processed_images/2594eb907b2f5eaca697aad96578f3c3/f9586c36ab7db84d09b777cee8c829b1.jpeg,$20.26,Available,,$20.26,Available,,$20.26,Available,,$20.26,Available,,NOT CARRIED,NOT CARRIED,,NOT CARRIED,NOT CARRIED,,NOT CARRIED,NOT CARRIED,
"Kirkland Signature Double Chocolate Buttermilk Muffins, 890 G",https://tb-static.uber.com/prod/image-proc/processed_images/0b07d08f3bb413f60395398cb88298c7/b4665c191b34baf3d0e0fa45dfdd3d1d.jpeg,$8.52,Available,,NOT CARRIED,NOT CARRIED,,$8.52,Available,,$8.52,Available,,NOT CARRIED,NOT CARRIED,,$8.52,Available,,NOT CARRIED,NOT CARRIED,
Kirkland Signature Double Creme Brie Cheese (600 g),https://tb-static.uber.com/prod/image-proc/processed_images/ad0e2f42ce4a9571d7d4f8d9b584e162/b4665c191b34baf3d0e0fa45dfdd3d1d.jpeg,NOT CARRIED,NOT CARRIED,,$11.72,Available,,$11.72,Available,,$11.72,Available,,NOT CARRIED,NOT CARRIED,,$11.72,Available,,NOT CARRIED,NOT CARRIED,
"Kirkland Signature Dry Dog Food, Chicken & Pea Formula, Puppy (9.07 kg)",https://tb-static.uber.com/prod/image-proc/processed_images/a428a14eebeb61c74c1c47c59debc328/b4665c191b34baf3d0e0fa45dfdd3d1d.jpeg,NOT CARRIED,NOT CARRIED,,NOT CARRIED,NOT CARRIED,,$28.79,Available,,NOT CARRIED,NOT CARRIED,,$28.79,Available,,$28.79,Available,,NOT CARRIED,NOT CARRIED,
Kirkland Signature Espresso Blend Whole Bean Coffee (1.13 kg),https://tb-static.uber.com/prod/image-proc/processed_images/8713e98597e41ff3fb32b5f918aa0e61/b4665c191b34baf3d0e0fa45dfdd3d1d.jpeg,$29.86,Available,,$29.86,Available,,$29.86,Available,,$29.86,Available,,$29.86,Available,,$29.86,Available,,NOT CARRIED,NOT CARRIED,
Kirkland Signature Extra Strength Acetaminophen Tablets 500 mg (400 ct),https://tb-static.uber.com/prod/image-proc/processed_images/983edba86393c68a7b9b0a81358fe9a2/f9586c36ab7db84d09b777cee8c829b1.jpeg,$13.86,Available,,$13.86,Available,,$13.86,Available,,$13.86,Available,,$13.86,Available,,$13.86,Available,,NOT CARRIED,NOT CARRIED,
Kirkland Signature Extra Strength Allergy Relief Tablets 10 mg (200 ct),https://tb-static.uber.com/prod/image-proc/processed_images/0e8cd60f7146e07a697ee1610a933cc3/b4665c191b34baf3d0e0fa45dfdd3d1d.jpeg,$15.99,Available,,$15.99,Available,,$15.99,Available,,$15.99,Available,,$15.99,Available,,$15.99,Available,,NOT CARRIED,NOT CARRIED,
Kirkland Signature Extra Strength Coenzyme Q10 Softgels 200 mg (225 ct),https://tb-static.uber.com/prod/image-proc/processed_images/4156ccea3c4c7e8e708d60430690c4f9/b4665c191b34baf3d0e0fa45dfdd3d1d.jpeg,NOT CARRIED,NOT CARRIED,,NOT CARRIED,NOT CARRIED,,NOT CARRIED,NOT CARRIED,,NOT CARRIED,NOT CARRIED,,NOT CARRIED,NOT CARRIED,,NOT CARRIED,NOT CARRIED,,$42.66,Available,
Kirkland Signature Feta Cheese (1.2 kg),https://tb-static.uber.com/prod/image-proc/processed_images/939d8c2685f96209d1941def637015d0/f9586c36ab7db84d09b777cee8c829b1.jpeg,$15.99,Available,,$15.99,Available,,$15.99,Available,,$15.99,Available,,NOT CARRIED,NOT CARRIED,,NOT CARRIED,NOT CARRIED,,$15.99,Available,
"Kirkland Signature Flex Tech Kitchen Trash Bags With Drawstring 49.2 L, 60.9x68.5 cm x 45.7 µm (200 ct)",https://tb-static.uber.com/prod/image-proc/processed_images/90e9644992452bc72d8b6bfa329ef0ab/f9586c36ab7db84d09b777cee8c829b1.jpeg,NOT CARRIED,NOT CARRIED,,NOT CARRIED,NOT CARRIED,,NOT CARRIED,NOT CARRIED,,NOT CARRIED,NOT CARRIED,,NOT CARRIED,NOT CARRIED,,NOT CARRIED,NOT CARRIED,,$26.66,Available,
"Kirkland Signature Flushable Wipes, 6.8x5.3 in (640 ct)",https://tb-static.uber.com/prod/image-proc/processed_images/54e6be11a5ca51e5715cfc88c5b3d3e6/b4665c191b34baf3d0e0fa45dfdd3d1d.jpeg,$23.46,Available,,$23.46,Available,,$23.46,Available,,$23.46,Available,,$23.46,Available,,$23.46,Available,,$23.46,Available,
"Kirkland Signature Free And Clear Ultra Clean Liquid Laundry Detergent, 146 Wash Loads",https://tb-static.uber.com/prod/image-proc/processed_images/08eee20d2999210b325bd5dff6d9b0da/b4665c191b34baf3d0e0fa45dfdd3d1d.jpeg,$21.32,Available,,$21.32,Available,,$21.32,Available,,$21.32,Available,,$21.32,Available,,$21.32,Available,,NOT CARRIED,NOT CARRIED,
Kirkland Signature Freezer Quart Plus Food Bags 1.5L (6 x 44 ct),https://tb-static.uber.com/prod/image-proc/processed_images/c4910be9d2f9771e182c4dec5ff031a1/b4665c191b34baf3d0e0fa45dfdd3d1d.jpeg,NOT CARRIED,NOT CARRIED,,NOT CARRIED,NOT CARRIED,,NOT CARRIED,NOT CARRIED,,NOT CARRIED,NOT CARRIED,,$21.32,Available,,$21.32,Available,,NOT CARRIED,NOT CARRIED,
"Kirkland Signature French Roast Whole Bean Coffee, 1.13 Kg",https://tb-static.uber.com/prod/image-proc/processed_images/dd8311e9ee8f9d039d006f9b2ce95df3/b4665c191b34baf3d0e0fa45dfdd3d1d.jpeg,$29.86,Available,,$29.86,Available,,NOT CARRIED,NOT CARRIED,,$29.86,Available,,$29.86,Available,,$29.86,Available,,NOT CARRIED,NOT CARRIED,
Kirkland Signature Frenched Lamb Rack (907 g),https://tb-static.uber.com/prod/image-proc/processed_images/7ca5441c6cf69ea11d101f323544890b/b4665c191b34baf3d0e0fa45dfdd3d1d.jpeg,$28.80,Available,,NOT CARRIED,NOT CARRIED,,NOT CARRIED,NOT CARRIED,,NOT CARRIED,NOT CARRIED,,NOT CARRIED,NOT CARRIED,,NOT CARRIED,NOT CARRIED,,NOT CARRIED,NOT CARRIED,
"Kirkland Signature Frozen Ice Cream Bars, Vanilla Almond (18 x 91 ml)",https://tb-static.uber.com/prod/image-proc/processed_images/af354920c46292dfc2ccececa5772c31/f9586c36ab7db84d09b777cee8c829b1.jpeg,$18.12,Available,,$18.12,Available,,$18.12,Available,,$18.12,Available,,$18.12,Available,,$18.12,Available,,NOT CARRIED,NOT CARRIED,
"Kirkland Signature Full Case Mini Chocolatines, 25.96 Lbs",https://tb-static.uber.com/prod/image-proc/processed_images/0f15a0b65b28f18cda34d46b0a2817a4/b4665c191b34baf3d0e0fa45dfdd3d1d.jpeg,$109.89,Available,,$109.89,Available,,$109.89,Available,,NOT CARRIED,NOT CARRIED,,$109.89,Available,,$109.89,Available,,NOT CARRIED,NOT CARRIED,
"Kirkland Signature Full Case Tuxedo Cake, 9.6 Kg",https://tb-static.uber.com/prod/image-proc/processed_images/87f9900e35295b1cf37862393f4572b1/b4665c191b34baf3d0e0fa45dfdd3d1d.jpeg,$115.22,Available,,NOT CARRIED,NOT CARRIED,,NOT CARRIED,NOT CARRIED,,$115.22,Available,,$115.22,Available,,$115.22,Available,,NOT CARRIED,NOT CARRIED,
Kirkland Signature Gluten Free Organic Quinoa (2.04 kg),https://tb-static.uber.com/prod/image-proc/processed_images/8bc9f77911d65be4fe580c0db9e176b5/f9586c36ab7db84d09b777cee8c829b1.jpeg,$14.92,Available,,NOT CARRIED,NOT CARRIED,,$14.92,Available,,$14.92,Available,,$14.92,Available,,$14.92,Available,,$14.92,Available,
"Kirkland Signature Greek Yogurt, Assorted (24 x 100 g)",https://tb-static.uber.com/prod/image-proc/processed_images/f2480503b8b8e8160e239c0170a07731/f9586c36ab7db84d09b777cee8c829b1.jpeg,$17.59,Available,,$17.59,Available,,$17.59,Available,,$17.59,Available,,$17.59,Available,,$17.59,Available,,NOT CARRIED,NOT CARRIED,
"Kirkland Signature Green Tea (150 g, 100 ct)",https://tb-static.uber.com/prod/image-proc/processed_images/4b5e60c8752fbc8fcf2d1542b6a457b0/f9586c36ab7db84d09b777cee8c829b1.jpeg,$18.12,Available,,$18.12,Available,,$18.12,Available,,$18.12,Available,,$18.12,Available,,$18.12,Available,,$18.12,Available,
"Kirkland Signature Hair,Skin & Nails, 250 Gummies",https://tb-static.uber.com/prod/image-proc/processed_images/738b80825ba9e768be691e9f525a356e/b4665c191b34baf3d0e0fa45dfdd3d1d.jpeg,$14.92,Available,,$14.92,Available,,$14.92,Available,,$14.92,Available,,$14.92,Available,,$14.92,Available,,NOT CARRIED,NOT CARRIED,
Kirkland Signature Halal Chicken Breasts,https://tb-static.uber.com/prod/image-proc/processed_images/c06d517856e84318f0e4d4386606582e/b4665c191b34baf3d0e0fa45dfdd3d1d.jpeg,$27.89,Available,,$27.89,Available,,$27.89,Available,,$27.89,Available,,$27.89,Available,,$27.89,Available,,NOT CARRIED,NOT CARRIED,
Kirkland Signature Halal Chicken Breasts Chicken Breast Boneless Skinless Air Chilled,https://tb-static.uber.com/prod/image-proc/processed_images/12c0519cc108af8aae6e29ba0c63a267/b4665c191b34baf3d0e0fa45dfdd3d1d.jpeg,$188.04,Available,,$188.04,Available,,$188.04,Available,,$188.04,Available,,$188.04,Available,,$188.04,Available,,NOT CARRIED,NOT CARRIED,
Kirkland Signature Halal Chicken Drumsticks,https://tb-static.uber.com/prod/image-proc/processed_images/d77dcaa7ea88990bb57069aa61d0b9cc/b4665c191b34baf3d0e0fa45dfdd3d1d.jpeg,$16.54,Available,,$16.54,Available,,$16.54,Available,,$16.54,Available,,$16.54,Available,,$16.54,Available,,NOT CARRIED,NOT CARRIED,
Kirkland Signature Halal Chicken Thighs Boneless Skinless,https://tb-static.uber.com/prod/image-proc/processed_images/1e9dff0091a862735337e28542277aad/b4665c191b34baf3d0e0fa45dfdd3d1d.jpeg,NOT CARRIED,NOT CARRIED,,$26.10,Available,,$26.10,Available,,$26.10,Available,,$26.10,Available,,$26.10,Available,,NOT CARRIED,NOT CARRIED,
Kirkland Signature Hard Boiled Eggs 16 × 88 G,https://tb-static.uber.com/prod/image-proc/processed_images/2414be33c9d47504d792d3dbb9ef4d09/b4665c191b34baf3d0e0fa45dfdd3d1d.jpeg,NOT CARRIED,NOT CARRIED,,$19.19,Available,,NOT CARRIED,NOT CARRIED,,NOT CARRIED,NOT CARRIED,,$19.19,Available,,$19.19,Available,,NOT CARRIED,NOT CARRIED,
"Kirkland Signature Healthy Weight Cat Food, 9.07 Kg (19.9Lbs)",https://tb-static.uber.com/prod/image-proc/processed_images/e894a2f46eeb932295ae650f32fbe441/b4665c191b34baf3d0e0fa45dfdd3d1d.jpeg,NOT CARRIED,NOT CARRIED,,NOT CARRIED,NOT CARRIED,,NOT CARRIED,NOT CARRIED,,NOT CARRIED,NOT CARRIED,,$25.59,Available,,NOT CARRIED,NOT CARRIED,,NOT CARRIED,NOT CARRIED,
"Kirkland Signature Healthy Weight Dry Dog Food, Chicken & Vegetables, Adult (18.13 kg)",https://tb-static.uber.com/prod/image-proc/processed_images/7e3a34600016da7213ff67e71f6a9d7d/f9586c36ab7db84d09b777cee8c829b1.jpeg,NOT CARRIED,NOT CARRIED,,$44.80,Available,,$44.80,Available,,$44.80,Available,,NOT CARRIED,NOT CARRIED,,NOT CARRIED,NOT CARRIED,,NOT CARRIED,NOT CARRIED,
"Kirkland Signature Home & Office Trash Bags 10 Gallon, 20 in x 19.5 in x 0.9 MIL (320 ct)",https://tb-static.uber.com/prod/image-proc/processed_images/c2e31efb5e2ac2a374a0ac7b5176e975/f9586c36ab7db84d09b777cee8c829b1.jpeg,NOT CARRIED,NOT CARRIED,,NOT CARRIED,NOT CARRIED,,NOT CARRIED,NOT CARRIED,,NOT CARRIED,NOT CARRIED,,NOT CARRIED,NOT CARRIED,,$21.32,Available,,NOT CARRIED,NOT CARRIED,
"Kirkland Signature Incontinence Protective Underwear, Women, XL, White",https://tb-static.uber.com/prod/image-proc/processed_images/2d5cd220a8b1edb31c5114bf9b40eb67/b4665c191b34baf3d0e0fa45dfdd3d1d.jpeg,$41.60,Available,,$41.60,Available,,$41.60,Available,,$41.60,Available,,$41.60,Available,,$41.60,Available,,NOT CARRIED,NOT CARRIED,
"Kirkland Signature Infant Formula For Babies Sensitive To Lactose, 1.36 Kg",https://tb-static.uber.com/prod/image-proc/processed_images/de91d70d70d4ea19baf9ee9c749faf19/b4665c191b34baf3d0e0fa45dfdd3d1d.jpeg,$46.93,Available,19% off,$46.93,Available,19% off,$46.93,Available,19% off,$46.93,Available,19% off,$46.93,Available,19% off,$46.93,Available,19% off,$46.93,Available,19% off
Kirkland Signature Ionized Alkaline Water (18 x 1 L),https://tb-static.uber.com/prod/image-proc/processed_images/b313834e4bcdaace22e2e14f01979d78/b4665c191b34baf3d0e0fa45dfdd3d1d.jpeg,$13.86,Available,,$13.86,Available,,$13.86,Available,,$13.86,Available,,$13.86,Available,,$13.86,Available,,NOT CARRIED,NOT CARRIED,
Kirkland Signature Jambon Cuit Extramaigre - Extra-Lean Sliced Cooked Ham (2 x 500 kg),https://tb-static.uber.com/prod/image-proc/processed_images/274e4c5036a6c5e5c9c41068c1225ffc/f9586c36ab7db84d09b777cee8c829b1.jpeg,$14.92,Available,,$14.92,Available,,$14.92,Available,,NOT CARRIED,NOT CARRIED,,$14.92,Available,,$14.92,Available,,$14.92,Available,
"Kirkland Signature Large Free-Run Eggs, 24-Count",https://tb-static.uber.com/prod/image-proc/processed_images/e3050b98147de19ccede33d7980070c4/b4665c191b34baf3d0e0fa45dfdd3d1d.jpeg,$9.59,Available,,$9.59,Available,,$9.59,Available,,$9.59,Available,,$9.59,Available,,$9.59,Available,,NOT CARRIED,NOT CARRIED,
Kirkland Signature Lightly Breaded Chicken Breast Chunks (1.8 kg),https://tb-static.uber.com/prod/image-proc/processed_images/e1530adea3bf77f2055c99a4e5f3213f/b4665c191b34baf3d0e0fa45dfdd3d1d.jpeg,$28.79,Available,,$28.79,Available,,$28.79,Available,,$28.79,Available,,$28.79,Available,,$28.79,Available,,$28.79,Available,
"Kirkland Signature Liquid Egg Whites Free Run, 4 × 500 G",https://tb-static.uber.com/prod/image-proc/processed_images/58fcd5429e61710f1f577d0260ce52de/b4665c191b34baf3d0e0fa45dfdd3d1d.jpeg,$19.19,Available,,NOT CARRIED,NOT CARRIED,,NOT CARRIED,NOT CARRIED,,$19.19,Available,,$19.19,Available,,NOT CARRIED,NOT CARRIED,,NOT CARRIED,NOT CARRIED,
"Kirkland Signature Loratadine 10 Mg 24 Hour Allergy Remedy, 200 Tablets",https://tb-static.uber.com/prod/image-proc/processed_images/0f037365e47fbe99f1ffaa02f3a6095e/b4665c191b34baf3d0e0fa45dfdd3d1d.jpeg,NOT CARRIED,NOT CARRIED,,NOT CARRIED,NOT CARRIED,,$11.72,Available,,$11.72,Available,,$11.72,Available,,$11.72,Available,,NOT CARRIED,NOT CARRIED,
"Kirkland Signature Maintenance Dry Cat Food, Chicken & Rice (9.07 kg)",https://tb-static.uber.com/prod/image-proc/processed_images/fca12c7531154f2378132a29773cc952/b4665c191b34baf3d0e0fa45dfdd3d1d.jpeg,$27.73,Available,,$27.73,Available,,$27.73,Available,,$27.73,Available,,$27.73,Available,,$27.73,Available,,NOT CARRIED,NOT CARRIED,
"Kirkland Signature Master Carve Ham, Per Kg",https://tb-static.uber.com/prod/image-proc/processed_images/0106ce6acd761dd95a4809fa25c90be6/b4665c191b34baf3d0e0fa45dfdd3d1d.jpeg,$19.18,Available,,$19.06,Available,,$19.06,Available,,$19.06,Available,,$19.06,Available,,$19.18,Available,,$23.02,Available,
"Kirkland Signature Microfiber Towels, 16x16 in, Yellow (36 ct)",https://tb-static.uber.com/prod/image-proc/processed_images/0fa2925659d16da6359f8b316a564050/f9586c36ab7db84d09b777cee8c829b1.jpeg,NOT CARRIED,NOT CARRIED,,$21.32,Available,,NOT CARRIED,NOT CARRIED,,$21.32,Available,,$21.32,Available,,$21.32,Available,,NOT CARRIED,NOT CARRIED,
Kirkland Signature Minced California Garlic (1.36 kg),https://tb-static.uber.com/prod/image-proc/processed_images/243254990258a09311dc3c9f635593d0/f9586c36ab7db84d09b777cee8c829b1.jpeg,NOT CARRIED,NOT CARRIED,,NOT CARRIED,NOT CARRIED,,NOT CARRIED,NOT CARRIED,,NOT CARRIED,NOT CARRIED,,NOT CARRIED,NOT CARRIED,,NOT CARRIED,NOT CARRIED,,$10.65,Available,
Kirkland Signature Moisture Hydrant Shampoo (2 x 1 L),https://tb-static.uber.com/prod/image-proc/processed_images/85dbe67ff8287891432a4b28dc5c30d4/f9586c36ab7db84d09b777cee8c829b1.jpeg,NOT CARRIED,NOT CARRIED,,NOT CARRIED,NOT CARRIED,,NOT CARRIED,NOT CARRIED,,$15.99,Available,,NOT CARRIED,NOT CARRIED,,NOT CARRIED,NOT CARRIED,,NOT CARRIED,NOT CARRIED,
Kirkland Signature Natural Creamy Peanut Butter (2 x 1 kg),https://tb-static.uber.com/prod/image-proc/processed_images/53cfffb0b134f02e61d81de30cac3946/b4665c191b34baf3d0e0fa45dfdd3d1d.jpeg,$13.86,Available,,$13.86,Available,,$13.86,Available,,$13.86,Available,,$13.86,Available,,$13.86,Available,,$13.86,Available,
Kirkland Signature Natural Mozzarella Cheese (1.15 kg),https://tb-static.uber.com/prod/image-proc/processed_images/2b10185c082d46adff5d3493d3a0fd0c/b4665c191b34baf3d0e0fa45dfdd3d1d.jpeg,$17.06,Available,,$17.06,Available,,$17.06,Available,,$17.06,Available,,$17.06,Available,,$17.06,Available,,NOT CARRIED,NOT CARRIED,
Kirkland Signature Natural Spring Water (40 x 500 ml),https://tb-static.uber.com/prod/image-proc/processed_images/f31235ddc962f4e50f0a9ab8b988d3e6/b4665c191b34baf3d0e0fa45dfdd3d1d.jpeg,$4.57,Available,,$4.57,Available,,$4.57,Available,,$4.57,Available,,$4.57,Available,,$4.57,Available,,$4.57,Available,
Kirkland Signature Nature's Domain Salmon & Lentil Dry Dog Food (9.07 kg),https://tb-static.uber.com/prod/image-proc/processed_images/ce8c82240c0d54d7bc348cd7f8988055/b4665c191b34baf3d0e0fa45dfdd3d1d.jpeg,NOT CARRIED,NOT CARRIED,,NOT CARRIED,NOT CARRIED,,$31.99,Available,,NOT CARRIED,NOT CARRIED,,$31.99,Available,,$31.99,Available,,NOT CARRIED,NOT CARRIED,
"Kirkland Signature Nature’s Domain Dry Dog Food, Turkey & Sweet Potato (15.87 kg)",https://tb-static.uber.com/prod/image-proc/processed_images/a5bb7ff113c8ba4dcd29f96dae964b8a/b4665c191b34baf3d0e0fa45dfdd3d1d.jpeg,$55.47,Available,,$55.47,Available,,$55.47,Available,,$55.47,Available,,$55.47,Available,,$55.47,Available,,NOT CARRIED,NOT CARRIED,
Kirkland Signature Nature’s Domain Salmon & Sweet Potato Dog Food,https://tb-static.uber.com/prod/image-proc/processed_images/a591a0f2e4457c5f77385fb1c91faa72/b4665c191b34baf3d0e0fa45dfdd3d1d.jpeg,$58.67,Available,,$58.67,Available,,$58.67,Available,,$58.67,Available,,$58.67,Available,,$58.67,Available,,NOT CARRIED,NOT CARRIED,
Kirkland Signature Old Cheddar Cheese Block (1.15 kg),https://tb-static.uber.com/prod/image-proc/processed_images/ee585628e118c02d56cfd77767f0f8f1/f9586c36ab7db84d09b777cee8c829b1.jpeg,NOT CARRIED,NOT CARRIED,,$15.99,Available,,NOT CARRIED,NOT CARRIED,,NOT CARRIED,NOT CARRIED,,NOT CARRIED,NOT CARRIED,,NOT CARRIED,NOT CARRIED,,NOT CARRIED,NOT CARRIED,
Kirkland Signature Organic Almond Original Milk (6 x 946 ml),https://tb-static.uber.com/prod/image-proc/processed_images/e2ab51b20bee99c1d84de48e680c82fe/f9586c36ab7db84d09b777cee8c829b1.jpeg,$12.79,Available,,$12.79,Available,,$12.79,Available,,$12.79,Available,,$12.79,Available,,$12.79,Available,,$12.79,Available,
Kirkland Signature Organic Boneless & Skinless Chicken Breast (2 kg),https://tb-static.uber.com/prod/image-proc/processed_images/ba30c33f66ee075466b6ad482f10d990/957777de4e8d7439bef56daddbfae227.jpeg,$38.64,Available,,$38.64,Available,,$38.64,Available,,$38.64,Available,,$38.38,Available,,$38.64,Available,,NOT CARRIED,NOT CARRIED,
"Kirkland Signature Organic Chicken Broth, 6 × 946 Ml",https://tb-static.uber.com/prod/image-proc/processed_images/eccadcbf5f6606bca5e7c828e18fbf0f/b4665c191b34baf3d0e0fa45dfdd3d1d.jpeg,$12.79,Available,,$12.79,Available,,$12.79,Available,,$12.79,Available,,$12.79,Available,,$12.79,Available,,$12.79,Available,
Kirkland Signature Organic Chicken Drumsticks (1.6 kg),https://tb-static.uber.com/prod/image-proc/processed_images/3dec50c9a18f4bf2de6b2e15e163068f/f9586c36ab7db84d09b777cee8c829b1.jpeg,NOT CARRIED,NOT CARRIED,,$21.62,Available,,NOT CARRIED,NOT CARRIED,,$21.62,Available,,$21.62,Available,,NOT CARRIED,NOT CARRIED,,NOT CARRIED,NOT CARRIED,
Kirkland Signature Organic Chicken Wings (1.6 kg),https://tb-static.uber.com/prod/image-proc/processed_images/04cca8f7941996d309e0b567a5e6302d/b4665c191b34baf3d0e0fa45dfdd3d1d.jpeg,NOT CARRIED,NOT CARRIED,,$33.34,Available,,$27.18,Available,,$27.18,Available,,$27.00,Available,,$27.18,Available,,NOT CARRIED,NOT CARRIED,
Kirkland Signature Organic Coconut Water (12 x 330 ml),https://tb-static.uber.com/prod/image-proc/processed_images/a7646ec61bccd46dc754fba5831e9439/b4665c191b34baf3d0e0fa45dfdd3d1d.jpeg,$15.99,Available,,$15.99,Available,,$15.99,Available,,$15.99,Available,,$15.99,Available,,$15.99,Available,,$15.99,Available,
Kirkland Signature Organic Diced Tomatoes (8 x 796 ml),https://tb-static.uber.com/prod/image-proc/processed_images/0fba6f1d4c35dc3cae28b7beba2347ba/f9586c36ab7db84d09b777cee8c829b1.jpeg,$24.53,Available,,$24.53,Available,,$24.53,Available,,$24.53,Available,,$24.53,Available,,$24.53,Available,,NOT CARRIED,NOT CARRIED,
"Kirkland Signature Organic Eggs, Large (24 ct)",https://tb-static.uber.com/prod/image-proc/processed_images/4f23933d289b42b011535dec1bd9676d/f9586c36ab7db84d09b777cee8c829b1.jpeg,$13.32,Available,,NOT CARRIED,NOT CARRIED,,$13.32,Available,,$13.32,Available,,$13.32,Available,,NOT CARRIED,NOT CARRIED,,NOT CARRIED,NOT CARRIED,
"Kirkland Signature Organic Extra Firm Tofu, 4 × 454 G",https://tb-static.uber.com/prod/image-proc/processed_images/f61d3e0792a504975ae93297d826122a/b4665c191b34baf3d0e0fa45dfdd3d1d.jpeg,NOT CARRIED,NOT CARRIED,,$8.52,Available,,$8.52,Available,,$8.52,Available,,NOT CARRIED,NOT CARRIED,,$8.52,Available,,NOT CARRIED,NOT CARRIED,
"Kirkland Signature Organic Kombucha Tea, Ginger-Lemonade (8 x 473 ml)",https://tb-static.uber.com/prod/image-proc/processed_images/7679000e08367e901ad68ff62c7d6849/b4665c191b34baf3d0e0fa45dfdd3d1d.jpeg,$21.32,Available,,$21.32,Available,,$21.32,Available,,$21.32,Available,,$21.32,Available,,$21.32,Available,,NOT CARRIED,NOT CARRIED,
"Kirkland Signature Organic Maple Syrup, 1 L",https://tb-static.uber.com/prod/image-proc/processed_images/8aaa86d46546c6d8af3c162101ee5180/b4665c191b34baf3d0e0fa45dfdd3d1d.jpeg,NOT CARRIED,NOT CARRIED,,$17.06,Available,,NOT CARRIED,NOT CARRIED,,NOT CARRIED,NOT CARRIED,,NOT CARRIED,NOT CARRIED,,NOT CARRIED,NOT CARRIED,,$17.06,Available,
"Kirkland Signature Organic Marinara Sauce, 3 X 860 Ml",https://tb-static.uber.com/prod/image-proc/processed_images/2dba0ae5942447e02e4eb0d71ff992f9/b4665c191b34baf3d0e0fa45dfdd3d1d.jpeg,$20.26,Available,,$20.26,Available,,$20.26,Available,,$20.26,Available,,$20.26,Available,,$20.26,Available,,NOT CARRIED,NOT CARRIED,
"Kirkland Signature Organic Oat Beverage, 6 X 946 Ml",https://tb-static.uber.com/prod/image-proc/processed_images/841808f2fb53b2319ffee9d7bd2961d0/b4665c191b34baf3d0e0fa45dfdd3d1d.jpeg,NOT CARRIED,NOT CARRIED,,NOT CARRIED,NOT CARRIED,,NOT CARRIED,NOT CARRIED,,NOT CARRIED,NOT CARRIED,,NOT CARRIED,NOT CARRIED,,NOT CARRIED,NOT CARRIED,,$14.39,Available,
Kirkland Signature Organic Partly Skimmed Milk 2% Milk Fat (4 L),https://tb-static.uber.com/prod/image-proc/processed_images/fb79f710bd7e31287c5674942f41659e/b4665c191b34baf3d0e0fa45dfdd3d1d.jpeg,$10.97,Available,,$10.97,Available,,$10.97,Available,,$10.97,Available,,$10.97,Available,,$10.97,Available,,$10.97,Available,
Kirkland Signature Organic Plain Greek Yogurt (1.36 kg),https://tb-static.uber.com/prod/image-proc/processed_images/74321e7c5c4f3c425ff7ae344c64e55c/f9586c36ab7db84d09b777cee8c829b1.jpeg,NOT CARRIED,NOT CARRIED,,NOT CARRIED,NOT CARRIED,,NOT CARRIED,NOT CARRIED,,NOT CARRIED,NOT CARRIED,,NOT CARRIED,NOT CARRIED,,$9.59,Available,,NOT CARRIED,NOT CARRIED,
Kirkland Signature Organic Que Pasa Tortilla Chips (908 g),https://tb-static.uber.com/prod/image-proc/processed_images/7279f5b0ca26508cf96cc4d87c900762/f9586c36ab7db84d09b777cee8c829b1.jpeg,$7.45,Available,,$7.45,Available,,$7.45,Available,,$7.45,Available,,$7.45,Available,,$7.45,Available,,$7.45,Available,
Kirkland Signature Organic Roasted Seaweed Snack (17 g),https://tb-static.uber.com/prod/image-proc/processed_images/566989ad2fcc4fb34c1171ad28b11adf/0e5313be7a8831b8ed60f8dab3c2df10.jpeg,$15.99,Available,,$15.99,Available,,$15.99,Available,,$15.99,Available,,$15.99,Available,,$15.99,Available,,$15.99,Available,
Kirkland Signature Organic Salmon Fillet,https://tb-static.uber.com/prod/image-proc/processed_images/0be8947f6157d84887bc6b03218503e0/b4665c191b34baf3d0e0fa45dfdd3d1d.jpeg,$46.17,Available,,$46.17,Available,,NOT CARRIED,NOT CARRIED,,$46.17,Available,,NOT CARRIED,NOT CARRIED,,NOT CARRIED,NOT CARRIED,,NOT CARRIED,NOT CARRIED,
"Kirkland Signature Organic Soy Beverage, 6 × 946 Ml",https://tb-static.uber.com/prod/image-proc/processed_images/08ffa38f9c9625696450e07dd754dd4b/b4665c191b34baf3d0e0fa45dfdd3d1d.jpeg,NOT CARRIED,NOT CARRIED,,NOT CARRIED,NOT CARRIED,,NOT CARRIED,NOT CARRIED,,NOT CARRIED,NOT CARRIED,,NOT CARRIED,NOT CARRIED,,NOT CARRIED,NOT CARRIED,,$11.72,Available,
"Kirkland Signature Organic Strawberry Spread, 2 × 550 Ml",https://tb-static.uber.com/prod/image-proc/processed_images/f7238ce7f81ba7e47838bc0f31dabbd1/b4665c191b34baf3d0e0fa45dfdd3d1d.jpeg,$12.79,Available,,$12.79,Available,,$12.79,Available,,NOT CARRIED,NOT CARRIED,,NOT CARRIED,NOT CARRIED,,NOT CARRIED,NOT CARRIED,,NOT CARRIED,NOT CARRIED,
Kirkland Signature Organic Sugar (4.54 kg),https://tb-static.uber.com/prod/image-proc/processed_images/4907babe3117712a4f1fa6d7feab62a5/f9586c36ab7db84d09b777cee8c829b1.jpeg,NOT CARRIED,NOT CARRIED,,NOT CARRIED,NOT CARRIED,,NOT CARRIED,NOT CARRIED,,NOT CARRIED,NOT CARRIED,,NOT CARRIED,NOT CARRIED,,NOT CARRIED,NOT CARRIED,,$14.39,Available,
"Kirkland Signature Organic Unsweetened Fortified Almond Beverage, Vanilla (6 x 946 ml)",https://tb-static.uber.com/prod/image-proc/processed_images/6e3b44132b787dba68c87dddea846232/b4665c191b34baf3d0e0fa45dfdd3d1d.jpeg,NOT CARRIED,NOT CARRIED,,NOT CARRIED,NOT CARRIED,,NOT CARRIED,NOT CARRIED,,NOT CARRIED,NOT CARRIED,,NOT CARRIED,NOT CARRIED,,NOT CARRIED,NOT CARRIED,,$12.79,Available,
Kirkland Signature Organic Virgin Coconut Oil (2.48 L),https://tb-static.uber.com/prod/image-proc/processed_images/ceb16754f055dbadac31479493981159/2ecda260bcb4a75235533df4a61ef085.jpeg,NOT CARRIED,NOT CARRIED,,$27.73,Available,,NOT CARRIED,NOT CARRIED,,NOT CARRIED,NOT CARRIED,,NOT CARRIED,NOT CARRIED,,NOT CARRIED,NOT CARRIED,,NOT CARRIED,NOT CARRIED,
Kirkland Signature Organic Whole Chicken,https://tb-static.uber.com/prod/image-proc/processed_images/bf410086688a4bf6bd99abfdd03d1714/b4665c191b34baf3d0e0fa45dfdd3d1d.jpeg,NOT CARRIED,NOT CARRIED,,$31.48,Available,,$39.45,Available,,$31.48,Available,,$31.48,Available,,$31.48,Available,,NOT CARRIED,NOT CARRIED,
"Kirkland Signature Pads For Women, 4-Pack Of 36",https://tb-static.uber.com/prod/image-proc/processed_images/5b6c7de45d9dc213194d8eaa34c70852/b4665c191b34baf3d0e0fa45dfdd3d1d.jpeg,$40.53,Available,,NOT CARRIED,NOT CARRIED,,$40.53,Available,,$40.53,Available,,$40.53,Available,,$40.53,Available,,NOT CARRIED,NOT CARRIED,
"Kirkland Signature Plastic Food Wrap, 750 ft x 12 in (2 pack)",https://tb-static.uber.com/prod/image-proc/processed_images/d388f5d9ab068b2a2f5bd5df29c7ad7e/f9586c36ab7db84d09b777cee8c829b1.jpeg,$19.19,Available,,$19.19,Available,,$19.19,Available,,$19.19,Available,,$19.19,Available,,$19.19,Available,,NOT CARRIED,NOT CARRIED,
"Kirkland Signature Plastic Food Wrap, 914.4m x 30.5cm",https://tb-static.uber.com/prod/image-proc/processed_images/9c51b36b0993670059fe4636c9e72abe/b4665c191b34baf3d0e0fa45dfdd3d1d.jpeg,$24.53,Available,,$24.53,Available,,$24.53,Available,,$24.53,Available,,$24.53,Available,,$24.53,Available,,$24.53,Available,
"Kirkland Signature Pot Pie, Chicken, 10""",https://tb-static.uber.com/prod/image-proc/processed_images/8dab65390368d330974f881865e166fe/b4665c191b34baf3d0e0fa45dfdd3d1d.jpeg,NOT CARRIED,NOT CARRIED,,$12.79,Available,,NOT CARRIED,NOT CARRIED,,NOT CARRIED,NOT CARRIED,,NOT CARRIED,NOT CARRIED,,NOT CARRIED,NOT CARRIED,,NOT CARRIED,NOT CARRIED,
Kirkland Signature Premium Blend Bbq Hardwood Pellets,https://tb-static.uber.com/prod/image-proc/processed_images/ffc78ec5e46d0616b7d7cfcf3ad45940/b4665c191b34baf3d0e0fa45dfdd3d1d.jpeg,NOT CARRIED,NOT CARRIED,,$20.26,Available,,NOT CARRIED,NOT CARRIED,,NOT CARRIED,NOT CARRIED,,$20.26,Available,,$20.26,Available,,NOT CARRIED,NOT CARRIED,
"Kirkland Signature Premium Performance Ultrashine Automatic Dishwasher Detergent Pacs, Lemon Citrus (1.61 kg, 115 ct)",https://tb-static.uber.com/prod/image-proc/processed_images/2f01b6deaf3ea7b3d5ad28de5b1b6c10/b4665c191b34baf3d0e0fa45dfdd3d1d.jpeg,$17.06,Available,,$17.06,Available,,$17.06,Available,,$17.06,Available,,$17.06,Available,,$17.06,Available,,NOT CARRIED,NOT CARRIED,
"Kirkland Signature Procare Infant Formula Non-Gmo Powder, 1.36 Kg",https://tb-static.uber.com/prod/image-proc/processed_images/88918926390eace6f0107b80ffd3fd65/b4665c191b34baf3d0e0fa45dfdd3d1d.jpeg,$46.93,Available,19% off,$46.93,Available,19% off,$46.93,Available,19% off,$46.93,Available,19% off,$46.93,Available,19% off,$46.93,Available,19% off,$46.93,Available,19% off
"Kirkland Signature Protective Menstrual Underwear, Women, S/M",https://tb-static.uber.com/prod/image-proc/processed_images/048f1f71b58b23cebb2a8c2b73e399bc/b4665c191b34baf3d0e0fa45dfdd3d1d.jpeg,$41.60,Available,,$41.60,Available,,$41.60,Available,,$41.60,Available,,$41.60,Available,,$41.60,Available,,NOT CARRIED,NOT CARRIED,
"Kirkland Signature Protein Bars, Brownie-Chocolatey Chunks Cookie Dough (20 x 60 g)",https://tb-static.uber.com/prod/image-proc/processed_images/0e1c6abb7bb0dc0f59eb6b7105045588/f9586c36ab7db84d09b777cee8c829b1.jpeg,NOT CARRIED,NOT CARRIED,,$37.33,Available,,$37.33,Available,,$37.33,Available,,NOT CARRIED,NOT CARRIED,,NOT CARRIED,NOT CARRIED,,NOT CARRIED,NOT CARRIED,
"Kirkland Signature Protein Bars, Variety Pack, 20 × 60 G",https://tb-static.uber.com/prod/image-proc/processed_images/0530825010b6925339c6c3d500af7484/b4665c191b34baf3d0e0fa45dfdd3d1d.jpeg,$36.26,Available,,$36.26,Available,,$36.26,Available,,$36.26,Available,,$36.26,Available,,$36.26,Available,,$36.26,Available,
"Kirkland Signature Quad Tie Garbage Bags 30 Gallon, L, Black (100 ct)",https://tb-static.uber.com/prod/image-proc/processed_images/afcee5a602f4b3cb12cfb51337061556/f9586c36ab7db84d09b777cee8c829b1.jpeg,$15.99,Available,,$15.99,Available,,$15.99,Available,,$15.99,Available,,$15.99,Available,,$15.99,Available,,$15.99,Available,
"Kirkland Signature Raw Shrimp, 50-70 Shrimps Per Pound (907 g)",https://tb-static.uber.com/prod/image-proc/processed_images/1591a6951bd89e1c989f1ee6a10970f7/084f706968d1b6665b205548356b21b3.jpeg,$18.12,Available,,$18.12,Available,,$18.12,Available,,$18.12,Available,,$18.12,Available,,$18.12,Available,,NOT CARRIED,NOT CARRIED,
"Kirkland Signature Raw Wild Argentine Shrimp, 680 G",https://tb-static.uber.com/prod/image-proc/processed_images/010808e1f5f350cbd4c7bf05876beecf/b4665c191b34baf3d0e0fa45dfdd3d1d.jpeg,$22.39,Available,,$22.39,Available,,$22.39,Available,,$22.39,Available,,$22.39,Available,,$22.39,Available,,NOT CARRIED,NOT CARRIED,
"Kirkland Signature Recycling Bags With Drawstrings 30 Gal, 76.2x82.5 cm, Blue (100 ct)",https://tb-static.uber.com/prod/image-proc/processed_images/3d9fdd8d80526fdb7e64296418897bd6/f9586c36ab7db84d09b777cee8c829b1.jpeg,NOT CARRIED,NOT CARRIED,,NOT CARRIED,NOT CARRIED,,$15.99,Available,,NOT CARRIED,NOT CARRIED,,NOT CARRIED,NOT CARRIED,,NOT CARRIED,NOT CARRIED,,$15.99,Available,
"Kirkland Signature Salted Mixed Nuts, 1.13 Kg",https://tb-static.uber.com/prod/image-proc/processed_images/fb6bd40f39462e4636f296b39aa7c92a/b4665c191b34baf3d0e0fa45dfdd3d1d.jpeg,$23.99,Available,,NOT CARRIED,NOT CARRIED,,NOT CARRIED,NOT CARRIED,,NOT CARRIED,NOT CARRIED,,NOT CARRIED,NOT CARRIED,,NOT CARRIED,NOT CARRIED,,NOT CARRIED,NOT CARRIED,
Kirkland Signature Shepherd's Pie (1.76 kg),https://tb-static.uber.com/prod/image-proc/processed_images/c9bef03b4c71945428c1c3fe8d4ad42a/b4665c191b34baf3d0e0fa45dfdd3d1d.jpeg,$25.18,Available,,NOT CARRIED,NOT CARRIED,,NOT CARRIED,NOT CARRIED,,NOT CARRIED,NOT CARRIED,,NOT CARRIED,NOT CARRIED,,NOT CARRIED,NOT CARRIED,,NOT CARRIED,NOT CARRIED,
"Kirkland Signature Shredded Pizza, Mozzarella Cheese (2 x 625 g)",https://tb-static.uber.com/prod/image-proc/processed_images/80becc9c1a3f8e317885bb619495c467/b4665c191b34baf3d0e0fa45dfdd3d1d.jpeg,NOT CARRIED,NOT CARRIED,,NOT CARRIED,NOT CARRIED,,NOT CARRIED,NOT CARRIED,,$20.26,Available,,NOT CARRIED,NOT CARRIED,,NOT CARRIED,NOT CARRIED,,NOT CARRIED,NOT CARRIED,
"Kirkland Signature Sliced Soft Fresh Mozzarella Cheese, 2 × 450 G",https://tb-static.uber.com/prod/image-proc/processed_images/d19447c4515b99b92d048f0d32da3e1c/b4665c191b34baf3d0e0fa45dfdd3d1d.jpeg,$14.92,Available,,$14.92,Available,,$14.92,Available,,$14.92,Available,,$14.92,Available,,$14.92,Available,,$14.92,Available,
Kirkland Signature Smoked Black Forest Ham (2 x 500 g),https://tb-static.uber.com/prod/image-proc/processed_images/e0b6b8a7cea762788df770cb85975484/f9586c36ab7db84d09b777cee8c829b1.jpeg,$17.06,Available,,$17.06,Available,,$17.06,Available,,$17.06,Available,,$17.06,Available,,$17.06,Available,,NOT CARRIED,NOT CARRIED,
"Kirkland Signature Soft & Chewy Granola Bars, Chocolate Chips (64 x 24 g)",https://tb-static.uber.com/prod/image-proc/processed_images/33e72e90d6bd0cd5155465cba5aa040d/f9586c36ab7db84d09b777cee8c829b1.jpeg,NOT CARRIED,NOT CARRIED,,NOT CARRIED,NOT CARRIED,,$14.39,Available,,NOT CARRIED,NOT CARRIED,,NOT CARRIED,NOT CARRIED,,NOT CARRIED,NOT CARRIED,,NOT CARRIED,NOT CARRIED,
Kirkland Signature Solid Light Tuna in Water (8 x 184 g),https://tb-static.uber.com/prod/image-proc/processed_images/6259df5b01d505a48e499febf86d0ee4/0e5313be7a8831b8ed60f8dab3c2df10.jpeg,NOT CARRIED,NOT CARRIED,,NOT CARRIED,NOT CARRIED,,NOT CARRIED,NOT CARRIED,,NOT CARRIED,NOT CARRIED,,NOT CARRIED,NOT CARRIED,,NOT CARRIED,NOT CARRIED,,$18.12,Available,
"Kirkland Signature Soup, Broccoli Cheddar (2 x 830 ml)",https://tb-static.uber.com/prod/image-proc/processed_images/95be05d9769aecc7b30b62520f8d862e/b4665c191b34baf3d0e0fa45dfdd3d1d.jpeg,NOT CARRIED,NOT CARRIED,,$11.72,Available,,NOT CARRIED,NOT CARRIED,,NOT CARRIED,NOT CARRIED,,NOT CARRIED,NOT CARRIED,,NOT CARRIED,NOT CARRIED,,NOT CARRIED,NOT CARRIED,
Kirkland Signature Sour Cream (2 x 500 ml),https://tb-static.uber.com/prod/image-proc/processed_images/4c728ed05af3ed5c4fb9d627f5e1e2e6/0e5313be7a8831b8ed60f8dab3c2df10.jpeg,NOT CARRIED,NOT CARRIED,,NOT CARRIED,NOT CARRIED,,NOT CARRIED,NOT CARRIED,,NOT CARRIED,NOT CARRIED,,NOT CARRIED,NOT CARRIED,,NOT CARRIED,NOT CARRIED,,$6.39,Available,
"Kirkland Signature Sous Vide Egg Bites, Egg White With Cheese & Roasted Red Peppers, 595 G",https://tb-static.uber.com/prod/image-proc/processed_images/0dd53ef693fd8a7da2511a99a3d98e34/b4665c191b34baf3d0e0fa45dfdd3d1d.jpeg,$19.19,Available,,$19.19,Available,,$19.19,Available,,$19.19,Available,,$19.19,Available,,$19.19,Available,,NOT CARRIED,NOT CARRIED,
Kirkland Signature Spanish Stuffed Queen Olives (1 L),https://tb-static.uber.com/prod/image-proc/processed_images/83f699a533672353aec8beb03257a24a/f9586c36ab7db84d09b777cee8c829b1.jpeg,NOT CARRIED,NOT CARRIED,,NOT CARRIED,NOT CARRIED,,NOT CARRIED,NOT CARRIED,,NOT CARRIED,NOT CARRIED,,NOT CARRIED,NOT CARRIED,,NOT CARRIED,NOT CARRIED,,$9.05,Available,
"Kirkland Signature Sparkling Flavored Water, Black Raspberry-Orange Mango-Kiwi Strawberry (24 x 503 ml)",https://tb-static.uber.com/prod/image-proc/processed_images/3c7ca006a5c648514fb276058b934d03/b4665c191b34baf3d0e0fa45dfdd3d1d.jpeg,NOT CARRIED,NOT CARRIED,,$17.59,Available,,$17.59,Available,,$17.59,Available,,$17.59,Available,,$17.59,Available,,NOT CARRIED,NOT CARRIED,
Kirkland Signature Special Blend Vegetables (2.5 kg),https://tb-static.uber.com/prod/image-proc/processed_images/8b26fd3cd156079053a8a75ecd04f5e9/f9586c36ab7db84d09b777cee8c829b1.jpeg,NOT CARRIED,NOT CARRIED,,NOT CARRIED,NOT CARRIED,,NOT CARRIED,NOT CARRIED,,NOT CARRIED,NOT CARRIED,,NOT CARRIED,NOT CARRIED,,NOT CARRIED,NOT CARRIED,,$15.99,Available,
"Kirkland Signature Spiral Sliced Ham, Hickory Smoked",https://tb-static.uber.com/prod/image-proc/processed_images/1fcef32c0a944cbb41b0b174d78dfe29/f9586c36ab7db84d09b777cee8c829b1.jpeg,$39.58,Available,,$39.58,Available,,$39.58,Available,,$39.58,Available,,$39.58,Available,,$39.58,Available,,$41.71,Available,
Kirkland Signature Stuffed Bell Peppers (6 ct),https://tb-static.uber.com/prod/image-proc/processed_images/6b8b47766d399125ed3a15382733ab94/b4665c191b34baf3d0e0fa45dfdd3d1d.jpeg,$26.95,Available,,$26.95,Available,,$26.95,Available,,$26.95,Available,,$26.95,Available,,$26.95,Available,,NOT CARRIED,NOT CARRIED,
"Kirkland Signature Sugar Free Organic Coconut Water, 9 X 1 L",https://tb-static.uber.com/prod/image-proc/processed_images/1698c3d7e2a71d9701876d6b8ad2a238/b4665c191b34baf3d0e0fa45dfdd3d1d.jpeg,$26.66,Available,,$26.66,Available,,$26.66,Available,,$26.66,Available,,$26.66,Available,,$26.66,Available,,NOT CARRIED,NOT CARRIED,
Kirkland Signature Super Concentrate Omega-3 Fish Oil Softgels 1300 mg (330 ct),https://tb-static.uber.com/prod/image-proc/processed_images/6da632ceb79690f8923fa10c868b0305/b4665c191b34baf3d0e0fa45dfdd3d1d.jpeg,$31.99,Available,,$31.99,Available,,$31.99,Available,,$31.99,Available,,$31.99,Available,,$31.99,Available,,$31.99,Available,
Kirkland Signature Supremo Bean Dark Roast Fine Grind 100% Colombian Coffee (1.36 kg),https://tb-static.uber.com/prod/image-proc/processed_images/c8292fdfa42b0b1d92001af1c3c89928/f9586c36ab7db84d09b777cee8c829b1.jpeg,$31.99,Available,,$31.99,Available,,$31.99,Available,,$31.99,Available,,$31.99,Available,,$31.99,Available,,$31.99,Available,
Kirkland Signature Tail on Raw Shrimp (907 g),https://tb-static.uber.com/prod/image-proc/processed_images/241d26b06c329ace90bdf117df7f8cbc/f9586c36ab7db84d09b777cee8c829b1.jpeg,$18.12,Available,,$18.12,Available,,$18.12,Available,,$18.12,Available,,$18.12,Available,,$18.12,Available,,NOT CARRIED,NOT CARRIED,
Kirkland Signature Tail-On Raw Shrimp (680 g),https://tb-static.uber.com/prod/image-proc/processed_images/d2373111207ed5dcf2f418c3e42a9a20/b4665c191b34baf3d0e0fa45dfdd3d1d.jpeg,NOT CARRIED,NOT CARRIED,,NOT CARRIED,NOT CARRIED,,NOT CARRIED,NOT CARRIED,,$15.99,Available,,NOT CARRIED,NOT CARRIED,,NOT CARRIED,NOT CARRIED,,$15.99,Available,
Kirkland Signature Tempura Shrimp Taco,https://tb-static.uber.com/prod/image-proc/processed_images/facd177196d5ef276f269d2bfa16a7b3/b4665c191b34baf3d0e0fa45dfdd3d1d.jpeg,NOT CARRIED,NOT CARRIED,,NOT CARRIED,NOT CARRIED,,$26.48,Available,,$26.48,Available,,$26.48,Available,,NOT CARRIED,NOT CARRIED,,NOT CARRIED,NOT CARRIED,
Kirkland Signature Traditional Shepherd's Pie (1.85 kg),https://tb-static.uber.com/prod/image-proc/processed_images/76cec1f4190d549c6e622bbbc23e145a/b4665c191b34baf3d0e0fa45dfdd3d1d.jpeg,$26.62,Available,,$26.62,Available,,$26.62,Available,,NOT CARRIED,NOT CARRIED,,$26.62,Available,,NOT CARRIED,NOT CARRIED,,NOT CARRIED,NOT CARRIED,
Kirkland Signature Tuxedo Cake (1.24 kg),https://tb-static.uber.com/prod/image-proc/processed_images/863bec5deb12d2608f260abca8740f0a/f9586c36ab7db84d09b777cee8c829b1.jpeg,$21.32,Available,,$21.32,Available,,$21.32,Available,,$21.32,Available,,$21.32,Available,,$21.32,Available,,NOT CARRIED,NOT CARRIED,
"Kirkland Signature Ultimate Absorbency Underwear, Men, Small/Medium, White (92 ct)",https://tb-static.uber.com/prod/image-proc/processed_images/5322531177e30e4f85242e9d985fd26c/f9586c36ab7db84d09b777cee8c829b1.jpeg,$41.60,Available,,$41.60,Available,,$41.60,Available,,$41.60,Available,,$41.60,Available,,$41.60,Available,,NOT CARRIED,NOT CARRIED,
"Kirkland Signature Ultra Clean Laundry Detergent Pacs, 152-Count",https://tb-static.uber.com/prod/image-proc/processed_images/0d676e00afcf5ecf89d24c748f895a08/b4665c191b34baf3d0e0fa45dfdd3d1d.jpeg,$28.79,Available,,$28.79,Available,,$28.79,Available,,$28.79,Available,,$28.79,Available,,$28.79,Available,,NOT CARRIED,NOT CARRIED,
"Kirkland Signature Ultra Fresh In-Wash Scent Booster, 1.3 Kg",https://tb-static.uber.com/prod/image-proc/processed_images/06ff45f8de1c698c67185cfda758fda1/b4665c191b34baf3d0e0fa45dfdd3d1d.jpeg,$21.32,Available,,$21.32,Available,,$21.32,Available,,$21.32,Available,,$21.32,Available,,$21.32,Available,,NOT CARRIED,NOT CARRIED,
"Kirkland Signature Ultra Shine Dish Washing Liquid, Fresh (2.66 L)",https://tb-static.uber.com/prod/image-proc/processed_images/9a92bb89174a035bad4eea5a5453dcfa/b4665c191b34baf3d0e0fa45dfdd3d1d.jpeg,$10.65,Available,,NOT CARRIED,NOT CARRIED,,$10.65,Available,,NOT CARRIED,NOT CARRIED,,$10.65,Available,,$10.65,Available,,NOT CARRIED,NOT CARRIED,
"Kirkland Signature Ultra Soft Facial Tissues, 20.6 cm x 20.2 cm (12 ct)",https://tb-static.uber.com/prod/image-proc/processed_images/6a84c7d0e2281a6fd3caabfd88ebdb94/f9586c36ab7db84d09b777cee8c829b1.jpeg,$24.53,Available,,$24.53,Available,,$24.53,Available,,$24.53,Available,,$24.53,Available,,$24.53,Available,,$24.53,Available,
Kirkland Signature Vitamin D3 1000 Iu 25 Mcg Tablets (2 x 360 ct),https://tb-static.uber.com/prod/image-proc/processed_images/012fe936030b28e19f0b9b39719a9843/f9586c36ab7db84d09b777cee8c829b1.jpeg,NOT CARRIED,NOT CARRIED,,$7.99,Available,,$7.99,Available,,$7.99,Available,,NOT CARRIED,NOT CARRIED,,$7.99,Available,,NOT CARRIED,NOT CARRIED,
Kirkland Signature Walnuts Halves & Pieces (1.36 kg),https://tb-static.uber.com/prod/image-proc/processed_images/87182d714bee3307956a96a35285463c/f9586c36ab7db84d09b777cee8c829b1.jpeg,NOT CARRIED,NOT CARRIED,,NOT CARRIED,NOT CARRIED,,$21.32,Available,,NOT CARRIED,NOT CARRIED,,NOT CARRIED,NOT CARRIED,,NOT CARRIED,NOT CARRIED,,NOT CARRIED,NOT CARRIED,
"Kirkland Signature Water Filtration System Pitcher With 2 Filters, White",https://tb-static.uber.com/prod/image-proc/processed_images/91e1dc2c2294939a99cd382e3a352eac/f9586c36ab7db84d09b777cee8c829b1.jpeg,NOT CARRIED,NOT CARRIED,,NOT CARRIED,NOT CARRIED,,NOT CARRIED,NOT CARRIED,,NOT CARRIED,NOT CARRIED,,$27.73,Available,,NOT CARRIED,NOT CARRIED,,NOT CARRIED,NOT CARRIED,
"Kirkland Signature Wet Cat Food, Pate Variety Pack 45 X 99 G ( 3.5 Oz.)",https://tb-static.uber.com/prod/image-proc/processed_images/47745bff5a209216fd87647cb0cc7ad4/b4665c191b34baf3d0e0fa45dfdd3d1d.jpeg,$48.00,Available,,$48.00,Available,,$48.00,Available,,NOT CARRIED,NOT CARRIED,,$48.00,Available,,$48.00,Available,,NOT CARRIED,NOT CARRIED,
"Kirkland Signature Wet Dog Food, Pâté Variety Pack, 45 X 99 G",https://tb-static.uber.com/prod/image-proc/processed_images/d0439d67675f7257503fda8db473debb/b4665c191b34baf3d0e0fa45dfdd3d1d.jpeg,$45.87,Available,,$45.87,Available,,NOT CARRIED,NOT CARRIED,,$45.87,Available,,NOT CARRIED,NOT CARRIED,,NOT CARRIED,NOT CARRIED,,NOT CARRIED,NOT CARRIED,
"Kirkland Signature White Sheet Cake, 4.31 Kg",https://tb-static.uber.com/prod/image-proc/processed_images/1f6667e269f8467d28b8dee820f152b2/b4665c191b34baf3d0e0fa45dfdd3d1d.jpeg,$26.66,Available,,$26.66,Available,,$26.66,Available,,$26.66,Available,,$26.66,Available,,$26.66,Available,,NOT CARRIED,NOT CARRIED,
Kirkland Signature Whole Bean Coffee House Blend (1.13 kg),https://tb-static.uber.com/prod/image-proc/processed_images/67603f5c46a06d54d9a01d6380386562/b4665c191b34baf3d0e0fa45dfdd3d1d.jpeg,$28.79,Available,,$28.79,Available,,$28.79,Available,,$28.79,Available,,$28.79,Available,,$28.79,Available,,NOT CARRIED,NOT CARRIED,
Kirkland Signature Whole Blueberries (2 kg),https://tb-static.uber.com/prod/image-proc/processed_images/2d145fb5988433353ff959f470a463ec/f9586c36ab7db84d09b777cee8c829b1.jpeg,NOT CARRIED,NOT CARRIED,,NOT CARRIED,NOT CARRIED,,NOT CARRIED,NOT CARRIED,,NOT CARRIED,NOT CARRIED,,NOT CARRIED,NOT CARRIED,,NOT CARRIED,NOT CARRIED,,$14.92,Available,
"Kirkland Signature Whole Chicken, 3-Count",https://tb-static.uber.com/prod/image-proc/processed_images/6dca1e8739af83c21519e0d4b0b31795/b4665c191b34baf3d0e0fa45dfdd3d1d.jpeg,$28.38,Available,,$28.31,Available,,$28.38,Available,,$28.38,Available,,$28.31,Available,,$28.38,Available,,NOT CARRIED,NOT CARRIED,
"Kirkland Signature, Organic Unsalted Butter, 454 G",https://tb-static.uber.com/prod/image-proc/processed_images/3c5d041bebbde3874c3d856c133ec486/b4665c191b34baf3d0e0fa45dfdd3d1d.jpeg,$9.59,Available,,NOT CARRIED,NOT CARRIED,,NOT CARRIED,NOT CARRIED,,NOT CARRIED,NOT CARRIED,,NOT CARRIED,NOT CARRIED,,NOT CARRIED,NOT CARRIED,,NOT CARRIED,NOT CARRIED,
"Kirkland Signature, Seasoned Frozen Chicken Wings, 3 Kg",https://tb-static.uber.com/prod/image-proc/processed_images/2259c5bf1d06190410cd7f5289c4398d/b4665c191b34baf3d0e0fa45dfdd3d1d.jpeg,$31.99,Available,,$31.99,Available,,$31.99,Available,,$31.99,Available,,$31.99,Available,,$31.99,Available,,NOT CARRIED,NOT CARRIED,
"Kitchen Towels, 8-Pack",https://tb-static.uber.com/prod/image-proc/processed_images/88ec91f9e12f08ea124f1b888d33a280/b4665c191b34baf3d0e0fa45dfdd3d1d.jpeg,NOT CARRIED,NOT CARRIED,,$23.46,Available,,NOT CARRIED,NOT CARRIED,,NOT CARRIED,NOT CARRIED,,NOT CARRIED,NOT CARRIED,,$23.46,Available,,NOT CARRIED,NOT CARRIED,
"Knorr Instant Poutine Gravy Mix, 3 × 430 G",https://tb-static.uber.com/prod/image-proc/processed_images/668ded3a4f901a548b1c1ae6aab3496d/b4665c191b34baf3d0e0fa45dfdd3d1d.jpeg,NOT CARRIED,NOT CARRIED,,NOT CARRIED,NOT CARRIED,,NOT CARRIED,NOT CARRIED,,NOT CARRIED,NOT CARRIED,,NOT CARRIED,NOT CARRIED,,NOT CARRIED,NOT CARRIED,,$24.53,Available,
Korean Beef Bulgogi,https://tb-static.uber.com/prod/image-proc/processed_images/e099ef6dc1d73179a1840731631a3a3f/f9586c36ab7db84d09b777cee8c829b1.jpeg,NOT CARRIED,NOT CARRIED,,$29.68,Available,,$29.68,Available,,$29.68,Available,,$29.68,Available,,$29.68,Available,,NOT CARRIED,NOT CARRIED,
"Korhani Anti Fatigue Mat, 3x3 ft, Black",https://tb-static.uber.com/prod/image-proc/processed_images/ea1aedc4e134dcb9ba7322d47ff4ad29/b4665c191b34baf3d0e0fa45dfdd3d1d.jpeg,NOT CARRIED,NOT CARRIED,,NOT CARRIED,NOT CARRIED,,NOT CARRIED,NOT CARRIED,,NOT CARRIED,NOT CARRIED,,NOT CARRIED,NOT CARRIED,,NOT CARRIED,NOT CARRIED,,$24.53,Available,
Kozy Shack Original Rice Pudding Cups (12 x 113 g),https://tb-static.uber.com/prod/image-proc/processed_images/72e1afb230d379596c4f0ea4d6fbea7f/f9586c36ab7db84d09b777cee8c829b1.jpeg,NOT CARRIED,NOT CARRIED,,NOT CARRIED,NOT CARRIED,,NOT CARRIED,NOT CARRIED,,$9.05,Available,,NOT CARRIED,NOT CARRIED,,NOT CARRIED,NOT CARRIED,,NOT CARRIED,NOT CARRIED,
"Krusteaz Buttermilk Pancake Mix, 4.53 Kg",https://tb-static.uber.com/prod/image-proc/processed_images/a5da2afa21c267e3f2510f813f0d0968/b4665c191b34baf3d0e0fa45dfdd3d1d.jpeg,$12.79,Available,,$12.79,Available,,$12.79,Available,,$12.79,Available,,$12.79,Available,,$12.79,Available,,NOT CARRIED,NOT CARRIED,
Ks Dress Shirt Reg S25 C22 L132 P528 D384 $29.99,https://cn-geo1.uber.com/static/mobile-content/eats/placeholder_images/placeholder_image_grocery_300x300.png,$30.93,Available,32% off,NOT CARRIED,NOT CARRIED,,$30.93,Available,32% off,NOT CARRIED,NOT CARRIED,,NOT CARRIED,NOT CARRIED,,$21.30,Available,47% off,NOT CARRIED,NOT CARRIED,
"L'Oréal Paris Revitalift Anti-Wrinkle + Firming Day Cream Spf 25, 2 X 50 Ml",https://tb-static.uber.com/prod/image-proc/processed_images/2cab797768005f58c97efabc65e31f8e/b4665c191b34baf3d0e0fa45dfdd3d1d.jpeg,$37.33,Available,,$37.33,Available,,$37.33,Available,,$37.33,Available,,$37.33,Available,,$37.33,Available,,NOT CARRIED,NOT CARRIED,
"L'Oréal Paris Triple Power Lzr Tri-Peptides Age Correcting Face Serum, 2 X 30Ml",https://tb-static.uber.com/prod/image-proc/processed_images/7e888d327def0276f072a3b663dd9c58/b4665c191b34baf3d0e0fa45dfdd3d1d.jpeg,NOT CARRIED,NOT CARRIED,,NOT CARRIED,NOT CARRIED,,$58.67,Available,,$58.67,Available,,$58.67,Available,,$58.67,Available,,NOT CARRIED,NOT CARRIED,
LEANFIT Sport Whey Isolate Drink Mix (2 kg),https://tb-static.uber.com/prod/image-proc/processed_images/2f5cb0f3d545dac4caf737e44cd83890/b4665c191b34baf3d0e0fa45dfdd3d1d.jpeg,$96.01,Available,,$96.01,Available,,$96.01,Available,,$96.01,Available,,$96.01,Available,,$96.01,Available,,NOT CARRIED,NOT CARRIED,
"LEGO Botanicals Japanese Maple Bonsai Tree Building Kit Ages 18+, Assorted (474 ct)",https://tb-static.uber.com/prod/image-proc/processed_images/6de328e3dc1d17d57e5504774992d3f7/b4665c191b34baf3d0e0fa45dfdd3d1d.jpeg,NOT CARRIED,NOT CARRIED,,NOT CARRIED,NOT CARRIED,,NOT CARRIED,NOT CARRIED,,NOT CARRIED,NOT CARRIED,,NOT CARRIED,NOT CARRIED,,$42.64,Available,,NOT CARRIED,NOT CARRIED,
"LG 4K Uhd Hdr Led Smart Tv, 65 in",https://tb-static.uber.com/prod/image-proc/processed_images/f42e35249bbff173c089e5ba4c0a7c15/b4665c191b34baf3d0e0fa45dfdd3d1d.jpeg,$713.99,Available,17% off,$713.99,Available,17% off,$713.99,Available,17% off,NOT CARRIED,NOT CARRIED,,$713.99,Available,17% off,$713.99,Available,17% off,NOT CARRIED,NOT CARRIED,
"La Fournee Doree Brioche Hot Dog Top Slice, 16 Pack",https://tb-static.uber.com/prod/image-proc/processed_images/decd27598f9c1a2762d413ae0388b5fd/b4665c191b34baf3d0e0fa45dfdd3d1d.jpeg,NOT CARRIED,NOT CARRIED,,NOT CARRIED,NOT CARRIED,,NOT CARRIED,NOT CARRIED,,NOT CARRIED,NOT CARRIED,,NOT CARRIED,NOT CARRIED,,NOT CARRIED,NOT CARRIED,,$7.99,Available,
"La Petite Bretonne Mini Chocolatines, 2 × 400 G",https://tb-static.uber.com/prod/image-proc/processed_images/e9203fcd41aa3ebb44899d29201da8c4/b4665c191b34baf3d0e0fa45dfdd3d1d.jpeg,NOT CARRIED,NOT CARRIED,,NOT CARRIED,NOT CARRIED,,NOT CARRIED,NOT CARRIED,,NOT CARRIED,NOT CARRIED,,NOT CARRIED,NOT CARRIED,,NOT CARRIED,NOT CARRIED,,$8.52,Available,
"La Petite Bretonne Pure Butter Madeleleins, 710 G",https://tb-static.uber.com/prod/image-proc/processed_images/b4f33b3436e6be223b88c1d4cb95635d/b4665c191b34baf3d0e0fa45dfdd3d1d.jpeg,$14.39,Available,,$14.39,Available,,$14.39,Available,,$14.39,Available,,$14.39,Available,,$14.39,Available,,NOT CARRIED,NOT CARRIED,
La Petite Bretonne Strawberry & Cheese Danish (6 x 142 g),https://tb-static.uber.com/prod/image-proc/processed_images/fa78cbf5b26882c8f3f09933e9940e88/b4665c191b34baf3d0e0fa45dfdd3d1d.jpeg,NOT CARRIED,NOT CARRIED,,NOT CARRIED,NOT CARRIED,,NOT CARRIED,NOT CARRIED,,NOT CARRIED,NOT CARRIED,,NOT CARRIED,NOT CARRIED,,NOT CARRIED,NOT CARRIED,,$8.52,Available,
"La Terra Fina Mild Cheddar Queso Dip, 879 G",https://tb-static.uber.com/prod/image-proc/processed_images/c07a7aa2cca2b535c81a7dba55004603/b4665c191b34baf3d0e0fa45dfdd3d1d.jpeg,$13.86,Available,,NOT CARRIED,NOT CARRIED,,NOT CARRIED,NOT CARRIED,,NOT CARRIED,NOT CARRIED,,NOT CARRIED,NOT CARRIED,,NOT CARRIED,NOT CARRIED,,NOT CARRIED,NOT CARRIED,
"La Terra Fina Smoked Gouda & Peppers Dip & Spread, 680 G",https://tb-static.uber.com/prod/image-proc/processed_images/c37a8d924e57c6fd0853c72fbef6f7e0/b4665c191b34baf3d0e0fa45dfdd3d1d.jpeg,NOT CARRIED,NOT CARRIED,,NOT CARRIED,NOT CARRIED,,NOT CARRIED,NOT CARRIED,,$14.92,Available,,$14.92,Available,,NOT CARRIED,NOT CARRIED,,NOT CARRIED,NOT CARRIED,
La-Z-Boy Guest Chair,https://tb-static.uber.com/prod/image-proc/processed_images/53fcfe8bb77563a6ab53cb7fd4fed2b7/b4665c191b34baf3d0e0fa45dfdd3d1d.jpeg,NOT CARRIED,NOT CARRIED,,$160.03,Available,,NOT CARRIED,NOT CARRIED,,NOT CARRIED,NOT CARRIED,,NOT CARRIED,NOT CARRIED,,NOT CARRIED,NOT CARRIED,,NOT CARRIED,NOT CARRIED,
"Lac Brome Lake Frozen Boneless Duck Breast, 3 X 225 G",https://tb-static.uber.com/prod/image-proc/processed_images/245708564c7f715edc05d7c42e64e25f/b4665c191b34baf3d0e0fa45dfdd3d1d.jpeg,NOT CARRIED,NOT CARRIED,,NOT CARRIED,NOT CARRIED,,NOT CARRIED,NOT CARRIED,,NOT CARRIED,NOT CARRIED,,$21.32,Available,,NOT CARRIED,NOT CARRIED,,NOT CARRIED,NOT CARRIED,
Lactantia Purfiltre Organic Whole Milk (4 L),https://tb-static.uber.com/prod/image-proc/processed_images/4d957c2a0c753fb18cb9d209efcc992d/b4665c191b34baf3d0e0fa45dfdd3d1d.jpeg,NOT CARRIED,NOT CARRIED,,NOT CARRIED,NOT CARRIED,,NOT CARRIED,NOT CARRIED,,$10.44,Available,,NOT CARRIED,NOT CARRIED,,NOT CARRIED,NOT CARRIED,,NOT CARRIED,NOT CARRIED,
Lactantia Purfiltre Partly Skimmed Milk 2% (4 L),https://tb-static.uber.com/prod/image-proc/processed_images/9182c37bb72cc989d957cb52ad02bf69/b4665c191b34baf3d0e0fa45dfdd3d1d.jpeg,NOT CARRIED,NOT CARRIED,,NOT CARRIED,NOT CARRIED,,NOT CARRIED,NOT CARRIED,,$6.88,Available,,NOT CARRIED,NOT CARRIED,,NOT CARRIED,NOT CARRIED,,NOT CARRIED,NOT CARRIED,
Lactantia Pūrfiltre 1% Partly Skimmed Milk (4 L),https://tb-static.uber.com/prod/image-proc/processed_images/189cf355f4129b2453efe61006564856/957777de4e8d7439bef56daddbfae227.jpeg,NOT CARRIED,NOT CARRIED,,NOT CARRIED,NOT CARRIED,,NOT CARRIED,NOT CARRIED,,$6.88,Available,,NOT CARRIED,NOT CARRIED,,NOT CARRIED,NOT CARRIED,,NOT CARRIED,NOT CARRIED,
"Lactantia Ultrapur 2% Protein & Lactose Free Milk, 2 L",https://tb-static.uber.com/prod/image-proc/processed_images/7575dbe13476b63563d2b8f1af985a0e/b4665c191b34baf3d0e0fa45dfdd3d1d.jpeg,NOT CARRIED,NOT CARRIED,,NOT CARRIED,NOT CARRIED,,NOT CARRIED,NOT CARRIED,,$6.60,Available,,NOT CARRIED,NOT CARRIED,,NOT CARRIED,NOT CARRIED,,NOT CARRIED,NOT CARRIED,
Large Eggs (30 ct),https://tb-static.uber.com/prod/image-proc/processed_images/f3cb80cc73950ab1a37f993f7ed6e67c/f9586c36ab7db84d09b777cee8c829b1.jpeg,NOT CARRIED,NOT CARRIED,,$9.80,Available,,NOT CARRIED,NOT CARRIED,,$9.80,Available,,NOT CARRIED,NOT CARRIED,,NOT CARRIED,NOT CARRIED,,NOT CARRIED,NOT CARRIED,
Laurentide -40 °C Windshield Washer Fluid 4×3.78 L,https://tb-static.uber.com/prod/image-proc/processed_images/f2213b379fd1c21f10f0c287dd72c351/b4665c191b34baf3d0e0fa45dfdd3d1d.jpeg,$14.92,Available,,$14.92,Available,,$14.92,Available,,$14.92,Available,,$14.92,Available,,$14.92,Available,,NOT CARRIED,NOT CARRIED,
Lavazza Medium Roasted Crema E Aroma Coffee Beans (1 kg),https://tb-static.uber.com/prod/image-proc/processed_images/02bdc5eb4dbd6121d58fde55df989012/2ecda260bcb4a75235533df4a61ef085.jpeg,$26.66,Available,19% off,$26.66,Available,19% off,$26.66,Available,19% off,$26.66,Available,19% off,$26.66,Available,19% off,$26.66,Available,19% off,$26.66,Available,19% off
Lavazza Oro Whole Bean Coffee (1 kg),https://tb-static.uber.com/prod/image-proc/processed_images/ad838e94fc72482f3fa4492c9abf7785/2ecda260bcb4a75235533df4a61ef085.jpeg,$30.93,Available,,$30.93,Available,,$30.93,Available,,$30.93,Available,,$30.93,Available,,$30.93,Available,,NOT CARRIED,NOT CARRIED,
Lavazza Whole Bean Coffee Espresso Gran Crema (1 kg),https://tb-static.uber.com/prod/image-proc/processed_images/9f9a9ea6c45c43bfedb3963a56212249/957777de4e8d7439bef56daddbfae227.jpeg,NOT CARRIED,NOT CARRIED,,NOT CARRIED,NOT CARRIED,,NOT CARRIED,NOT CARRIED,,$30.93,Available,,$30.93,Available,,NOT CARRIED,NOT CARRIED,,NOT CARRIED,NOT CARRIED,
Lay's Classic Potato Chips (620 g),https://tb-static.uber.com/prod/image-proc/processed_images/1f2ff3b8642fce704b72866bc5c5e9cd/b4665c191b34baf3d0e0fa45dfdd3d1d.jpeg,NOT CARRIED,NOT CARRIED,,NOT CARRIED,NOT CARRIED,,NOT CARRIED,NOT CARRIED,,NOT CARRIED,NOT CARRIED,,NOT CARRIED,NOT CARRIED,,NOT CARRIED,NOT CARRIED,,$7.45,Available,
"Lay's Potato Chips Variety pack, Assorted (36 x 28 g)",https://tb-static.uber.com/prod/image-proc/processed_images/35419f1040af3ae9315d3f0677669c77/b4665c191b34baf3d0e0fa45dfdd3d1d.jpeg,NOT CARRIED,NOT CARRIED,,NOT CARRIED,NOT CARRIED,,NOT CARRIED,NOT CARRIED,,NOT CARRIED,NOT CARRIED,,NOT CARRIED,NOT CARRIED,,NOT CARRIED,NOT CARRIED,,$18.12,Available,
"Le Chic Patissier Macarons, 468 G",https://tb-static.uber.com/prod/image-proc/processed_images/d6cb32c0161ec15fa81ea71e26f2529a/b4665c191b34baf3d0e0fa45dfdd3d1d.jpeg,$20.26,Available,,$20.26,Available,,NOT CARRIED,NOT CARRIED,,$20.26,Available,,$20.26,Available,,NOT CARRIED,NOT CARRIED,,$20.26,Available,
Leaders Pore Tightening Pad Set,https://tb-static.uber.com/prod/image-proc/processed_images/6085b4a5fe6746378f5f413260077ad9/b4665c191b34baf3d0e0fa45dfdd3d1d.jpeg,NOT CARRIED,NOT CARRIED,,NOT CARRIED,NOT CARRIED,,$21.30,Available,,$21.30,Available,,NOT CARRIED,NOT CARRIED,,$21.30,Available,,NOT CARRIED,NOT CARRIED,
Lean Ground Beef,https://tb-static.uber.com/prod/image-proc/processed_images/5bb89d922e2d7581b5cd13b6a0b820ad/b4665c191b34baf3d0e0fa45dfdd3d1d.jpeg,$25.57,Available,,$25.57,Available,,$25.57,Available,,$25.57,Available,,$25.57,Available,,$25.57,Available,,NOT CARRIED,NOT CARRIED,
"Leanfit Sport Creatine Monohydrate, 1Kg",https://tb-static.uber.com/prod/image-proc/processed_images/b5d34747b37a7702344f14bd61d2be21/b4665c191b34baf3d0e0fa45dfdd3d1d.jpeg,$38.40,Available,,$38.40,Available,,$38.40,Available,,$38.40,Available,,$38.40,Available,,$38.40,Available,,NOT CARRIED,NOT CARRIED,
"Leclerc - Celebration Trio Variety Pack, 920 G",https://tb-static.uber.com/prod/image-proc/processed_images/ad94139d64874a4cf729c5ea4a2993b2/b4665c191b34baf3d0e0fa45dfdd3d1d.jpeg,$14.92,Available,20% off,$14.92,Available,20% off,$14.92,Available,20% off,NOT CARRIED,NOT CARRIED,,$14.92,Available,20% off,$14.92,Available,20% off,NOT CARRIED,NOT CARRIED,
Lego Spring Festival Fortune Firecracker 80118,https://tb-static.uber.com/prod/image-proc/processed_images/eb47924051d5d7951d7c844eb78217ff/b4665c191b34baf3d0e0fa45dfdd3d1d.jpeg,NOT CARRIED,NOT CARRIED,,$96.01,Available,,NOT CARRIED,NOT CARRIED,,NOT CARRIED,NOT CARRIED,,NOT CARRIED,NOT CARRIED,,NOT CARRIED,NOT CARRIED,,NOT CARRIED,NOT CARRIED,
"Lenovo Yoga 7I 2-In-1 14-In Touchscreen Laptop, Intel Core Ultra 7 155U, 16Gb Ram, 512Gb Ssd",https://tb-static.uber.com/prod/image-proc/processed_images/128e9d08aaae7a50b8343892b8025384/b4665c191b34baf3d0e0fa45dfdd3d1d.jpeg,"$1,296.99",Available,,NOT CARRIED,NOT CARRIED,,NOT CARRIED,NOT CARRIED,,NOT CARRIED,NOT CARRIED,,"$1,296.99",Available,,NOT CARRIED,NOT CARRIED,,NOT CARRIED,NOT CARRIED,
Letome - 20-Inch Carry-On,https://tb-static.uber.com/prod/image-proc/processed_images/a4ed23f3dd53833ee1c639f59ca477a4/b4665c191b34baf3d0e0fa45dfdd3d1d.jpeg,$85.34,Available,,$85.34,Available,,NOT CARRIED,NOT CARRIED,,$85.34,Available,,$85.34,Available,,$85.34,Available,,NOT CARRIED,NOT CARRIED,
Liberté 2% M.g/M.f Classique Natural Plain Yogurt (2 x 1 kg),https://tb-static.uber.com/prod/image-proc/processed_images/46d7acb6ba96644b440cb0ae67893975/0e5313be7a8831b8ed60f8dab3c2df10.jpeg,$7.99,Available,,$7.99,Available,,$7.99,Available,,$7.99,Available,,$7.99,Available,,$7.99,Available,,NOT CARRIED,NOT CARRIED,
"Liberté Méditerranée 9% M.F. Yogourt, 24 X 100 G",https://tb-static.uber.com/prod/image-proc/processed_images/8b5ddcfa3ec7b416003339b4aae0ea5b/b4665c191b34baf3d0e0fa45dfdd3d1d.jpeg,$18.66,Available,,$18.66,Available,,NOT CARRIED,NOT CARRIED,,$18.66,Available,,$18.66,Available,,NOT CARRIED,NOT CARRIED,,NOT CARRIED,NOT CARRIED,
Lifetime Folding Chair,https://tb-static.uber.com/prod/image-proc/processed_images/5bf4bdadd9ae4a78c88614ea5c984863/b4665c191b34baf3d0e0fa45dfdd3d1d.jpeg,NOT CARRIED,NOT CARRIED,,NOT CARRIED,NOT CARRIED,,NOT CARRIED,NOT CARRIED,,NOT CARRIED,NOT CARRIED,,$42.66,Available,,NOT CARRIED,NOT CARRIED,,NOT CARRIED,NOT CARRIED,
Lilydale Sliced Oven Roasted Turkey Breast (2 x 400 g),https://tb-static.uber.com/prod/image-proc/processed_images/c14f3dc68f163c640747d147570476b8/f9586c36ab7db84d09b777cee8c829b1.jpeg,$23.46,Available,,$23.46,Available,,$23.46,Available,,$23.46,Available,,$23.46,Available,,$23.46,Available,,NOT CARRIED,NOT CARRIED,
"Listerine Ultraclean 1.5 L, 2-Count",https://tb-static.uber.com/prod/image-proc/processed_images/bc67ee590dc45ae629785f4c68205808/b4665c191b34baf3d0e0fa45dfdd3d1d.jpeg,$17.06,Available,,$17.06,Available,,$17.06,Available,,$17.06,Available,,$17.06,Available,,NOT CARRIED,NOT CARRIED,,NOT CARRIED,NOT CARRIED,
Lobster Tail Previously Frozen (Wild),https://tb-static.uber.com/prod/image-proc/processed_images/7f7a74adaca24304aa50f30cfb09b7a6/b4665c191b34baf3d0e0fa45dfdd3d1d.jpeg,$61.44,Available,,$61.44,Available,,$26.46,Available,,$26.46,Available,,$61.44,Available,,$26.46,Available,,NOT CARRIED,NOT CARRIED,
Lotus Biscoff Smooth Cookie Spread (720 g),https://tb-static.uber.com/prod/image-proc/processed_images/b22639e6e89cd733f7e7debc866bc40d/b4665c191b34baf3d0e0fa45dfdd3d1d.jpeg,NOT CARRIED,NOT CARRIED,,NOT CARRIED,NOT CARRIED,,NOT CARRIED,NOT CARRIED,,NOT CARRIED,NOT CARRIED,,$9.59,Available,,NOT CARRIED,NOT CARRIED,,NOT CARRIED,NOT CARRIED,
"Lotus Foods Organic Millet & Brown Rice Ramen Noodles (850 g, 12 ct)",https://tb-static.uber.com/prod/image-proc/processed_images/31f74ba39d09bd3134910cba4db68b46/f9586c36ab7db84d09b777cee8c829b1.jpeg,$13.86,Available,,NOT CARRIED,NOT CARRIED,,$13.86,Available,,NOT CARRIED,NOT CARRIED,,NOT CARRIED,NOT CARRIED,,$13.86,Available,,NOT CARRIED,NOT CARRIED,
"Love Corn Crunchy Corn Snack With Sea Salt, 21 × 20 G",https://tb-static.uber.com/prod/image-proc/processed_images/03daac16c44a33c79997534ef291e7fd/b4665c191b34baf3d0e0fa45dfdd3d1d.jpeg,$14.92,Available,,$14.92,Available,,$14.92,Available,,$14.92,Available,,$14.92,Available,,$14.92,Available,,$14.92,Available,
Lucerne Homogenized Milk (4 L),https://tb-static.uber.com/prod/image-proc/processed_images/59f26550fda791d6744724fa683a5907/b4665c191b34baf3d0e0fa45dfdd3d1d.jpeg,NOT CARRIED,NOT CARRIED,,$7.56,Available,,NOT CARRIED,NOT CARRIED,,NOT CARRIED,NOT CARRIED,,$7.56,Available,,NOT CARRIED,NOT CARRIED,,NOT CARRIED,NOT CARRIED,
"Lysol Advanced Disinfecting Wipes, Citrus (5 x 110 wipes)",https://tb-static.uber.com/prod/image-proc/processed_images/def89a9241dfa83cca74fc7645660853/b4665c191b34baf3d0e0fa45dfdd3d1d.jpeg,$26.66,Available,,$26.66,Available,,$26.66,Available,,$26.66,Available,,$26.66,Available,,$26.66,Available,,NOT CARRIED,NOT CARRIED,
"M&M's Milk Chocolate Candies Pantry Size, Peanut Arachide (1.3 kg)",https://tb-static.uber.com/prod/image-proc/processed_images/898241a9b7b09c706ff1489f5379521c/b4665c191b34baf3d0e0fa45dfdd3d1d.jpeg,NOT CARRIED,NOT CARRIED,,NOT CARRIED,NOT CARRIED,,NOT CARRIED,NOT CARRIED,,$19.19,Available,,NOT CARRIED,NOT CARRIED,,NOT CARRIED,NOT CARRIED,,$19.19,Available,
"M.C Dairy 3.25 % Kefir, 2 Kg",https://tb-static.uber.com/prod/image-proc/processed_images/681a1e5f5b5aa2b4f4b6978c30f57152/b4665c191b34baf3d0e0fa45dfdd3d1d.jpeg,NOT CARRIED,NOT CARRIED,,NOT CARRIED,NOT CARRIED,,NOT CARRIED,NOT CARRIED,,NOT CARRIED,NOT CARRIED,,NOT CARRIED,NOT CARRIED,,NOT CARRIED,NOT CARRIED,,$6.39,Available,
Maison Isabelle Duo Golden & Marble Sliced Cake (1.18 kg),https://tb-static.uber.com/prod/image-proc/processed_images/6fc649e9c59ae74ce8fc2327156ff174/f9586c36ab7db84d09b777cee8c829b1.jpeg,$12.79,Available,,$12.79,Available,,$12.79,Available,,$12.79,Available,,$12.79,Available,,$12.79,Available,,NOT CARRIED,NOT CARRIED,
"Maison Louis Latour Bourgogne Chardonnay Wine, 750 Ml",https://tb-static.uber.com/prod/image-proc/processed_images/00b27baa1f013ced778fadb882358d8b/b4665c191b34baf3d0e0fa45dfdd3d1d.jpeg,NOT CARRIED,NOT CARRIED,,NOT CARRIED,NOT CARRIED,,$24.53,Available,,NOT CARRIED,NOT CARRIED,,$24.53,Available,,$24.53,Available,,NOT CARRIED,NOT CARRIED,
Maison Neuve Windsor Stoneware Dinnerware Set (16 ct),https://tb-static.uber.com/prod/image-proc/processed_images/828f832d046942f1022377236bfbe8d1/b4665c191b34baf3d0e0fa45dfdd3d1d.jpeg,NOT CARRIED,NOT CARRIED,,NOT CARRIED,NOT CARRIED,,NOT CARRIED,NOT CARRIED,,NOT CARRIED,NOT CARRIED,,$64.00,Available,,NOT CARRIED,NOT CARRIED,,NOT CARRIED,NOT CARRIED,
"Maison Perrier Carbonated Natural Spring Water Sleek Cans, 24 × 330 Ml",https://tb-static.uber.com/prod/image-proc/processed_images/850d1cc2b5edadc2c626772a7095dd7e/b4665c191b34baf3d0e0fa45dfdd3d1d.jpeg,$21.32,Available,,$21.32,Available,,$21.32,Available,,$21.32,Available,,$21.32,Available,,$21.32,Available,,$21.32,Available,
"Maison Perrier Carbonated Natural Spring Water, 12 × 1 L",https://tb-static.uber.com/prod/image-proc/processed_images/c2abb1b0bf4dfca9543932f717640121/b4665c191b34baf3d0e0fa45dfdd3d1d.jpeg,NOT CARRIED,NOT CARRIED,,NOT CARRIED,NOT CARRIED,,NOT CARRIED,NOT CARRIED,,NOT CARRIED,NOT CARRIED,,NOT CARRIED,NOT CARRIED,,NOT CARRIED,NOT CARRIED,,$19.08,Available,
"Maison Perrier Carbonated Natural Spring Water, 24 × 500 Ml",https://tb-static.uber.com/prod/image-proc/processed_images/70215da5170b3f8fc66b08a99f97497b/b4665c191b34baf3d0e0fa45dfdd3d1d.jpeg,$26.66,Available,,NOT CARRIED,NOT CARRIED,,$26.66,Available,,$26.66,Available,,$26.66,Available,,$26.66,Available,,$26.66,Available,
Maison Perrier Carbonated Sparkling Water (24 x 330 ml),https://tb-static.uber.com/prod/image-proc/processed_images/2bb33a50ad3af59ed924f4847221fae6/b4665c191b34baf3d0e0fa45dfdd3d1d.jpeg,NOT CARRIED,NOT CARRIED,,NOT CARRIED,NOT CARRIED,,NOT CARRIED,NOT CARRIED,,NOT CARRIED,NOT CARRIED,,NOT CARRIED,NOT CARRIED,,NOT CARRIED,NOT CARRIED,,$25.59,Available,
"Maison Perrier France Forever Sparkling Water, Lemon-Lime-Grapefruit (24 x 330 ml)",https://tb-static.uber.com/prod/image-proc/processed_images/6b6b258cc07d8429f74efc17a6639ec4/b4665c191b34baf3d0e0fa45dfdd3d1d.jpeg,NOT CARRIED,NOT CARRIED,,$21.32,Available,,$21.32,Available,,$21.32,Available,,$21.32,Available,,NOT CARRIED,NOT CARRIED,,$21.32,Available,
"Maison Rivière Ratatouille, 3 × 720 Ml",https://tb-static.uber.com/prod/image-proc/processed_images/abad92adc7dc9c93e8443f1ad90c3bb7/b4665c191b34baf3d0e0fa45dfdd3d1d.jpeg,$13.86,Available,,$13.86,Available,,$13.86,Available,,$13.86,Available,,NOT CARRIED,NOT CARRIED,,$13.86,Available,,$13.86,Available,
Marie Morin Creme Brulee Dessert (8 x 105 g),https://tb-static.uber.com/prod/image-proc/processed_images/792ce4ef20f9b3132ff8e8cd25f7fa1a/b4665c191b34baf3d0e0fa45dfdd3d1d.jpeg,NOT CARRIED,NOT CARRIED,,$14.92,Available,,$14.92,Available,,$14.92,Available,,$14.92,Available,,NOT CARRIED,NOT CARRIED,,NOT CARRIED,NOT CARRIED,
Marinated Boneless Skinless Chicken Breasts,https://tb-static.uber.com/prod/image-proc/processed_images/f5bb5fab7cd74de1c6dadd495efc64f6/b4665c191b34baf3d0e0fa45dfdd3d1d.jpeg,NOT CARRIED,NOT CARRIED,,$32.43,Available,,$32.43,Available,,NOT CARRIED,NOT CARRIED,,NOT CARRIED,NOT CARRIED,,NOT CARRIED,NOT CARRIED,,NOT CARRIED,NOT CARRIED,
"Marqués De Riscal Rioja Wine Bottle, 750 Ml",https://tb-static.uber.com/prod/image-proc/processed_images/c603f58f2ff924221314d5a6bbcd667e/b4665c191b34baf3d0e0fa45dfdd3d1d.jpeg,$29.86,Available,,$29.86,Available,,$29.86,Available,,$29.86,Available,,NOT CARRIED,NOT CARRIED,,NOT CARRIED,NOT CARRIED,,NOT CARRIED,NOT CARRIED,
Marukan Genuine Brewed Rice Vinegar (710 ml),https://tb-static.uber.com/prod/image-proc/processed_images/2ecce2d8ef4dc8fa2045913fde759534/957777de4e8d7439bef56daddbfae227.jpeg,NOT CARRIED,NOT CARRIED,,$4.79,Available,,NOT CARRIED,NOT CARRIED,,$4.79,Available,,$4.79,Available,,$4.79,Available,,NOT CARRIED,NOT CARRIED,
Masi Bonacosta Valpolicella Classico Doc (750 ml),https://tb-static.uber.com/prod/image-proc/processed_images/3a80a8eeb9397a9b705f68433c369d71/0e5313be7a8831b8ed60f8dab3c2df10.jpeg,$17.06,Available,,$17.06,Available,,NOT CARRIED,NOT CARRIED,,$17.06,Available,,NOT CARRIED,NOT CARRIED,,NOT CARRIED,NOT CARRIED,,NOT CARRIED,NOT CARRIED,
"Masi Campofiorin Light Red Wine, 2020 (750 ml)",https://tb-static.uber.com/prod/image-proc/processed_images/fa9ddec446d8373c4eaead78137e115f/b4665c191b34baf3d0e0fa45dfdd3d1d.jpeg,NOT CARRIED,NOT CARRIED,,NOT CARRIED,NOT CARRIED,,NOT CARRIED,NOT CARRIED,,NOT CARRIED,NOT CARRIED,,$22.39,Available,,$22.39,Available,,NOT CARRIED,NOT CARRIED,
Masi Costasera Amarone Masi Costasera Amarone 750Ml(232421),https://tb-static.uber.com/prod/image-proc/processed_images/519907913239b9a0cf5d8f51eac2c161/b4665c191b34baf3d0e0fa45dfdd3d1d.jpeg,NOT CARRIED,NOT CARRIED,,NOT CARRIED,NOT CARRIED,,NOT CARRIED,NOT CARRIED,,NOT CARRIED,NOT CARRIED,,NOT CARRIED,NOT CARRIED,,$51.20,Available,,NOT CARRIED,NOT CARRIED,
"Mastro Calabrese Salami, 1.2 Kg Average Weight*",https://tb-static.uber.com/prod/image-proc/processed_images/c999c3e234e8095f7403fae8b404db29/b4665c191b34baf3d0e0fa45dfdd3d1d.jpeg,NOT CARRIED,NOT CARRIED,,NOT CARRIED,NOT CARRIED,,NOT CARRIED,NOT CARRIED,,NOT CARRIED,NOT CARRIED,,NOT CARRIED,NOT CARRIED,,NOT CARRIED,NOT CARRIED,,$28.15,Available,
Mastro Genoa Salami (1.2 kg),https://tb-static.uber.com/prod/image-proc/processed_images/56526505898da547b86a366fa8b668f2/b4665c191b34baf3d0e0fa45dfdd3d1d.jpeg,NOT CARRIED,NOT CARRIED,,NOT CARRIED,NOT CARRIED,,NOT CARRIED,NOT CARRIED,,NOT CARRIED,NOT CARRIED,,NOT CARRIED,NOT CARRIED,,NOT CARRIED,NOT CARRIED,,$20.47,Available,
"Mastro Hot Genoa Salami, 1.2 Kg Average Weight*",https://tb-static.uber.com/prod/image-proc/processed_images/5638fd1768466c0b5d6fecffef8538bd/b4665c191b34baf3d0e0fa45dfdd3d1d.jpeg,NOT CARRIED,NOT CARRIED,,NOT CARRIED,NOT CARRIED,,NOT CARRIED,NOT CARRIED,,NOT CARRIED,NOT CARRIED,,NOT CARRIED,NOT CARRIED,,NOT CARRIED,NOT CARRIED,,$20.47,Available,
"Mastro Sopressata Salami, 1.2 Kg Average Weight*",https://tb-static.uber.com/prod/image-proc/processed_images/57e60030d0668612e6c015b2672b4ebb/b4665c191b34baf3d0e0fa45dfdd3d1d.jpeg,NOT CARRIED,NOT CARRIED,,NOT CARRIED,NOT CARRIED,,NOT CARRIED,NOT CARRIED,,NOT CARRIED,NOT CARRIED,,NOT CARRIED,NOT CARRIED,,NOT CARRIED,NOT CARRIED,,$28.15,Available,
Mayan Sweet Onions (2.27 kg),https://tb-static.uber.com/prod/image-proc/processed_images/d78d58467fdb04fa0c1727611a93ab74/0e5313be7a8831b8ed60f8dab3c2df10.jpeg,$8.52,Available,,$8.52,Available,,$8.52,Available,,$8.52,Available,,$8.52,Available,,$8.52,Available,,NOT CARRIED,NOT CARRIED,
Mc Dairy Labneh,https://tb-static.uber.com/prod/image-proc/processed_images/8e1ae40a50a86a6eb51fa5134c5fb631/b4665c191b34baf3d0e0fa45dfdd3d1d.jpeg,NOT CARRIED,NOT CARRIED,,$9.05,Available,,$9.05,Available,,$9.05,Available,,$9.05,Available,,NOT CARRIED,NOT CARRIED,,NOT CARRIED,NOT CARRIED,
McCafé Premium Roast Ground Coffee (4 x 340 g),https://tb-static.uber.com/prod/image-proc/processed_images/baf8a7e88cdb3c23e7346fb34d076834/b4665c191b34baf3d0e0fa45dfdd3d1d.jpeg,$37.33,Available,,$37.33,Available,,$37.33,Available,,NOT CARRIED,NOT CARRIED,,$37.33,Available,,$37.33,Available,,NOT CARRIED,NOT CARRIED,
Meat Lasagna,https://tb-static.uber.com/prod/image-proc/processed_images/40782a348f117b2685d888f6d2a44a70/b4665c191b34baf3d0e0fa45dfdd3d1d.jpeg,$16.76,Available,,$16.76,Available,,$16.76,Available,,$16.76,Available,,$16.76,Available,,$16.76,Available,,NOT CARRIED,NOT CARRIED,
"Meiji Hello Panda Crème Center Cookies, Chocolate (32 x 21 g)",https://tb-static.uber.com/prod/image-proc/processed_images/3fbc13dd8b3cb8027caadce9e7ab0676/f9586c36ab7db84d09b777cee8c829b1.jpeg,NOT CARRIED,NOT CARRIED,,NOT CARRIED,NOT CARRIED,,NOT CARRIED,NOT CARRIED,,NOT CARRIED,NOT CARRIED,,$17.06,Available,,NOT CARRIED,NOT CARRIED,,$17.06,Available,
Merrell Men'S 1/4 Zip Grid Fleece S-Xxl,https://tb-static.uber.com/prod/image-proc/processed_images/69d34af43c8aa574e76b7818689ebda4/b4665c191b34baf3d0e0fa45dfdd3d1d.jpeg,NOT CARRIED,NOT CARRIED,,$26.66,Available,,$26.66,Available,,$15.97,Available,,$15.97,Available,,NOT CARRIED,NOT CARRIED,,NOT CARRIED,NOT CARRIED,
Mesa Beverage Tower,https://tb-static.uber.com/prod/image-proc/processed_images/c5fce900f49f6663a7b5685a0f662086/b4665c191b34baf3d0e0fa45dfdd3d1d.jpeg,NOT CARRIED,NOT CARRIED,,NOT CARRIED,NOT CARRIED,,NOT CARRIED,NOT CARRIED,,NOT CARRIED,NOT CARRIED,,$31.99,Available,,NOT CARRIED,NOT CARRIED,,NOT CARRIED,NOT CARRIED,
Mesa Two Tier Organizer With Drawers,https://tb-static.uber.com/prod/image-proc/processed_images/dd832bceb993e1aabbb3faa0f8f1be87/b4665c191b34baf3d0e0fa45dfdd3d1d.jpeg,$42.66,Available,,$42.66,Available,,NOT CARRIED,NOT CARRIED,,NOT CARRIED,NOT CARRIED,,$42.66,Available,,NOT CARRIED,NOT CARRIED,,NOT CARRIED,NOT CARRIED,
Mg Potting Mix 60.5L Moist.Cont Ftl780L3P30H56,https://tb-static.uber.com/prod/image-proc/processed_images/568607de03b1f49fc3d21e18e1808044/b4665c191b34baf3d0e0fa45dfdd3d1d.jpeg,$15.99,Available,,$15.99,Available,,$15.99,Available,,NOT CARRIED,NOT CARRIED,,$15.99,Available,,$15.99,Available,,NOT CARRIED,NOT CARRIED,
Michelin Guardian Hybrid Wiper Blade 71.12 cm (200 g),https://tb-static.uber.com/prod/image-proc/processed_images/d817cc1afd1019499e52bde0999bc8cc/0e5313be7a8831b8ed60f8dab3c2df10.jpeg,$17.06,Available,,$17.06,Available,,$17.06,Available,,$17.06,Available,,$17.06,Available,,$17.06,Available,,NOT CARRIED,NOT CARRIED,
"Michelob Ultra 0%, 355 Ml 24-Pack",https://tb-static.uber.com/prod/image-proc/processed_images/da9428d5e9aa0d5393b229e27082bd40/b4665c191b34baf3d0e0fa45dfdd3d1d.jpeg,$31.99,Available,,$31.99,Available,,$31.99,Available,,$31.99,Available,,$31.99,Available,,$31.99,Available,,NOT CARRIED,NOT CARRIED,
Michelob Ultra Light Lager Beer (30 x 355 ml),https://tb-static.uber.com/prod/image-proc/processed_images/725e143552243a6b50ce1158908962d2/b4665c191b34baf3d0e0fa45dfdd3d1d.jpeg,NOT CARRIED,NOT CARRIED,,$52.80,Available,,NOT CARRIED,NOT CARRIED,,NOT CARRIED,NOT CARRIED,,NOT CARRIED,NOT CARRIED,,NOT CARRIED,NOT CARRIED,,$52.80,Available,
"Mid-Day Chocolate Squares Variety Pack, 12 × 33 G",https://tb-static.uber.com/prod/image-proc/processed_images/f4734f03947597df29be9610c3826818/b4665c191b34baf3d0e0fa45dfdd3d1d.jpeg,NOT CARRIED,NOT CARRIED,,NOT CARRIED,NOT CARRIED,,$21.32,Available,,$21.32,Available,,NOT CARRIED,NOT CARRIED,,NOT CARRIED,NOT CARRIED,,NOT CARRIED,NOT CARRIED,
Mini Chocolatines,https://tb-static.uber.com/prod/image-proc/processed_images/66d9be511cf2c976df00d3b59d9107e2/b4665c191b34baf3d0e0fa45dfdd3d1d.jpeg,$9.59,Available,,$9.59,Available,,$9.59,Available,,$9.59,Available,,$9.59,Available,,$9.59,Available,,NOT CARRIED,NOT CARRIED,
"Mini Cucumbers, 907 G",https://tb-static.uber.com/prod/image-proc/processed_images/e0f6db76dfa50e91f35d4d61c5b9d56c/b4665c191b34baf3d0e0fa45dfdd3d1d.jpeg,$6.28,Available,,$6.28,Available,,$6.28,Available,,$6.28,Available,,$6.28,Available,,$6.28,Available,,NOT CARRIED,NOT CARRIED,
"Minute Maid 100% Juice, Orange (12 x 355 ml)",https://tb-static.uber.com/prod/image-proc/processed_images/187d57d89f2c8d3b19e60b4d9e293fd6/b4665c191b34baf3d0e0fa45dfdd3d1d.jpeg,NOT CARRIED,NOT CARRIED,,NOT CARRIED,NOT CARRIED,,NOT CARRIED,NOT CARRIED,,NOT CARRIED,NOT CARRIED,,NOT CARRIED,NOT CARRIED,,NOT CARRIED,NOT CARRIED,,$18.12,Available,
Miss Vickie's Kettle Cooked Potato Chips Variety pack (36 x 24 g),https://tb-static.uber.com/prod/image-proc/processed_images/b1c687bf6764d3ae60bb69692e4523aa/f9586c36ab7db84d09b777cee8c829b1.jpeg,NOT CARRIED,NOT CARRIED,,NOT CARRIED,NOT CARRIED,,NOT CARRIED,NOT CARRIED,,$18.12,Available,,NOT CARRIED,NOT CARRIED,,NOT CARRIED,NOT CARRIED,,$18.12,Available,
"Miss Vickie's Kettle Cooked Potato Chips, Sea Salt-Malt Vinegar (572 g)",https://tb-static.uber.com/prod/image-proc/processed_images/de4c35289ab7130c858bf855685b24fa/b4665c191b34baf3d0e0fa45dfdd3d1d.jpeg,$9.05,Available,,$9.05,Available,,$9.05,Available,,$9.05,Available,,$9.05,Available,,$9.05,Available,,NOT CARRIED,NOT CARRIED,
Miss Vickie's Original Recipe Kettle Cooked Potato Chips (40 x 40 g),https://tb-static.uber.com/prod/image-proc/processed_images/77f55e8216099a44b06973d20f085fde/b4665c191b34baf3d0e0fa45dfdd3d1d.jpeg,NOT CARRIED,NOT CARRIED,,NOT CARRIED,NOT CARRIED,,NOT CARRIED,NOT CARRIED,,NOT CARRIED,NOT CARRIED,,NOT CARRIED,NOT CARRIED,,NOT CARRIED,NOT CARRIED,,$34.13,Available,
"Miss Vickie's Potato Chips, Mediterranean Herb-Tzatziki (572 g)",https://tb-static.uber.com/prod/image-proc/processed_images/2b1149d6da5c83b5fdb31759298c149e/b4665c191b34baf3d0e0fa45dfdd3d1d.jpeg,$9.05,Available,,$9.05,Available,,$9.05,Available,,$9.05,Available,,$9.05,Available,,$9.05,Available,,NOT CARRIED,NOT CARRIED,
Miu Stainless Steel Salad Spinner,https://tb-static.uber.com/prod/image-proc/processed_images/4515cd62a317b7511b2f29ac9018cae9/b4665c191b34baf3d0e0fa45dfdd3d1d.jpeg,$31.99,Available,19% off,NOT CARRIED,NOT CARRIED,,NOT CARRIED,NOT CARRIED,,NOT CARRIED,NOT CARRIED,,$31.99,Available,19% off,NOT CARRIED,NOT CARRIED,,NOT CARRIED,NOT CARRIED,
"Miu Vegetable Chopper, 11-Piece",https://tb-static.uber.com/prod/image-proc/processed_images/1f62257b9001b1a1594c1fb5463e7a3b/b4665c191b34baf3d0e0fa45dfdd3d1d.jpeg,NOT CARRIED,NOT CARRIED,,$20.26,Available,,$20.26,Available,,$20.26,Available,,NOT CARRIED,NOT CARRIED,,$20.26,Available,,$20.26,Available,
"Mixsoon Bean Essence, 2 X 50 Ml",https://tb-static.uber.com/prod/image-proc/processed_images/86779075cd8cb046ece1a8622aca59d9/b4665c191b34baf3d0e0fa45dfdd3d1d.jpeg,$46.93,Available,,$46.93,Available,,NOT CARRIED,NOT CARRIED,,$46.93,Available,,$46.93,Available,,NOT CARRIED,NOT CARRIED,,NOT CARRIED,NOT CARRIED,
Moishes Famous Coleslaw Salad (1.4 kg),https://tb-static.uber.com/prod/image-proc/processed_images/1d89a96c1a4040906de64561ff83104d/f9586c36ab7db84d09b777cee8c829b1.jpeg,$8.31,Available,,NOT CARRIED,NOT CARRIED,,NOT CARRIED,NOT CARRIED,,NOT CARRIED,NOT CARRIED,,$8.31,Available,,$8.31,Available,,NOT CARRIED,NOT CARRIED,
"Molson Canadian Lager Beer Cans, 60 × 355 Ml",https://tb-static.uber.com/prod/image-proc/processed_images/481b90075717715b2cb7d5ea9c6057e0/b4665c191b34baf3d0e0fa45dfdd3d1d.jpeg,$87.48,Available,,$87.48,Available,,$87.48,Available,,$87.48,Available,,$87.48,Available,,$87.48,Available,,$87.48,Available,
Mom's Best Almond Biscotti (840 g),https://tb-static.uber.com/prod/image-proc/processed_images/7fddd0e3728fb2cd22cb0ad3b2b9d598/b4665c191b34baf3d0e0fa45dfdd3d1d.jpeg,NOT CARRIED,NOT CARRIED,,NOT CARRIED,NOT CARRIED,,NOT CARRIED,NOT CARRIED,,NOT CARRIED,NOT CARRIED,,NOT CARRIED,NOT CARRIED,,NOT CARRIED,NOT CARRIED,,$14.92,Available,
Mom's Best Almond Hazelnut Dipped in Dark Chocolate Biscotti (840 g),https://tb-static.uber.com/prod/image-proc/processed_images/9adf72d7ab842eafad518db0a6612607/b4665c191b34baf3d0e0fa45dfdd3d1d.jpeg,NOT CARRIED,NOT CARRIED,,NOT CARRIED,NOT CARRIED,,NOT CARRIED,NOT CARRIED,,NOT CARRIED,NOT CARRIED,,NOT CARRIED,NOT CARRIED,,NOT CARRIED,NOT CARRIED,,$14.92,Available,
"Monday Dry Shampoo, 2 X 200 Ml",https://tb-static.uber.com/prod/image-proc/processed_images/c3ce34cade9425049dd10d14f516b3fc/b4665c191b34baf3d0e0fa45dfdd3d1d.jpeg,$21.32,Available,,$21.32,Available,,$21.32,Available,,$21.32,Available,,$21.32,Available,,$21.32,Available,,NOT CARRIED,NOT CARRIED,
"Montellier Carbonated Natural Spring Water Slim Can, 24 × 355 Ml",https://tb-static.uber.com/prod/image-proc/processed_images/1bdfd26b85405ed8f1c5e98dbc3d801f/b4665c191b34baf3d0e0fa45dfdd3d1d.jpeg,NOT CARRIED,NOT CARRIED,,NOT CARRIED,NOT CARRIED,,NOT CARRIED,NOT CARRIED,,NOT CARRIED,NOT CARRIED,,NOT CARRIED,NOT CARRIED,,NOT CARRIED,NOT CARRIED,,$12.25,Available,
"Morehouse Real Mayonnaise, 15 L",https://cn-geo1.uber.com/static/mobile-content/eats/placeholder_images/placeholder_image_grocery_300x300.png,NOT CARRIED,NOT CARRIED,,NOT CARRIED,NOT CARRIED,,NOT CARRIED,NOT CARRIED,,NOT CARRIED,NOT CARRIED,,NOT CARRIED,NOT CARRIED,,NOT CARRIED,NOT CARRIED,,$53.33,Available,
Motor City Dbl Pepp Pizza 2X808G,https://tb-static.uber.com/prod/image-proc/processed_images/e8d93ba380dedb7c82cb6cbd196b929c/b4665c191b34baf3d0e0fa45dfdd3d1d.jpeg,NOT CARRIED,NOT CARRIED,,NOT CARRIED,NOT CARRIED,,NOT CARRIED,NOT CARRIED,,NOT CARRIED,NOT CARRIED,,NOT CARRIED,NOT CARRIED,,$20.26,Available,20% off,NOT CARRIED,NOT CARRIED,
Motorola G Play 64Gb Unlocked Smartphone (2026),https://tb-static.uber.com/prod/image-proc/processed_images/1468cf62387704364ed7c72afc2da504/b4665c191b34baf3d0e0fa45dfdd3d1d.jpeg,$213.38,Available,9% off,$213.38,Available,9% off,$213.38,Available,9% off,$213.38,Available,9% off,$213.38,Available,9% off,$213.38,Available,9% off,$213.38,Available,9% off
"Mott's Fruitsations Assorted Fruit Snacks, Assorted (1.5 kg, 68 ct)",https://tb-static.uber.com/prod/image-proc/processed_images/ed251ad680b792afcb57670e2d00bc34/b4665c191b34baf3d0e0fa45dfdd3d1d.jpeg,$14.92,Available,,$14.92,Available,,$14.92,Available,,$14.92,Available,,$14.92,Available,,$14.92,Available,,$14.92,Available,
"Mott's The Original Cocktail Juice, Tomato (1.89 L)",https://tb-static.uber.com/prod/image-proc/processed_images/da5d4cbee1a0c0cb66355dcac5fa1ace/0e5313be7a8831b8ed60f8dab3c2df10.jpeg,NOT CARRIED,NOT CARRIED,,NOT CARRIED,NOT CARRIED,,$13.86,Available,,$13.86,Available,,$13.86,Available,,$13.86,Available,,$13.86,Available,
"Mr. Clean Multi-Surfaces Disinfectant Cleaner, Summer Citrus (5.2 L)",https://tb-static.uber.com/prod/image-proc/processed_images/2ff3377d41a15cc118273998fb59b2ef/f9586c36ab7db84d09b777cee8c829b1.jpeg,$14.39,Available,,$14.39,Available,,$14.39,Available,,$14.39,Available,,$14.39,Available,,$14.39,Available,,NOT CARRIED,NOT CARRIED,
"Mr. Noodles Beef Flavour Flat Instant Noodles, 24 × 85 G",https://tb-static.uber.com/prod/image-proc/processed_images/e008ed08d972402ab9bc2b736619ebaf/b4665c191b34baf3d0e0fa45dfdd3d1d.jpeg,NOT CARRIED,NOT CARRIED,,NOT CARRIED,NOT CARRIED,,NOT CARRIED,NOT CARRIED,,NOT CARRIED,NOT CARRIED,,NOT CARRIED,NOT CARRIED,,NOT CARRIED,NOT CARRIED,,$8.52,Available,
Mucci Farms Prova Red Cluster Tomatoes (1.36 kg / 3 Lb),https://tb-static.uber.com/prod/image-proc/processed_images/1c1231b93de071709dfb7778aa6bf2ec/b4665c191b34baf3d0e0fa45dfdd3d1d.jpeg,$9.59,Available,,$9.59,Available,,$9.59,Available,,$9.59,Available,,$9.59,Available,,$9.59,Available,,NOT CARRIED,NOT CARRIED,
Mucci Farms Seedless English Cucumber (3 ct),https://tb-static.uber.com/prod/image-proc/processed_images/331dd83bf4c8c63b7145804b01bc2f06/b4665c191b34baf3d0e0fa45dfdd3d1d.jpeg,$5.32,Available,,$5.32,Available,,$5.32,Available,,$5.32,Available,,$5.32,Available,,$5.32,Available,,NOT CARRIED,NOT CARRIED,
Munchies Original Snack Mix (1.1 kg),https://tb-static.uber.com/prod/image-proc/processed_images/5a5b65f286ca99f658c832173b0efb1f/f9586c36ab7db84d09b777cee8c829b1.jpeg,$10.12,Available,,$10.12,Available,,$10.12,Available,,$10.12,Available,,$10.12,Available,,$10.12,Available,,$10.12,Available,
"Muskoka Brewery Venture Off the Beaten Beer pack, Assorted (24 x 355 ml)",https://tb-static.uber.com/prod/image-proc/processed_images/3e93be382169e88fe52bdb1ceeb54fbe/b4665c191b34baf3d0e0fa45dfdd3d1d.jpeg,NOT CARRIED,NOT CARRIED,,$51.20,Available,,$51.20,Available,,$51.20,Available,,NOT CARRIED,NOT CARRIED,,NOT CARRIED,NOT CARRIED,,NOT CARRIED,NOT CARRIED,
Muy Fresco Nacho Cheese Sauce (3 kg),https://tb-static.uber.com/prod/image-proc/processed_images/990c365e1c6d6e3477da6bb677066c3b/b4665c191b34baf3d0e0fa45dfdd3d1d.jpeg,NOT CARRIED,NOT CARRIED,,NOT CARRIED,NOT CARRIED,,NOT CARRIED,NOT CARRIED,,NOT CARRIED,NOT CARRIED,,NOT CARRIED,NOT CARRIED,,NOT CARRIED,NOT CARRIED,,$14.92,Available,
Nanak Paneer (1.6 kg),https://tb-static.uber.com/prod/image-proc/processed_images/307b4f24892038345c35d6ab9c09e352/0e5313be7a8831b8ed60f8dab3c2df10.jpeg,NOT CARRIED,NOT CARRIED,,$24.21,Available,,NOT CARRIED,NOT CARRIED,,$24.21,Available,,$24.21,Available,,NOT CARRIED,NOT CARRIED,,$24.21,Available,
"Natrel 1% M.f. Partly Skimmed Milk, Chocolate (16 x 200 ml)",https://tb-static.uber.com/prod/image-proc/processed_images/8ac976b9f2358b328c5b0bceb8298c84/b4665c191b34baf3d0e0fa45dfdd3d1d.jpeg,$12.79,Available,,$12.79,Available,,$12.79,Available,,$12.79,Available,,$12.79,Available,,$12.79,Available,,NOT CARRIED,NOT CARRIED,
Natrel 2% Lactose Free Milk (2 L),https://tb-static.uber.com/prod/image-proc/processed_images/855734455c4fe70312f043b7b28c9131/b4665c191b34baf3d0e0fa45dfdd3d1d.jpeg,$5.28,Available,,$5.28,Available,,$5.28,Available,,$5.28,Available,,$5.28,Available,,$5.28,Available,,$5.28,Available,
Natrel 3.8% Organic Biologique Whole Milk (4 L),https://tb-static.uber.com/prod/image-proc/processed_images/d7c7fea507073ce32a3dc45a5bdf3e95/b4665c191b34baf3d0e0fa45dfdd3d1d.jpeg,$10.97,Available,,$10.97,Available,,$10.97,Available,,NOT CARRIED,NOT CARRIED,,$10.97,Available,,$10.97,Available,,NOT CARRIED,NOT CARRIED,
Natrel Beurre Salé Salted Butter (454 g),https://tb-static.uber.com/prod/image-proc/processed_images/66c46dbdc05db8a5ad17dac781f3663e/f9586c36ab7db84d09b777cee8c829b1.jpeg,NOT CARRIED,NOT CARRIED,,NOT CARRIED,NOT CARRIED,,$6.17,Available,,NOT CARRIED,NOT CARRIED,,NOT CARRIED,NOT CARRIED,,NOT CARRIED,NOT CARRIED,,NOT CARRIED,NOT CARRIED,
Natrel Fine Filtered 1% Partly Skimmed Milk (4 L),https://tb-static.uber.com/prod/image-proc/processed_images/6dd55fdb83c774a5cc4ac03554ea8076/f9586c36ab7db84d09b777cee8c829b1.jpeg,$7.13,Available,,$7.13,Available,,$7.13,Available,,NOT CARRIED,NOT CARRIED,,$7.13,Available,,$7.13,Available,,NOT CARRIED,NOT CARRIED,
Natrel Fine Filtered 2% Partly Skimmed Milk (4 L),https://tb-static.uber.com/prod/image-proc/processed_images/28974329363992cb1650189aa48e5936/f9586c36ab7db84d09b777cee8c829b1.jpeg,$7.13,Available,,$7.13,Available,,$7.13,Available,,NOT CARRIED,NOT CARRIED,,$7.13,Available,,$7.13,Available,,$7.13,Available,
Natrel Protein Plus Milk (2 L),https://tb-static.uber.com/prod/image-proc/processed_images/6ecae9a4877dd23810235e20a9b27819/0e5313be7a8831b8ed60f8dab3c2df10.jpeg,$6.60,Available,,$6.60,Available,,NOT CARRIED,NOT CARRIED,,NOT CARRIED,NOT CARRIED,,$6.60,Available,,$6.60,Available,,$6.60,Available,
Natrel Unsalted Butter (454 g),https://tb-static.uber.com/prod/image-proc/processed_images/d0d729a619ad3e415a917febe717f787/957777de4e8d7439bef56daddbfae227.jpeg,$6.17,Available,,NOT CARRIED,NOT CARRIED,,NOT CARRIED,NOT CARRIED,,NOT CARRIED,NOT CARRIED,,NOT CARRIED,NOT CARRIED,,NOT CARRIED,NOT CARRIED,,NOT CARRIED,NOT CARRIED,
Natural Concepts Liquid Hand Sanitizer (3.78 L),https://tb-static.uber.com/prod/image-proc/processed_images/9cf2e1f5993f62726ab846526ba78d14/b4665c191b34baf3d0e0fa45dfdd3d1d.jpeg,NOT CARRIED,NOT CARRIED,,NOT CARRIED,NOT CARRIED,,NOT CARRIED,NOT CARRIED,,NOT CARRIED,NOT CARRIED,,NOT CARRIED,NOT CARRIED,,NOT CARRIED,NOT CARRIED,,$21.32,Available,
"Nature Clean Magnolia Lily 99.9% Natural Liquid Laundry Detergent, 6 L",https://tb-static.uber.com/prod/image-proc/processed_images/53074757b2a4150f6cacdd07d54ebb06/b4665c191b34baf3d0e0fa45dfdd3d1d.jpeg,$21.32,Available,,$21.32,Available,,$21.32,Available,,$21.32,Available,,$21.32,Available,,$21.32,Available,,NOT CARRIED,NOT CARRIED,
"Nature'S Classic Organic Edamame, 2 Kg",https://tb-static.uber.com/prod/image-proc/processed_images/d606ba4c5a434e0c85fab5be5870a38a/b4665c191b34baf3d0e0fa45dfdd3d1d.jpeg,NOT CARRIED,NOT CARRIED,,NOT CARRIED,NOT CARRIED,,NOT CARRIED,NOT CARRIED,,NOT CARRIED,NOT CARRIED,,NOT CARRIED,NOT CARRIED,,NOT CARRIED,NOT CARRIED,,$12.25,Available,
"Nature's Bakery Real Fruit & Whole Grains Fig Bars Variety pack, Blueberry-Raspberry (32 x 0.06 kg)",https://tb-static.uber.com/prod/image-proc/processed_images/30b1af29c74f381aa421aa6fc755306a/f9586c36ab7db84d09b777cee8c829b1.jpeg,$24.53,Available,,$24.53,Available,,$24.53,Available,,$24.53,Available,,$24.53,Available,,$24.53,Available,,$24.53,Available,
Nature's Touch Broccoli Florets (2 kg),https://tb-static.uber.com/prod/image-proc/processed_images/4ae036ec742b461f2081b0316926bc6f/f9586c36ab7db84d09b777cee8c829b1.jpeg,$14.39,Available,,$14.39,Available,,$14.39,Available,,$14.39,Available,,$14.39,Available,,$14.39,Available,,NOT CARRIED,NOT CARRIED,
Nature's Touch Very Berry Burst Mixed Berries (5 x 300 g),https://tb-static.uber.com/prod/image-proc/processed_images/9c54aba50c92d259d7e3ec592e9adf0a/f9586c36ab7db84d09b777cee8c829b1.jpeg,NOT CARRIED,NOT CARRIED,,NOT CARRIED,NOT CARRIED,,NOT CARRIED,NOT CARRIED,,NOT CARRIED,NOT CARRIED,,$20.26,Available,,NOT CARRIED,NOT CARRIED,,NOT CARRIED,NOT CARRIED,
"Nature's Way Sambucus Immune Support Gummies, Elderberry (120 ct)",https://tb-static.uber.com/prod/image-proc/processed_images/6bc562d88c5406b5d2c3719fa8094876/b4665c191b34baf3d0e0fa45dfdd3d1d.jpeg,NOT CARRIED,NOT CARRIED,,$26.66,Available,,NOT CARRIED,NOT CARRIED,,$26.66,Available,,NOT CARRIED,NOT CARRIED,,NOT CARRIED,NOT CARRIED,,NOT CARRIED,NOT CARRIED,
"Naturegg Organic Brown Eggs Medium (780 g, 12 ct)",https://tb-static.uber.com/prod/image-proc/processed_images/e5200a4069ab794b093336fef16737d6/0e5313be7a8831b8ed60f8dab3c2df10.jpeg,NOT CARRIED,NOT CARRIED,,NOT CARRIED,NOT CARRIED,,$12.57,Available,,NOT CARRIED,NOT CARRIED,,NOT CARRIED,NOT CARRIED,,NOT CARRIED,NOT CARRIED,,$12.57,Available,
Naturoney Organic Honey (1 kg),https://tb-static.uber.com/prod/image-proc/processed_images/90ccec86c18974948f3adf3dade22c44/f9586c36ab7db84d09b777cee8c829b1.jpeg,$10.65,Available,,$10.65,Available,,NOT CARRIED,NOT CARRIED,,$10.65,Available,,$10.65,Available,,$10.65,Available,,$10.65,Available,
Neocitran Extra Strength Cold and Sinus (10 Pouches),https://tb-static.uber.com/prod/image-proc/processed_images/5bce889c3d6875cf06b5c2e07d4a2b1a/b4665c191b34baf3d0e0fa45dfdd3d1d.jpeg,NOT CARRIED,NOT CARRIED,,$24.53,Available,,$24.53,Available,,NOT CARRIED,NOT CARRIED,,$24.53,Available,,NOT CARRIED,NOT CARRIED,,NOT CARRIED,NOT CARRIED,
Nespresso Vertuo Next Deluxe Coffee & Espresso Maker,https://tb-static.uber.com/prod/image-proc/processed_images/915278d8248733721c1e4f24e39b3103/b4665c191b34baf3d0e0fa45dfdd3d1d.jpeg,NOT CARRIED,NOT CARRIED,,NOT CARRIED,NOT CARRIED,,NOT CARRIED,NOT CARRIED,,NOT CARRIED,NOT CARRIED,,NOT CARRIED,NOT CARRIED,,NOT CARRIED,NOT CARRIED,,$138.67,Available,
"Nestea Iced Tea, Lemon (24 x 341 ml)",https://tb-static.uber.com/prod/image-proc/processed_images/a22c150ba8f9932ed1dce7b6fb2dfdaf/b4665c191b34baf3d0e0fa45dfdd3d1d.jpeg,NOT CARRIED,NOT CARRIED,,NOT CARRIED,NOT CARRIED,,NOT CARRIED,NOT CARRIED,,NOT CARRIED,NOT CARRIED,,NOT CARRIED,NOT CARRIED,,NOT CARRIED,NOT CARRIED,,$14.82,Available,
"Nestlé Kitkat Frozen Dessert Bars, 20 × 80 Ml",https://tb-static.uber.com/prod/image-proc/processed_images/4c8222b1de944cc0ec1229bfcc2050e6/b4665c191b34baf3d0e0fa45dfdd3d1d.jpeg,$20.26,Available,,$20.26,Available,,$20.26,Available,,$20.26,Available,,$20.26,Available,,$20.26,Available,,NOT CARRIED,NOT CARRIED,
"Neutro Roberts Fresh Deodorant Stick, 4 X 37G",https://tb-static.uber.com/prod/image-proc/processed_images/15a0a23970aa4c8acaf3f72365725ec3/b4665c191b34baf3d0e0fa45dfdd3d1d.jpeg,$10.63,Available,,NOT CARRIED,NOT CARRIED,,NOT CARRIED,NOT CARRIED,,NOT CARRIED,NOT CARRIED,,NOT CARRIED,NOT CARRIED,,$10.63,Available,,NOT CARRIED,NOT CARRIED,
"Neutrogerna Rapid Wrinkle Repair, Fragrance Free, 2 X 48 Ml",https://tb-static.uber.com/prod/image-proc/processed_images/3097dd48d9f9f180f7108c80507149ae/b4665c191b34baf3d0e0fa45dfdd3d1d.jpeg,NOT CARRIED,NOT CARRIED,,$48.00,Available,,$48.00,Available,,$48.00,Available,,NOT CARRIED,NOT CARRIED,,NOT CARRIED,NOT CARRIED,,NOT CARRIED,NOT CARRIED,
Nigiri Sushi Platter,https://tb-static.uber.com/prod/image-proc/processed_images/cf977eb283ff68a755773fd865fb1ae1/f9586c36ab7db84d09b777cee8c829b1.jpeg,NOT CARRIED,NOT CARRIED,,NOT CARRIED,NOT CARRIED,,NOT CARRIED,NOT CARRIED,,NOT CARRIED,NOT CARRIED,,$36.24,Available,,NOT CARRIED,NOT CARRIED,,NOT CARRIED,NOT CARRIED,
Ninja Doublestack 2 Basket Air Fryer,https://tb-static.uber.com/prod/image-proc/processed_images/880557347d79fff8ceff8c037e2014ba/b4665c191b34baf3d0e0fa45dfdd3d1d.jpeg,NOT CARRIED,NOT CARRIED,,NOT CARRIED,NOT CARRIED,,$213.38,Available,,NOT CARRIED,NOT CARRIED,,NOT CARRIED,NOT CARRIED,,NOT CARRIED,NOT CARRIED,,NOT CARRIED,NOT CARRIED,
Ninja Slushi Professional Frozen Drink Maker With 2 Insulated Bubble Cups,https://tb-static.uber.com/prod/image-proc/processed_images/0eebc5ab4587414112664eccb183b357/b4665c191b34baf3d0e0fa45dfdd3d1d.jpeg,$406.99,Available,,$406.99,Available,,$406.99,Available,,$406.99,Available,,NOT CARRIED,NOT CARRIED,,$406.99,Available,,$406.99,Available,
"No Sugar Company Perfect Protein & Fibre Bars, Peanut Butter-Jelly (14 x 55 g)",https://tb-static.uber.com/prod/image-proc/processed_images/9e274b82ac958a5d204a6bfd30976109/b4665c191b34baf3d0e0fa45dfdd3d1d.jpeg,$31.99,Available,,$31.99,Available,,$31.99,Available,,$31.99,Available,,$31.99,Available,,$31.99,Available,,NOT CARRIED,NOT CARRIED,
"Non Slip Hangers, Black",https://tb-static.uber.com/prod/image-proc/processed_images/8cd1b2abc88ace59a21f79d92c1d8210/0e5313be7a8831b8ed60f8dab3c2df10.jpeg,$15.99,Available,,NOT CARRIED,NOT CARRIED,,$15.99,Available,,$15.99,Available,,$15.99,Available,,$15.99,Available,,NOT CARRIED,NOT CARRIED,
Nongshim Tonkotsu Ramen Noodle Soup (6 x 101 g),https://tb-static.uber.com/prod/image-proc/processed_images/e24089cfda4ff2c0477a2598ec055600/f9586c36ab7db84d09b777cee8c829b1.jpeg,$15.99,Available,25% off,$15.99,Available,25% off,$15.99,Available,25% off,$15.99,Available,25% off,$15.99,Available,25% off,$15.99,Available,25% off,$15.99,Available,25% off
"Nonna Pia’s Balsamic Glaze Creme, Classic (380 ml)",https://tb-static.uber.com/prod/image-proc/processed_images/1567c87dfaf0df44b395ffa776dab96b/f9586c36ab7db84d09b777cee8c829b1.jpeg,$10.12,Available,,$10.12,Available,,$10.12,Available,,$10.12,Available,,$10.12,Available,,$10.12,Available,,NOT CARRIED,NOT CARRIED,
"Nonni'S Raspberry Biscotti Bites, 794 G",https://tb-static.uber.com/prod/image-proc/processed_images/a8b28a5f5743a8faef0e5ecc8e59eb25/b4665c191b34baf3d0e0fa45dfdd3d1d.jpeg,$14.39,Available,24% off,$14.39,Available,24% off,$14.39,Available,24% off,$14.39,Available,24% off,$14.39,Available,24% off,$14.39,Available,24% off,$14.39,Available,24% off
Nonni's Thinaddictives Cranberry Almond Thin Cookies (30 x 3 ct),https://tb-static.uber.com/prod/image-proc/processed_images/daf721017d24bd3842a846ab3d0bea4c/f9586c36ab7db84d09b777cee8c829b1.jpeg,$13.86,Available,,$13.86,Available,,$13.86,Available,,$13.86,Available,,$13.86,Available,,$13.86,Available,,$13.86,Available,
Nordic Entrance Mat,https://tb-static.uber.com/prod/image-proc/processed_images/a31ecacaee33f72fe150261afd5d9400/b4665c191b34baf3d0e0fa45dfdd3d1d.jpeg,NOT CARRIED,NOT CARRIED,,NOT CARRIED,NOT CARRIED,,NOT CARRIED,NOT CARRIED,,$4.23,Available,,NOT CARRIED,NOT CARRIED,,NOT CARRIED,NOT CARRIED,,NOT CARRIED,NOT CARRIED,
Norwegian Fjord Smoked Salmon (550 g),https://tb-static.uber.com/prod/image-proc/processed_images/ff7fff9eddb0936c2443e56d0bf3c767/f9586c36ab7db84d09b777cee8c829b1.jpeg,$25.59,Available,,NOT CARRIED,NOT CARRIED,,NOT CARRIED,NOT CARRIED,,NOT CARRIED,NOT CARRIED,,NOT CARRIED,NOT CARRIED,,NOT CARRIED,NOT CARRIED,,$25.59,Available,
"Nuchar Seasoned Cooked Octopus, 500 G",https://tb-static.uber.com/prod/image-proc/processed_images/81a18bda456e8d524cefaff9dc5aafec/b4665c191b34baf3d0e0fa45dfdd3d1d.jpeg,$30.93,Available,,NOT CARRIED,NOT CARRIED,,$30.93,Available,,$30.93,Available,,$30.93,Available,,$30.93,Available,,$30.93,Available,
OURHOME Green Leaf Kimchi (800 g),https://tb-static.uber.com/prod/image-proc/processed_images/d01f9a6af8c07d1c8a3692a6f32d752a/b4665c191b34baf3d0e0fa45dfdd3d1d.jpeg,$13.86,Available,,$13.86,Available,,$13.86,Available,,$13.86,Available,,$13.86,Available,,NOT CARRIED,NOT CARRIED,,NOT CARRIED,NOT CARRIED,
"Oakrun Farm Bakery English Muffins, Plain Nature (4 x 6 ct)",https://tb-static.uber.com/prod/image-proc/processed_images/e240f5bb92106e359ebd824f72384b52/f9586c36ab7db84d09b777cee8c829b1.jpeg,$6.17,Available,,$6.17,Available,,NOT CARRIED,NOT CARRIED,,$6.17,Available,,NOT CARRIED,NOT CARRIED,,NOT CARRIED,NOT CARRIED,,$6.17,Available,
"Oasis 100% Juice Blend, Orange Pure Breakfast Apple Grape (50 x 200 ml)",https://tb-static.uber.com/prod/image-proc/processed_images/295ef1d4af0666413761a9781f77e455/b4665c191b34baf3d0e0fa45dfdd3d1d.jpeg,$19.19,Available,,$19.19,Available,,$19.19,Available,,$19.19,Available,,$19.19,Available,,$19.19,Available,,$19.19,Available,
"Oasis 100% Juice, Apple (24 x 300 ml)",https://tb-static.uber.com/prod/image-proc/processed_images/571e3b6b213fa8698ec3f6e8112be86f/b4665c191b34baf3d0e0fa45dfdd3d1d.jpeg,$18.12,Available,,$18.12,Available,,$18.12,Available,,$18.12,Available,,$18.12,Available,,NOT CARRIED,NOT CARRIED,,$18.12,Available,
Oasis Apple Grape Juice Concentrate (300 ml),https://tb-static.uber.com/prod/image-proc/processed_images/cc4b641074b7eae49d2933cff9006a9a/f9586c36ab7db84d09b777cee8c829b1.jpeg,NOT CARRIED,NOT CARRIED,,NOT CARRIED,NOT CARRIED,,NOT CARRIED,NOT CARRIED,,NOT CARRIED,NOT CARRIED,,NOT CARRIED,NOT CARRIED,,NOT CARRIED,NOT CARRIED,,$18.12,Available,
"Oasis No Sugar Added 100% Juice, Orange (24 x 300 ml)",https://tb-static.uber.com/prod/image-proc/processed_images/fafc570afac373b12277c4ef41877be4/f9586c36ab7db84d09b777cee8c829b1.jpeg,$21.32,Available,,$21.32,Available,,$21.32,Available,,$21.32,Available,,$21.32,Available,,$21.32,Available,,$21.32,Available,
Oatbox Barista Oat Beverage 6 X 946 Ml,https://tb-static.uber.com/prod/image-proc/processed_images/dc60c0f9c1766cbe6a6b7a50383565ba/b4665c191b34baf3d0e0fa45dfdd3d1d.jpeg,NOT CARRIED,NOT CARRIED,,NOT CARRIED,NOT CARRIED,,NOT CARRIED,NOT CARRIED,,NOT CARRIED,NOT CARRIED,,NOT CARRIED,NOT CARRIED,,NOT CARRIED,NOT CARRIED,,$21.32,Available,
"Ocean Spray 100% Cranberry Juice Blend, 2 × 2.84 L",https://tb-static.uber.com/prod/image-proc/processed_images/7480fc1a8b8a4f429b1985f7b1dcee06/b4665c191b34baf3d0e0fa45dfdd3d1d.jpeg,$13.54,Available,,NOT CARRIED,NOT CARRIED,,NOT CARRIED,NOT CARRIED,,NOT CARRIED,NOT CARRIED,,NOT CARRIED,NOT CARRIED,,$13.54,Available,,NOT CARRIED,NOT CARRIED,
Ocean's Solid White Albacore Tuna (6 x 184 g),https://tb-static.uber.com/prod/image-proc/processed_images/d6578b769951561099a5b2a3b0ec7007/b4665c191b34baf3d0e0fa45dfdd3d1d.jpeg,NOT CARRIED,NOT CARRIED,,NOT CARRIED,NOT CARRIED,,NOT CARRIED,NOT CARRIED,,NOT CARRIED,NOT CARRIED,,$19.19,Available,,NOT CARRIED,NOT CARRIED,,NOT CARRIED,NOT CARRIED,
"Oikos Pro Drinkable Greek Yogurt, Strawberry-Banana (8 x 300 ml)",https://tb-static.uber.com/prod/image-proc/processed_images/c226ef9443e6b5d7ce3f4989d3f2932a/b4665c191b34baf3d0e0fa45dfdd3d1d.jpeg,NOT CARRIED,NOT CARRIED,,$19.19,Available,,$19.19,Available,,$19.19,Available,,$19.19,Available,,$19.19,Available,,NOT CARRIED,NOT CARRIED,
"Oikos Select 3% Greek Yogurt Variety pack, Assorted (24 x 100g)",https://tb-static.uber.com/prod/image-proc/processed_images/2731f71d403fdfbd37f9f64e8192be79/b4665c191b34baf3d0e0fa45dfdd3d1d.jpeg,$20.79,Available,,$20.79,Available,,$20.79,Available,,$20.79,Available,,$20.79,Available,,$20.79,Available,,$20.79,Available,
Old Spice High Endurance Pure Sport Deodorant (5 x 85 g),https://tb-static.uber.com/prod/image-proc/processed_images/851b0cf7c96749a21f995f2120a5a398/f9586c36ab7db84d09b777cee8c829b1.jpeg,$15.99,Available,25% off,$15.99,Available,25% off,$15.99,Available,25% off,$15.99,Available,25% off,$15.99,Available,25% off,$15.99,Available,25% off,NOT CARRIED,NOT CARRIED,
Olivia Black Tiger Shrimp (680 g),https://tb-static.uber.com/prod/image-proc/processed_images/c0608269b1b48a056e3ff6b95e7e39f1/f9586c36ab7db84d09b777cee8c829b1.jpeg,NOT CARRIED,NOT CARRIED,,$24.53,Available,,$24.53,Available,,NOT CARRIED,NOT CARRIED,,$24.53,Available,,$24.53,Available,,NOT CARRIED,NOT CARRIED,
Olivia Coho Salmon 907 G,https://tb-static.uber.com/prod/image-proc/processed_images/12444e02c8f4003dacb3c53ed1340156/b4665c191b34baf3d0e0fa45dfdd3d1d.jpeg,$26.66,Available,,$26.66,Available,,$26.66,Available,,$26.66,Available,,NOT CARRIED,NOT CARRIED,,$26.66,Available,,NOT CARRIED,NOT CARRIED,
"Olymel Country-Style Sausages, 2 Kg",https://tb-static.uber.com/prod/image-proc/processed_images/72563317905d9af02f3fbceb47074d56/b4665c191b34baf3d0e0fa45dfdd3d1d.jpeg,NOT CARRIED,NOT CARRIED,,NOT CARRIED,NOT CARRIED,,NOT CARRIED,NOT CARRIED,,NOT CARRIED,NOT CARRIED,,$19.19,Available,,NOT CARRIED,NOT CARRIED,,NOT CARRIED,NOT CARRIED,
Olympic Craft Meats Southern Crunch Chicken Wings (2 kg),https://tb-static.uber.com/prod/image-proc/processed_images/e0266a1637c0ed73668327643e1bb4c3/b4665c191b34baf3d0e0fa45dfdd3d1d.jpeg,$27.73,Available,,$27.73,Available,,$27.73,Available,,$27.73,Available,,$27.73,Available,,$27.73,Available,,NOT CARRIED,NOT CARRIED,
One Degree Organic Foods Sprouted Germee Rolled Oats (2.27 kg),https://tb-static.uber.com/prod/image-proc/processed_images/94f5659ec27071fbad6f423c256fc050/f9586c36ab7db84d09b777cee8c829b1.jpeg,NOT CARRIED,NOT CARRIED,,NOT CARRIED,NOT CARRIED,,NOT CARRIED,NOT CARRIED,,$12.79,Available,,NOT CARRIED,NOT CARRIED,,NOT CARRIED,NOT CARRIED,,NOT CARRIED,NOT CARRIED,
"Oral-B Crossaction Advanced Toothbrushes, Soft, 8-Count",https://tb-static.uber.com/prod/image-proc/processed_images/4fae7a40792f928fdb6150cad03e37da/b4665c191b34baf3d0e0fa45dfdd3d1d.jpeg,$18.12,Available,,$18.12,Available,,$18.12,Available,,$18.12,Available,,$18.12,Available,,$18.12,Available,,NOT CARRIED,NOT CARRIED,
"Oral-B Multi Protection Dental Floss, Mint, 40m (6 ct)",https://tb-static.uber.com/prod/image-proc/processed_images/0dc7118b2b2ead2d70921ff0b017566e/b4665c191b34baf3d0e0fa45dfdd3d1d.jpeg,NOT CARRIED,NOT CARRIED,,NOT CARRIED,NOT CARRIED,,$21.32,Available,,NOT CARRIED,NOT CARRIED,,NOT CARRIED,NOT CARRIED,,NOT CARRIED,NOT CARRIED,,NOT CARRIED,NOT CARRIED,
"Orangina Sparkling Citrus Orange Beverage, Orange (12 x 420 ml)",https://tb-static.uber.com/prod/image-proc/processed_images/3da2072417d47057c01f420fa5c3fabb/f9586c36ab7db84d09b777cee8c829b1.jpeg,NOT CARRIED,NOT CARRIED,,NOT CARRIED,NOT CARRIED,,NOT CARRIED,NOT CARRIED,,NOT CARRIED,NOT CARRIED,,NOT CARRIED,NOT CARRIED,,NOT CARRIED,NOT CARRIED,,$20.26,Available,
"Oreo Original Chocolate Sandwich Cookies, 4 × 500 G",https://tb-static.uber.com/prod/image-proc/processed_images/6b89d5953947a079b28cffe43175a049/b4665c191b34baf3d0e0fa45dfdd3d1d.jpeg,$17.06,Available,,$17.06,Available,,$17.06,Available,,$17.06,Available,,$17.06,Available,,$17.06,Available,,$17.06,Available,
Organic Black Oyster Mushrooms,https://tb-static.uber.com/prod/image-proc/processed_images/55ef9fd0edff8ca6b7473ef08e3779ce/b4665c191b34baf3d0e0fa45dfdd3d1d.jpeg,NOT CARRIED,NOT CARRIED,,NOT CARRIED,NOT CARRIED,,$8.52,Available,,NOT CARRIED,NOT CARRIED,,NOT CARRIED,NOT CARRIED,,NOT CARRIED,NOT CARRIED,,NOT CARRIED,NOT CARRIED,
Organic Fairtrade Bananas (1.36 Kg),https://tb-static.uber.com/prod/image-proc/processed_images/b339b10722be147cd182ce36d62c60e4/b4665c191b34baf3d0e0fa45dfdd3d1d.jpeg,$3.19,Available,,$3.19,Available,,$3.19,Available,,NOT CARRIED,NOT CARRIED,,$3.19,Available,,$3.19,Available,,NOT CARRIED,NOT CARRIED,
Organic Gala Apples 2.27 Kg / 5 Lb Bag,https://tb-static.uber.com/prod/image-proc/processed_images/942c452f1e7c9628f0c4f6cc29429773/b4665c191b34baf3d0e0fa45dfdd3d1d.jpeg,$12.79,Available,,NOT CARRIED,NOT CARRIED,,NOT CARRIED,NOT CARRIED,,NOT CARRIED,NOT CARRIED,,$12.79,Available,,$12.79,Available,,NOT CARRIED,NOT CARRIED,
Organic Ginger 794 G / 1.75 Lb,https://tb-static.uber.com/prod/image-proc/processed_images/3977b13010fd735bdfeeb7a0f3e82678/b4665c191b34baf3d0e0fa45dfdd3d1d.jpeg,$10.65,Available,,$10.65,Available,,$10.65,Available,,$10.65,Available,,$10.65,Available,,$10.65,Available,,NOT CARRIED,NOT CARRIED,
"Organic Grape Tomatoes, 907 G",https://tb-static.uber.com/prod/image-proc/processed_images/3ca046a09bb490af092f3225287fd1d1/b4665c191b34baf3d0e0fa45dfdd3d1d.jpeg,$10.65,Available,,NOT CARRIED,NOT CARRIED,,NOT CARRIED,NOT CARRIED,,NOT CARRIED,NOT CARRIED,,NOT CARRIED,NOT CARRIED,,NOT CARRIED,NOT CARRIED,,NOT CARRIED,NOT CARRIED,
"Organika Enhanced Collagen, 2 Kg",https://tb-static.uber.com/prod/image-proc/processed_images/38266baad06ae162dee785947a766aca/b4665c191b34baf3d0e0fa45dfdd3d1d.jpeg,$96.01,Available,,$96.01,Available,,NOT CARRIED,NOT CARRIED,,$96.01,Available,,NOT CARRIED,NOT CARRIED,,$96.01,Available,,NOT CARRIED,NOT CARRIED,
Oroweat Original Keto Tortillas (15 x 41 g),https://tb-static.uber.com/prod/image-proc/processed_images/8603fae9ddf99ee6a93d46919f7ceb6a/b4665c191b34baf3d0e0fa45dfdd3d1d.jpeg,$7.99,Available,,$7.99,Available,,$7.99,Available,,$7.99,Available,,$7.99,Available,,$7.99,Available,,NOT CARRIED,NOT CARRIED,
Orville Redenbacher's Light Buttery Gourmet Popcorn (24 x 80 g),https://tb-static.uber.com/prod/image-proc/processed_images/6902fa8eabafe670429afdba497897af/f9586c36ab7db84d09b777cee8c829b1.jpeg,NOT CARRIED,NOT CARRIED,,NOT CARRIED,NOT CARRIED,,NOT CARRIED,NOT CARRIED,,NOT CARRIED,NOT CARRIED,,NOT CARRIED,NOT CARRIED,,$12.25,Available,,NOT CARRIED,NOT CARRIED,
"Ottavio Grapeseed Oil, Light (3 L)",https://tb-static.uber.com/prod/image-proc/processed_images/ea8d14ed41d8ed9f536398f0c513171d/f9586c36ab7db84d09b777cee8c829b1.jpeg,NOT CARRIED,NOT CARRIED,,NOT CARRIED,NOT CARRIED,,NOT CARRIED,NOT CARRIED,,NOT CARRIED,NOT CARRIED,,NOT CARRIED,NOT CARRIED,,NOT CARRIED,NOT CARRIED,,$21.32,Available,
Ovino Plain Nature Sheep Yogurt (3 lbs),https://tb-static.uber.com/prod/image-proc/processed_images/1cdf88f5621b7673b14af3e8df0d9aa6/b4665c191b34baf3d0e0fa45dfdd3d1d.jpeg,NOT CARRIED,NOT CARRIED,,NOT CARRIED,NOT CARRIED,,$10.65,Available,,$10.65,Available,,$10.65,Available,,$10.65,Available,,NOT CARRIED,NOT CARRIED,
"Owala Smoothsip 590 Ml (20 Oz.) Travel Mug, 2-Pack",https://tb-static.uber.com/prod/image-proc/processed_images/6e04b9699d58fb53e208352489f3ce3b/b4665c191b34baf3d0e0fa45dfdd3d1d.jpeg,NOT CARRIED,NOT CARRIED,,$31.97,Available,,$31.97,Available,,$31.97,Available,,NOT CARRIED,NOT CARRIED,,$31.97,Available,,NOT CARRIED,NOT CARRIED,
"PJ's Craft Cream Liquor, Vanilla Bean (1.14 L)",https://tb-static.uber.com/prod/image-proc/processed_images/70fd4c527802a0bd3669c9d4ec1c75d1/b4665c191b34baf3d0e0fa45dfdd3d1d.jpeg,NOT CARRIED,NOT CARRIED,,$30.93,Available,,$30.93,Available,,$30.93,Available,,$30.93,Available,,$30.93,Available,,NOT CARRIED,NOT CARRIED,
POM Wonderful 100% Pomegranate Juice (1.77 L),https://tb-static.uber.com/prod/image-proc/processed_images/522d20be0008f24774e6724200514b2d/f9586c36ab7db84d09b777cee8c829b1.jpeg,$13.86,Available,,$13.86,Available,,$13.86,Available,,$13.86,Available,,$13.86,Available,,$13.86,Available,,$13.86,Available,
PSP Natural Epsom Salts (5.5 kg),https://tb-static.uber.com/prod/image-proc/processed_images/085e0c68730f3c114eb34945d6777e53/b4665c191b34baf3d0e0fa45dfdd3d1d.jpeg,$10.65,Available,,$10.65,Available,,$10.65,Available,,$10.65,Available,,$10.65,Available,,$10.65,Available,,NOT CARRIED,NOT CARRIED,
PSP Usp 99% Isopropyl Alcohol (4 x 500 ml),https://tb-static.uber.com/prod/image-proc/processed_images/7ff2bf2734671bbb527dd59a7fe3449b/f9586c36ab7db84d09b777cee8c829b1.jpeg,NOT CARRIED,NOT CARRIED,,NOT CARRIED,NOT CARRIED,,NOT CARRIED,NOT CARRIED,,$13.32,Available,,NOT CARRIED,NOT CARRIED,,NOT CARRIED,NOT CARRIED,,NOT CARRIED,NOT CARRIED,
Pacific Blue Crab California Rolls (16 ct),https://tb-static.uber.com/prod/image-proc/processed_images/c1040eef11d8c7a76256b3e1ded2e17c/f9586c36ab7db84d09b777cee8c829b1.jpeg,NOT CARRIED,NOT CARRIED,,NOT CARRIED,NOT CARRIED,,$19.62,Available,,NOT CARRIED,NOT CARRIED,,$19.62,Available,,$19.62,Available,,NOT CARRIED,NOT CARRIED,
"Palmolive Advanced Dish Liquid, Original (4.27 L)",https://tb-static.uber.com/prod/image-proc/processed_images/dc7f5adbeb36aeb5092967e697b1cb85/f9586c36ab7db84d09b777cee8c829b1.jpeg,$10.65,Available,,$10.65,Available,,$10.65,Available,,$10.65,Available,,$10.65,Available,,$10.65,Available,,NOT CARRIED,NOT CARRIED,
Panini Mosaic Nfl Trading Cards 13+ Ages (49 ct),https://tb-static.uber.com/prod/image-proc/processed_images/2d8a95a5d73cc47da501885abd2b4239/b4665c191b34baf3d0e0fa45dfdd3d1d.jpeg,NOT CARRIED,NOT CARRIED,,$64.00,Available,,NOT CARRIED,NOT CARRIED,,NOT CARRIED,NOT CARRIED,,NOT CARRIED,NOT CARRIED,,NOT CARRIED,NOT CARRIED,,NOT CARRIED,NOT CARRIED,
"Paul Brassac Non-Alcoholic Organic Sparkling Juice, Apple Raspberry-Apple Pear (3 x 750 ml)",https://tb-static.uber.com/prod/image-proc/processed_images/57be5cd7f397679f50f5e745d7d7f8cb/f9586c36ab7db84d09b777cee8c829b1.jpeg,$10.65,Available,,$10.65,Available,,$10.65,Available,,NOT CARRIED,NOT CARRIED,,NOT CARRIED,NOT CARRIED,,NOT CARRIED,NOT CARRIED,,NOT CARRIED,NOT CARRIED,
"Pedigree Dentastix Medium Dog Original Treats, 70-Count",https://tb-static.uber.com/prod/image-proc/processed_images/182dfd586fd3b0f24d3b317a8c37f1cb/b4665c191b34baf3d0e0fa45dfdd3d1d.jpeg,$26.66,Available,,$26.66,Available,,NOT CARRIED,NOT CARRIED,,$26.66,Available,,NOT CARRIED,NOT CARRIED,,NOT CARRIED,NOT CARRIED,,NOT CARRIED,NOT CARRIED,
Pepsi Diet Cola Soda (32 x 355 ml),https://tb-static.uber.com/prod/image-proc/processed_images/93745cc6621dcc0348a2d3cb97b7e860/b4665c191b34baf3d0e0fa45dfdd3d1d.jpeg,$16.95,Available,,$16.95,Available,,$16.95,Available,,$16.95,Available,,$16.95,Available,,$16.95,Available,,NOT CARRIED,NOT CARRIED,
Pepsi Soft Drink (32 x 355 ml),https://tb-static.uber.com/prod/image-proc/processed_images/3b78cdf2f0d38261a01c6876020ae0c6/f9586c36ab7db84d09b777cee8c829b1.jpeg,$16.95,Available,,$16.95,Available,,$16.95,Available,,$16.95,Available,,NOT CARRIED,NOT CARRIED,,NOT CARRIED,NOT CARRIED,,NOT CARRIED,NOT CARRIED,
Pepsi Zero Sugar Soda (32 x 355 ml),https://tb-static.uber.com/prod/image-proc/processed_images/ad310ffe0b6b581675c79a7ba1b72906/b4665c191b34baf3d0e0fa45dfdd3d1d.jpeg,$16.95,Available,,$16.95,Available,,$16.95,Available,,$16.95,Available,,$16.95,Available,,$16.95,Available,,$16.95,Available,
Perrier Carbonated Natural Spring Water (24 x 330 ml),https://tb-static.uber.com/prod/image-proc/processed_images/82bf70c0adac576c00bd318cdeb0661b/b4665c191b34baf3d0e0fa45dfdd3d1d.jpeg,NOT CARRIED,NOT CARRIED,,NOT CARRIED,NOT CARRIED,,NOT CARRIED,NOT CARRIED,,NOT CARRIED,NOT CARRIED,,NOT CARRIED,NOT CARRIED,,$21.32,Available,,NOT CARRIED,NOT CARRIED,
Pg Fresh Bruschetta 950G,https://tb-static.uber.com/prod/image-proc/processed_images/24a0d19d8482f6e211529e5369f7e7ee/b4665c191b34baf3d0e0fa45dfdd3d1d.jpeg,NOT CARRIED,NOT CARRIED,,NOT CARRIED,NOT CARRIED,,$12.25,Available,,$12.25,Available,,$12.25,Available,,$12.25,Available,,NOT CARRIED,NOT CARRIED,
Philadelphia Original Cream Cheese (2 x 500 g),https://tb-static.uber.com/prod/image-proc/processed_images/b7b18b02788156b9dafa26b0c433802c/f9586c36ab7db84d09b777cee8c829b1.jpeg,$14.39,Available,,NOT CARRIED,NOT CARRIED,,$14.39,Available,,NOT CARRIED,NOT CARRIED,,NOT CARRIED,NOT CARRIED,,$14.39,Available,,$14.39,Available,
"Pickle-Licious Cucumber Crisps, 200 G",https://tb-static.uber.com/prod/image-proc/processed_images/6e7f9869ec78d464e259d6c1965feae9/b4665c191b34baf3d0e0fa45dfdd3d1d.jpeg,NOT CARRIED,NOT CARRIED,,$10.44,Available,,$10.44,Available,,NOT CARRIED,NOT CARRIED,,NOT CARRIED,NOT CARRIED,,$10.44,Available,,NOT CARRIED,NOT CARRIED,
"Piller'S Original Pepperoni, 2 × 450 G",https://tb-static.uber.com/prod/image-proc/processed_images/a621092b02682c5f42c9483b7c0aeb62/b4665c191b34baf3d0e0fa45dfdd3d1d.jpeg,NOT CARRIED,NOT CARRIED,,NOT CARRIED,NOT CARRIED,,NOT CARRIED,NOT CARRIED,,$15.99,Available,,NOT CARRIED,NOT CARRIED,,NOT CARRIED,NOT CARRIED,,NOT CARRIED,NOT CARRIED,
"Pillsbury Mini Double Chocolate Cookies, 28 × 42 G",https://tb-static.uber.com/prod/image-proc/processed_images/b32b1a058527c4e6d1e4d4aecad2116c/b4665c191b34baf3d0e0fa45dfdd3d1d.jpeg,$18.12,Available,,$18.12,Available,,$18.12,Available,,$18.12,Available,,$18.12,Available,,$18.12,Available,,NOT CARRIED,NOT CARRIED,
Pinty's Delicious Foods Crispy Chicken Wings (1.5 kg),https://tb-static.uber.com/prod/image-proc/processed_images/e27d7ae12b5ba72fe12daaa464e977dc/b4665c191b34baf3d0e0fa45dfdd3d1d.jpeg,$23.46,Available,,$23.46,Available,,$23.46,Available,,$23.46,Available,,$23.46,Available,,$23.46,Available,,NOT CARRIED,NOT CARRIED,
Pinty's Gluten Free Buffalo Chicken Flings (907 g),https://tb-static.uber.com/prod/image-proc/processed_images/b6c95e2a68daff172818144c77906d99/b4665c191b34baf3d0e0fa45dfdd3d1d.jpeg,$15.99,Available,,$15.99,Available,,$15.99,Available,,$15.99,Available,,$15.99,Available,,$15.99,Available,,NOT CARRIED,NOT CARRIED,
Pinty's Gluten Free Oven Roasted Chicken Breast Strips (1 kg),https://tb-static.uber.com/prod/image-proc/processed_images/290515d8ca646a56624416a44d0d6ace/f9586c36ab7db84d09b777cee8c829b1.jpeg,$21.32,Available,,$21.32,Available,,$21.32,Available,,$21.32,Available,,$21.32,Available,,$21.32,Available,,NOT CARRIED,NOT CARRIED,
"Pirouline Chocolate Hazelnut Wafers In A Grinch Holiday Cookie Jar, 600 G",https://tb-static.uber.com/prod/image-proc/processed_images/91a6cd248500c0064a02d43a1e2fd4df/b4665c191b34baf3d0e0fa45dfdd3d1d.jpeg,NOT CARRIED,NOT CARRIED,,NOT CARRIED,NOT CARRIED,,NOT CARRIED,NOT CARRIED,,NOT CARRIED,NOT CARRIED,,NOT CARRIED,NOT CARRIED,,$5.30,Available,,NOT CARRIED,NOT CARRIED,
"Pistis Boiled Salted Duck Eggs, 780 G",https://tb-static.uber.com/prod/image-proc/processed_images/4952b96a72dd0e0acb5e1a3f6c85bb6a/b4665c191b34baf3d0e0fa45dfdd3d1d.jpeg,$8.52,Available,,$8.52,Available,,$8.52,Available,,$8.52,Available,,$8.52,Available,,$8.52,Available,,$8.52,Available,
"Pizza Box, 10 in, White (50 ct)",https://tb-static.uber.com/prod/image-proc/processed_images/53e9a01ca9be5922c01a6df38e7a206b/b4665c191b34baf3d0e0fa45dfdd3d1d.jpeg,NOT CARRIED,NOT CARRIED,,NOT CARRIED,NOT CARRIED,,NOT CARRIED,NOT CARRIED,,NOT CARRIED,NOT CARRIED,,NOT CARRIED,NOT CARRIED,,NOT CARRIED,NOT CARRIED,,$17.48,Available,
"Pizza Box, 14 in",https://tb-static.uber.com/prod/image-proc/processed_images/53e9a01ca9be5922c01a6df38e7a206b/b4665c191b34baf3d0e0fa45dfdd3d1d.jpeg,NOT CARRIED,NOT CARRIED,,NOT CARRIED,NOT CARRIED,,NOT CARRIED,NOT CARRIED,,NOT CARRIED,NOT CARRIED,,NOT CARRIED,NOT CARRIED,,NOT CARRIED,NOT CARRIED,,$26.55,Available,
Plain Cheesecake,https://tb-static.uber.com/prod/image-proc/processed_images/728c1b3a0575ca0863bd90866c489f18/b4665c191b34baf3d0e0fa45dfdd3d1d.jpeg,$25.59,Available,,$25.59,Available,,$25.59,Available,,$25.59,Available,,$25.59,Available,,$25.59,Available,,NOT CARRIED,NOT CARRIED,
Pocky Green Tea Cream Coated Biscuit Sticks (40 g),https://tb-static.uber.com/prod/image-proc/processed_images/c6ed41cb31e2e6ce0e3f7430cb51ec74/957777de4e8d7439bef56daddbfae227.jpeg,NOT CARRIED,NOT CARRIED,,NOT CARRIED,NOT CARRIED,,NOT CARRIED,NOT CARRIED,,NOT CARRIED,NOT CARRIED,,NOT CARRIED,NOT CARRIED,,NOT CARRIED,NOT CARRIED,,$13.64,Available,
"Pop-Tarts Pastries, Variety Pack, 2.3 Kg",https://tb-static.uber.com/prod/image-proc/processed_images/c1cf592dbc096b6cbaa1735c6c160319/b4665c191b34baf3d0e0fa45dfdd3d1d.jpeg,NOT CARRIED,NOT CARRIED,,NOT CARRIED,NOT CARRIED,,NOT CARRIED,NOT CARRIED,,$13.32,Available,,NOT CARRIED,NOT CARRIED,,NOT CARRIED,NOT CARRIED,,NOT CARRIED,NOT CARRIED,
"PopCorners Popped Corn Chips Variety pack, White Cheddar Blanc-Kettle Corn-Sea Salt (30 x 28 g)",https://tb-static.uber.com/prod/image-proc/processed_images/d5ccb122ec9f6eab1adcf808c82868dc/957777de4e8d7439bef56daddbfae227.jpeg,NOT CARRIED,NOT CARRIED,,NOT CARRIED,NOT CARRIED,,NOT CARRIED,NOT CARRIED,,NOT CARRIED,NOT CARRIED,,NOT CARRIED,NOT CARRIED,,NOT CARRIED,NOT CARRIED,,$19.72,Available,
Pork Back Ribs (2.5 kg),https://tb-static.uber.com/prod/image-proc/processed_images/3476c11b8e6ee9bf9c5e0cbe41f3c714/b4665c191b34baf3d0e0fa45dfdd3d1d.jpeg,$26.96,Available,,NOT CARRIED,NOT CARRIED,,NOT CARRIED,NOT CARRIED,,NOT CARRIED,NOT CARRIED,,NOT CARRIED,NOT CARRIED,,NOT CARRIED,NOT CARRIED,,$29.30,Available,
"Post Crunch Cereal, Cranberry-Almond (700 g, 2 ct)",https://tb-static.uber.com/prod/image-proc/processed_images/ab12407a55f900c88634889997650a7a/f9586c36ab7db84d09b777cee8c829b1.jpeg,$10.44,Available,,$10.44,Available,,NOT CARRIED,NOT CARRIED,,NOT CARRIED,NOT CARRIED,,NOT CARRIED,NOT CARRIED,,NOT CARRIED,NOT CARRIED,,NOT CARRIED,NOT CARRIED,
"Premier Protein High Protein Shake, Chocolate Peanut Butter (18 x 325 ml)",https://tb-static.uber.com/prod/image-proc/processed_images/dd9b1c0f00efb27386031bedc4756063/b4665c191b34baf3d0e0fa45dfdd3d1d.jpeg,NOT CARRIED,NOT CARRIED,,NOT CARRIED,NOT CARRIED,,NOT CARRIED,NOT CARRIED,,NOT CARRIED,NOT CARRIED,,NOT CARRIED,NOT CARRIED,,NOT CARRIED,NOT CARRIED,,$48.00,Available,
Premium Floral In Vase Arrangement,https://tb-static.uber.com/prod/image-proc/processed_images/cd52419f7b99ec44e228f0a1c89f2b02/b4665c191b34baf3d0e0fa45dfdd3d1d.jpeg,$31.99,Available,,$31.99,Available,,$31.99,Available,,NOT CARRIED,NOT CARRIED,,$31.99,Available,,$31.99,Available,,NOT CARRIED,NOT CARRIED,
"Premium Plus Tops Crackers, Salted (1.35 kg)",https://tb-static.uber.com/prod/image-proc/processed_images/4a4e62e155fb815d02d815b13d463c44/f9586c36ab7db84d09b777cee8c829b1.jpeg,NOT CARRIED,NOT CARRIED,,$10.12,Available,,$10.12,Available,,$10.12,Available,,$10.12,Available,,NOT CARRIED,NOT CARRIED,,NOT CARRIED,NOT CARRIED,
Prime Outdoor Smart Plugs (2 ct),https://tb-static.uber.com/prod/image-proc/processed_images/e0f367c7b1fb40126115b18a6cb5fe19/b4665c191b34baf3d0e0fa45dfdd3d1d.jpeg,NOT CARRIED,NOT CARRIED,,$10.63,Available,,$10.63,Available,,$10.63,Available,,NOT CARRIED,NOT CARRIED,,NOT CARRIED,NOT CARRIED,,NOT CARRIED,NOT CARRIED,
"Pronamel Kids Gentle Mint Toothpaste, 4 X 75 Ml",https://tb-static.uber.com/prod/image-proc/processed_images/20cd8c226ad1db33e56dc93adaa01edf/b4665c191b34baf3d0e0fa45dfdd3d1d.jpeg,$15.99,Available,,$15.99,Available,,$15.99,Available,,$15.99,Available,,$15.99,Available,,$15.99,Available,,NOT CARRIED,NOT CARRIED,
"Prp Papers Inc. 2.25 In. X 60 Ft. Thermal Paper Rolls, Box Of 50, Bpa Free",https://tb-static.uber.com/prod/image-proc/processed_images/88ba6b8ed06eb200dece5a507b5c3ff4/b4665c191b34baf3d0e0fa45dfdd3d1d.jpeg,NOT CARRIED,NOT CARRIED,,NOT CARRIED,NOT CARRIED,,NOT CARRIED,NOT CARRIED,,NOT CARRIED,NOT CARRIED,,NOT CARRIED,NOT CARRIED,,NOT CARRIED,NOT CARRIED,,$15.99,Available,
Puma Lds Lowcut Sock 14Pk Dark Pack Spring 25,https://tb-static.uber.com/prod/image-proc/processed_images/05f7e74634ae12c147eaaf5c8f0aa944/b4665c191b34baf3d0e0fa45dfdd3d1d.jpeg,$21.32,Available,,$21.32,Available,,$21.32,Available,,$21.32,Available,,$21.32,Available,,NOT CARRIED,NOT CARRIED,,NOT CARRIED,NOT CARRIED,
Puma Lds Lowcut Sock 14Pk Light Pack Spring 25,https://tb-static.uber.com/prod/image-proc/processed_images/d63e473c0b44366d8e7cf6376bae2a0d/b4665c191b34baf3d0e0fa45dfdd3d1d.jpeg,NOT CARRIED,NOT CARRIED,,NOT CARRIED,NOT CARRIED,,NOT CARRIED,NOT CARRIED,,NOT CARRIED,NOT CARRIED,,NOT CARRIED,NOT CARRIED,,$21.32,Available,,NOT CARRIED,NOT CARRIED,
"Pure Protein Variety Protein Bars, Chocolate Peanut Butter-Chocolate Deluxe-Chewy Chocolate Chip (18 x 50 g)",https://tb-static.uber.com/prod/image-proc/processed_images/b606da4e664c5965042bf3b1cd1d4f47/f9586c36ab7db84d09b777cee8c829b1.jpeg,$26.66,Available,,$26.66,Available,,$26.66,Available,,$26.66,Available,,$26.66,Available,,$26.66,Available,,NOT CARRIED,NOT CARRIED,
"Pure and Natural Pet 100 % Pure Juice, Pineapple Burst (6 x 1 L)",https://tb-static.uber.com/prod/image-proc/processed_images/adddfcb58363583078e5f54492c34e49/f9586c36ab7db84d09b777cee8c829b1.jpeg,NOT CARRIED,NOT CARRIED,,$12.79,Available,,$12.79,Available,,$12.79,Available,,$12.79,Available,,$12.79,Available,,$12.79,Available,
Purina Friskies Ultra Wet Cat Food Variety pack (48 x 156 g),https://tb-static.uber.com/prod/image-proc/processed_images/69452991b5e3e34845235f34bbbeb147/b4665c191b34baf3d0e0fa45dfdd3d1d.jpeg,$40.53,Available,,NOT CARRIED,NOT CARRIED,,NOT CARRIED,NOT CARRIED,,$40.53,Available,,NOT CARRIED,NOT CARRIED,,NOT CARRIED,NOT CARRIED,,NOT CARRIED,NOT CARRIED,
"Putter'S Kosher Dill Pickles, 4 L",https://tb-static.uber.com/prod/image-proc/processed_images/a813635466679031341e852bd12c0e32/b4665c191b34baf3d0e0fa45dfdd3d1d.jpeg,NOT CARRIED,NOT CARRIED,,NOT CARRIED,NOT CARRIED,,NOT CARRIED,NOT CARRIED,,NOT CARRIED,NOT CARRIED,,NOT CARRIED,NOT CARRIED,,NOT CARRIED,NOT CARRIED,,$12.79,Available,
Q-tips Cotton Swabs (4 x 500 ct),https://tb-static.uber.com/prod/image-proc/processed_images/2e6a916abbd36f60b6c285e32cdd123b/b4665c191b34baf3d0e0fa45dfdd3d1d.jpeg,$14.92,Available,,$14.92,Available,,$14.92,Available,,$14.92,Available,,$14.92,Available,,$14.92,Available,,NOT CARRIED,NOT CARRIED,
Qualicat Extra Dust Control Clumping Cat Litter (22.7 kg),https://tb-static.uber.com/prod/image-proc/processed_images/7fb5aab97d1f56dfd5eb3ccf1a0ee4a9/b4665c191b34baf3d0e0fa45dfdd3d1d.jpeg,$14.92,Available,,$14.92,Available,,$14.92,Available,,NOT CARRIED,NOT CARRIED,,NOT CARRIED,NOT CARRIED,,$14.92,Available,,NOT CARRIED,NOT CARRIED,
Quattro Colli 14 Month Grana Padano Cheese,https://tb-static.uber.com/prod/image-proc/processed_images/f0b18d2166b0f4673905dd105df00b67/b4665c191b34baf3d0e0fa45dfdd3d1d.jpeg,NOT CARRIED,NOT CARRIED,,$27.73,Available,,$28.79,Available,,$28.79,Available,,NOT CARRIED,NOT CARRIED,,$28.79,Available,,$27.73,Available,
Queen Of Greens Fierce Mix (284 g),https://tb-static.uber.com/prod/image-proc/processed_images/f695ee4dcdb6204c35158f35f1c88ad4/b4665c191b34baf3d0e0fa45dfdd3d1d.jpeg,$6.39,Available,,NOT CARRIED,NOT CARRIED,,NOT CARRIED,NOT CARRIED,,NOT CARRIED,NOT CARRIED,,NOT CARRIED,NOT CARRIED,,$6.39,Available,,NOT CARRIED,NOT CARRIED,
"Quest Protein Bars Variety pack, Assorted (14 x 60 g)",https://tb-static.uber.com/prod/image-proc/processed_images/b515c11b5e2744df5f91b30778af8ff5/b4665c191b34baf3d0e0fa45dfdd3d1d.jpeg,NOT CARRIED,NOT CARRIED,,$35.20,Available,,$35.20,Available,,$35.20,Available,,NOT CARRIED,NOT CARRIED,,NOT CARRIED,NOT CARRIED,,NOT CARRIED,NOT CARRIED,
Quinoa Salad,https://tb-static.uber.com/prod/image-proc/processed_images/552640acf60ada5e9e301f68c2e4b69f/b4665c191b34baf3d0e0fa45dfdd3d1d.jpeg,$10.43,Available,,$10.43,Available,,$10.43,Available,,$10.43,Available,,$10.43,Available,,$10.43,Available,,NOT CARRIED,NOT CARRIED,
"RXBAR Protein Bars Variety pack, Chocolate Sea Salt-Peanut Butter Chocolate-Blueberry (14 x 52 g)",https://tb-static.uber.com/prod/image-proc/processed_images/cf6a23921477942213c4cb31df4f5547/b4665c191b34baf3d0e0fa45dfdd3d1d.jpeg,$25.59,Available,,$25.59,Available,,$25.59,Available,,$25.59,Available,,$25.59,Available,,$25.59,Available,,$25.59,Available,
Rao's Homemade Marinara Sauce (2 x 770 g),https://tb-static.uber.com/prod/image-proc/processed_images/69375c316852b8b64a03d848aead3479/f9586c36ab7db84d09b777cee8c829b1.jpeg,$17.06,Available,,$17.06,Available,,$17.06,Available,,$17.06,Available,,$17.06,Available,,$17.06,Available,,$17.06,Available,
"Rapid Classic Plier-Type A-1 Stapler, 50-sheet Capacity",https://tb-static.uber.com/prod/image-proc/processed_images/eda309415827a6f3fffdf4235a2dcf46/0e5313be7a8831b8ed60f8dab3c2df10.jpeg,NOT CARRIED,NOT CARRIED,,NOT CARRIED,NOT CARRIED,,NOT CARRIED,NOT CARRIED,,NOT CARRIED,NOT CARRIED,,NOT CARRIED,NOT CARRIED,,NOT CARRIED,NOT CARRIED,,$30.93,Available,
Raw Extra Shrimp,https://tb-static.uber.com/prod/image-proc/processed_images/113d6b34fc50e69f0d5869a1b1451e82/f9586c36ab7db84d09b777cee8c829b1.jpeg,$17.02,Available,,$17.02,Available,,$17.02,Available,,$17.02,Available,,NOT CARRIED,NOT CARRIED,,$17.02,Available,,NOT CARRIED,NOT CARRIED,
"Rawpack Frozen Turkey + Chicken Blend, 18 × 454 G",https://tb-static.uber.com/prod/image-proc/processed_images/c48719b30b334fac116a94269c871fb3/b4665c191b34baf3d0e0fa45dfdd3d1d.jpeg,NOT CARRIED,NOT CARRIED,,NOT CARRIED,NOT CARRIED,,$53.33,Available,,$53.33,Available,,$53.33,Available,,$53.33,Available,,NOT CARRIED,NOT CARRIED,
"ReaLemon Lemon Juice (945 ml, 2 ct)",https://tb-static.uber.com/prod/image-proc/processed_images/d57543cdbdf61fd28fb80295bd8ffa54/f9586c36ab7db84d09b777cee8c829b1.jpeg,$5.85,Available,,$5.85,Available,,$5.85,Available,,$5.85,Available,,$5.85,Available,,$5.85,Available,,$5.85,Available,
Red Cherries (907 g),https://tb-static.uber.com/prod/image-proc/processed_images/8e07528ba39e76ead7174ab1e7522c79/f9586c36ab7db84d09b777cee8c829b1.jpeg,$15.99,Available,,NOT CARRIED,NOT CARRIED,,NOT CARRIED,NOT CARRIED,,NOT CARRIED,NOT CARRIED,,NOT CARRIED,NOT CARRIED,,NOT CARRIED,NOT CARRIED,,NOT CARRIED,NOT CARRIED,
"Red Lobster Cheddar Bay Biscuit Mix, 1.28 Kg",https://tb-static.uber.com/prod/image-proc/processed_images/9fb1cdacf2858e6be96a00c4c3179c6f/b4665c191b34baf3d0e0fa45dfdd3d1d.jpeg,NOT CARRIED,NOT CARRIED,,NOT CARRIED,NOT CARRIED,,NOT CARRIED,NOT CARRIED,,NOT CARRIED,NOT CARRIED,,NOT CARRIED,NOT CARRIED,,$13.86,Available,,NOT CARRIED,NOT CARRIED,
Red Onions (2.27 Kg / 5 Lb),https://tb-static.uber.com/prod/image-proc/processed_images/a7cd353d340cc0cad59a1a70c785e98c/b4665c191b34baf3d0e0fa45dfdd3d1d.jpeg,$6.39,Available,,$6.39,Available,,$6.39,Available,,$6.39,Available,,$6.39,Available,,$6.39,Available,,NOT CARRIED,NOT CARRIED,
Red Star Active Dry Yeast (908 g),https://tb-static.uber.com/prod/image-proc/processed_images/1c900220fb40f3fc0e3f28a4f9283478/f9586c36ab7db84d09b777cee8c829b1.jpeg,NOT CARRIED,NOT CARRIED,,NOT CARRIED,NOT CARRIED,,NOT CARRIED,NOT CARRIED,,NOT CARRIED,NOT CARRIED,,NOT CARRIED,NOT CARRIED,,NOT CARRIED,NOT CARRIED,,$8.52,Available,
"Remedy Organic Bio No Sugar Kombucha Tea, Wild Berry-Raspberry Lemonade-Mango Passion (18 x 355 ml)",https://tb-static.uber.com/prod/image-proc/processed_images/641394c44e3b7bdc18d78d01a807a2c6/b4665c191b34baf3d0e0fa45dfdd3d1d.jpeg,$26.66,Available,,$26.66,Available,,NOT CARRIED,NOT CARRIED,,$26.66,Available,,$26.66,Available,,$26.66,Available,,NOT CARRIED,NOT CARRIED,
"Renna Seafood Salad In Oil, 2 Kg",https://tb-static.uber.com/prod/image-proc/processed_images/59efe1947cd72d299a79f6859dd0db92/b4665c191b34baf3d0e0fa45dfdd3d1d.jpeg,NOT CARRIED,NOT CARRIED,,NOT CARRIED,NOT CARRIED,,NOT CARRIED,NOT CARRIED,,NOT CARRIED,NOT CARRIED,,NOT CARRIED,NOT CARRIED,,NOT CARRIED,NOT CARRIED,,$39.46,Available,
"Resinite Gold Commercial All-Purpose Plastic Food Wrap, 17 in X 2,500 Ft.",https://tb-static.uber.com/prod/image-proc/processed_images/2945dadd42715a31e88958438e591dd2/b4665c191b34baf3d0e0fa45dfdd3d1d.jpeg,NOT CARRIED,NOT CARRIED,,NOT CARRIED,NOT CARRIED,,NOT CARRIED,NOT CARRIED,,NOT CARRIED,NOT CARRIED,,NOT CARRIED,NOT CARRIED,,NOT CARRIED,NOT CARRIED,,$31.99,Available,
"Resolve Gold Oxi-Action Laundry Stain Remover Trigger, 2 Pack ( 2 X 550 Ml)",https://tb-static.uber.com/prod/image-proc/processed_images/16cc13dc47911b4f68631e0032b79a70/b4665c191b34baf3d0e0fa45dfdd3d1d.jpeg,$17.06,Available,,$17.06,Available,,$17.06,Available,,$17.06,Available,,$17.06,Available,,$17.06,Available,,NOT CARRIED,NOT CARRIED,
Resto Clear Wide-Mouth Squeeze Dispensers 709 ml (6 ct),https://tb-static.uber.com/prod/image-proc/processed_images/ac02f02a36b4313d38b66b79e766b258/b4665c191b34baf3d0e0fa45dfdd3d1d.jpeg,NOT CARRIED,NOT CARRIED,,NOT CARRIED,NOT CARRIED,,NOT CARRIED,NOT CARRIED,,NOT CARRIED,NOT CARRIED,,NOT CARRIED,NOT CARRIED,,NOT CARRIED,NOT CARRIED,,$7.45,Available,
"Resto Squeeze Bottle With Lid 473 ml, Clear (6 ct)",https://tb-static.uber.com/prod/image-proc/processed_images/e37cccaf1468c9b13423106e2ce0da5f/b4665c191b34baf3d0e0fa45dfdd3d1d.jpeg,NOT CARRIED,NOT CARRIED,,NOT CARRIED,NOT CARRIED,,NOT CARRIED,NOT CARRIED,,NOT CARRIED,NOT CARRIED,,NOT CARRIED,NOT CARRIED,,NOT CARRIED,NOT CARRIED,,$5.85,Available,
"Ricola Assorted Flavours, 10 X 18 Lozenges",https://tb-static.uber.com/prod/image-proc/processed_images/03fcb70a3723558e0f6d157998708ae5/b4665c191b34baf3d0e0fa45dfdd3d1d.jpeg,NOT CARRIED,NOT CARRIED,,NOT CARRIED,NOT CARRIED,,NOT CARRIED,NOT CARRIED,,NOT CARRIED,NOT CARRIED,,NOT CARRIED,NOT CARRIED,,NOT CARRIED,NOT CARRIED,,$21.32,Available,
Rio Mare Insalatissime Corn Light Tuna Salad (4 x 160 g),https://tb-static.uber.com/prod/image-proc/processed_images/12c80c6cd460f22bc508cb49eb71aa81/f9586c36ab7db84d09b777cee8c829b1.jpeg,$12.79,Available,,$12.79,Available,,$12.79,Available,,$12.79,Available,,$12.79,Available,,$12.79,Available,,NOT CARRIED,NOT CARRIED,
Rio Mare Solid Light Tuna in Olive Oil (4 x 160 g),https://tb-static.uber.com/prod/image-proc/processed_images/5f06f2e01f7ff254207d200f6119523d/0e5313be7a8831b8ed60f8dab3c2df10.jpeg,$15.46,Available,,NOT CARRIED,NOT CARRIED,,$15.46,Available,,NOT CARRIED,NOT CARRIED,,$15.46,Available,,NOT CARRIED,NOT CARRIED,,NOT CARRIED,NOT CARRIED,
Ristoris Champignons and Black Truffle Sauce (510 g),https://tb-static.uber.com/prod/image-proc/processed_images/ef01fa7ca4b82b28b95faaddb3030834/b4665c191b34baf3d0e0fa45dfdd3d1d.jpeg,NOT CARRIED,NOT CARRIED,,NOT CARRIED,NOT CARRIED,,NOT CARRIED,NOT CARRIED,,NOT CARRIED,NOT CARRIED,,NOT CARRIED,NOT CARRIED,,NOT CARRIED,NOT CARRIED,,$15.99,Available,
"Ritz Original Crackers Club pack (1.74 kg, 18 ct)",https://tb-static.uber.com/prod/image-proc/processed_images/105422246c65abdb1c968781fc219996/b4665c191b34baf3d0e0fa45dfdd3d1d.jpeg,NOT CARRIED,NOT CARRIED,,$15.46,Available,,NOT CARRIED,NOT CARRIED,,NOT CARRIED,NOT CARRIED,,NOT CARRIED,NOT CARRIED,,NOT CARRIED,NOT CARRIED,,NOT CARRIED,NOT CARRIED,
"Rivaj Tandoor Baked Traditional Naan (1.3 kg, 12 ct)",https://tb-static.uber.com/prod/image-proc/processed_images/d03753f907a3c18dda2519ffc846e1c9/b4665c191b34baf3d0e0fa45dfdd3d1d.jpeg,NOT CARRIED,NOT CARRIED,,$5.32,Available,,NOT CARRIED,NOT CARRIED,,NOT CARRIED,NOT CARRIED,,NOT CARRIED,NOT CARRIED,,NOT CARRIED,NOT CARRIED,,$5.32,Available,
Riviera Home Chevron Bath Mat,https://tb-static.uber.com/prod/image-proc/processed_images/bbaab6f11e6aa2114d1eef2fd7c7ea5c/b4665c191b34baf3d0e0fa45dfdd3d1d.jpeg,$5.30,Available,,NOT CARRIED,NOT CARRIED,,$13.83,Available,,NOT CARRIED,NOT CARRIED,,NOT CARRIED,NOT CARRIED,,NOT CARRIED,NOT CARRIED,,NOT CARRIED,NOT CARRIED,
Riviera Home Cotton Woven Bath Mat,https://tb-static.uber.com/prod/image-proc/processed_images/62a99960d842a29263fcbb16789248df/b4665c191b34baf3d0e0fa45dfdd3d1d.jpeg,$21.32,Available,,$21.32,Available,,$21.32,Available,,$21.32,Available,,$21.32,Available,,$21.32,Available,,NOT CARRIED,NOT CARRIED,
"Roadhouse Angus Frozen Burgers, Beef (20 x 151 g)",https://tb-static.uber.com/prod/image-proc/processed_images/195b9ca325cecf071e38be8c8804bfb5/f9586c36ab7db84d09b777cee8c829b1.jpeg,NOT CARRIED,NOT CARRIED,,NOT CARRIED,NOT CARRIED,,NOT CARRIED,NOT CARRIED,,$31.99,Available,,NOT CARRIED,NOT CARRIED,,$31.99,Available,,$31.99,Available,
Robax Platinum Back Pain Relief & Muscle Relaxant Caplets (102 ct),https://tb-static.uber.com/prod/image-proc/processed_images/1488ecef29e3d276d70bf87a35ccba80/b4665c191b34baf3d0e0fa45dfdd3d1d.jpeg,NOT CARRIED,NOT CARRIED,,$39.46,Available,,NOT CARRIED,NOT CARRIED,,$39.46,Available,,$39.46,Available,,$39.46,Available,,NOT CARRIED,NOT CARRIED,
"Robert Irvine Baked Protein Bar, Chocolate Peanut Butter (18 x 46 g)",https://tb-static.uber.com/prod/image-proc/processed_images/5fb5a3ef81fbae2cdc6ba0b9406841fb/f9586c36ab7db84d09b777cee8c829b1.jpeg,$31.99,Available,,$31.99,Available,,$31.99,Available,,$31.99,Available,,NOT CARRIED,NOT CARRIED,,$31.99,Available,,NOT CARRIED,NOT CARRIED,
"Rolland Hitech Copy Paper, 8.5x11 in (800 ct)",https://tb-static.uber.com/prod/image-proc/processed_images/adaf89de19a8d221e6014fd49fa4e285/f9586c36ab7db84d09b777cee8c829b1.jpeg,$13.86,Available,,$13.86,Available,,$13.86,Available,,$13.86,Available,,NOT CARRIED,NOT CARRIED,,$13.86,Available,,NOT CARRIED,NOT CARRIED,
Rose 24-Stem Bouquet,https://tb-static.uber.com/prod/image-proc/processed_images/2b9ba1afdaa7210d59af30930dc629bf/b4665c191b34baf3d0e0fa45dfdd3d1d.jpeg,$25.59,Available,,$25.59,Available,,$25.59,Available,,$25.59,Available,,$25.59,Available,,$25.59,Available,,$25.59,Available,
"Rougemont 100% Juices And Cocktails, Assorted Flavours, (40 x 200 ml)",https://tb-static.uber.com/prod/image-proc/processed_images/721fc92542a6064baae81076a096845b/f9586c36ab7db84d09b777cee8c829b1.jpeg,NOT CARRIED,NOT CARRIED,,NOT CARRIED,NOT CARRIED,,NOT CARRIED,NOT CARRIED,,NOT CARRIED,NOT CARRIED,,NOT CARRIED,NOT CARRIED,,$13.86,Available,,NOT CARRIED,NOT CARRIED,
Rougemont Apple Juice (6 x 2 L),https://tb-static.uber.com/prod/image-proc/processed_images/269a924bcb681dee1fa039cf3f8c6742/f9586c36ab7db84d09b777cee8c829b1.jpeg,$18.12,Available,,$18.12,Available,,NOT CARRIED,NOT CARRIED,,$18.12,Available,,NOT CARRIED,NOT CARRIED,,NOT CARRIED,NOT CARRIED,,NOT CARRIED,NOT CARRIED,
Round Brilliant And Baguette Diamond Circle Pendant (0.17 Ctw),https://tb-static.uber.com/prod/image-proc/processed_images/423d59baba490f042acad570453d8924/b4665c191b34baf3d0e0fa45dfdd3d1d.jpeg,NOT CARRIED,NOT CARRIED,,NOT CARRIED,NOT CARRIED,,NOT CARRIED,NOT CARRIED,,NOT CARRIED,NOT CARRIED,,"$1,016.99",Available,,NOT CARRIED,NOT CARRIED,,NOT CARRIED,NOT CARRIED,
Round Brilliant And Tapered Baguette Diamond North Star Pendant (0.50 Ctw),https://tb-static.uber.com/prod/image-proc/processed_images/c0e50270a4bd11a668187724c3b310b3/b4665c191b34baf3d0e0fa45dfdd3d1d.jpeg,"$1,216.99",Available,,NOT CARRIED,NOT CARRIED,,"$1,216.99",Available,,"$1,216.99",Available,,"$1,216.99",Available,,"$1,216.99",Available,,NOT CARRIED,NOT CARRIED,
Round Brilliant Diamond Necklace (0.40 Ctw),https://tb-static.uber.com/prod/image-proc/processed_images/26c147ec0462bc8959133999256dffbe/b4665c191b34baf3d0e0fa45dfdd3d1d.jpeg,NOT CARRIED,NOT CARRIED,,"$1,116.99",Available,,NOT CARRIED,NOT CARRIED,,NOT CARRIED,NOT CARRIED,,NOT CARRIED,NOT CARRIED,,NOT CARRIED,NOT CARRIED,,NOT CARRIED,NOT CARRIED,
Round Brilliant Diamond Quatrefoil Necklace (0.70 Ctw),https://tb-static.uber.com/prod/image-proc/processed_images/25dd9dc29158ce8f5bbdefea6d8c1e38/b4665c191b34baf3d0e0fa45dfdd3d1d.jpeg,"$1,516.99",Available,,"$1,516.99",Available,,NOT CARRIED,NOT CARRIED,,"$1,516.99",Available,,NOT CARRIED,NOT CARRIED,,NOT CARRIED,NOT CARRIED,,NOT CARRIED,NOT CARRIED,
"Round Brilliant Diamond Ring (0.50 Ctw), Size 7",https://tb-static.uber.com/prod/image-proc/processed_images/b9cbc76e101c9d9e331f936a9cffc9e2/b4665c191b34baf3d0e0fa45dfdd3d1d.jpeg,"$1,116.99",Available,,"$1,116.99",Available,,"$1,116.99",Available,,"$1,116.99",Available,,"$1,116.99",Available,,"$1,116.99",Available,,NOT CARRIED,NOT CARRIED,
"Round Brilliant Diamond Ring (0.70 Ctw), Size 7",https://tb-static.uber.com/prod/image-proc/processed_images/a77d59f15f7eeac0e45988b000c1d8c2/b4665c191b34baf3d0e0fa45dfdd3d1d.jpeg,"$1,516.99",Available,,"$1,516.99",Available,,"$1,516.99",Available,,"$1,516.99",Available,,"$1,516.99",Available,,"$1,516.99",Available,,NOT CARRIED,NOT CARRIED,
"Round Brilliant Diamond Two Row Heart Pendant (0.20 Ctw), White Gold",https://tb-static.uber.com/prod/image-proc/processed_images/7ed397cfaeaff6832746354bc1b47de1/b4665c191b34baf3d0e0fa45dfdd3d1d.jpeg,NOT CARRIED,NOT CARRIED,,NOT CARRIED,NOT CARRIED,,NOT CARRIED,NOT CARRIED,,$766.99,Available,,NOT CARRIED,NOT CARRIED,,$766.99,Available,,NOT CARRIED,NOT CARRIED,
"Royal Asia Vegetable Spring Rolls With Edamame (1.36 kg, 50 ct)",https://tb-static.uber.com/prod/image-proc/processed_images/7f4a8d3ba5fa79c7e7cfc0d985fcbdb5/b4665c191b34baf3d0e0fa45dfdd3d1d.jpeg,NOT CARRIED,NOT CARRIED,,NOT CARRIED,NOT CARRIED,,NOT CARRIED,NOT CARRIED,,NOT CARRIED,NOT CARRIED,,NOT CARRIED,NOT CARRIED,,$15.46,Available,,NOT CARRIED,NOT CARRIED,
Royal Harbour Brasserie Breaded Salt & Pepper Calamari (907 g),https://tb-static.uber.com/prod/image-proc/processed_images/e6245380704000a21966c2bc2761b900/f9586c36ab7db84d09b777cee8c829b1.jpeg,$21.32,Available,,$21.32,Available,,$21.32,Available,,$21.32,Available,,$21.32,Available,,$21.32,Available,,NOT CARRIED,NOT CARRIED,
Royal Sovereign 60 Cup Cooked Commercial Rice Cooker And Warmer,https://tb-static.uber.com/prod/image-proc/processed_images/bc7e0b29cb4411c07298d470c7992862/b4665c191b34baf3d0e0fa45dfdd3d1d.jpeg,NOT CARRIED,NOT CARRIED,,NOT CARRIED,NOT CARRIED,,NOT CARRIED,NOT CARRIED,,NOT CARRIED,NOT CARRIED,,NOT CARRIED,NOT CARRIED,,NOT CARRIED,NOT CARRIED,,$202.71,Available,
"Rudolph's Bavarian Sandwich Bread, Sourdough (2 x 500 g)",https://tb-static.uber.com/prod/image-proc/processed_images/a8cbce1729ec741ef45f79fcf1956058/b4665c191b34baf3d0e0fa45dfdd3d1d.jpeg,$4.79,Available,,$4.79,Available,,$4.79,Available,,$4.79,Available,,$4.79,Available,,$4.79,Available,,$4.79,Available,
Ruffino Chianti Red Wine (1.5 L),https://tb-static.uber.com/prod/image-proc/processed_images/82b9f67d1b515d64fde1dffb0d50b100/b4665c191b34baf3d0e0fa45dfdd3d1d.jpeg,NOT CARRIED,NOT CARRIED,,NOT CARRIED,NOT CARRIED,,NOT CARRIED,NOT CARRIED,,NOT CARRIED,NOT CARRIED,,$28.79,Available,,NOT CARRIED,NOT CARRIED,,NOT CARRIED,NOT CARRIED,
Ruffles All Dressed Potato Chips (612 g),https://tb-static.uber.com/prod/image-proc/processed_images/89f4bb7d6003b655aafe1e9a2ae95829/f9586c36ab7db84d09b777cee8c829b1.jpeg,$8.52,Available,,$8.52,Available,,$8.52,Available,,$8.52,Available,,$8.52,Available,,$8.52,Available,,NOT CARRIED,NOT CARRIED,
"Ruffles Potato Chips Variety pack, Bar B Q-All Dressed-Regular Nature-Sour Cream Onion (36 x 28 g)",https://tb-static.uber.com/prod/image-proc/processed_images/fdaa0e64905a598b90a86fb1de286c84/b4665c191b34baf3d0e0fa45dfdd3d1d.jpeg,NOT CARRIED,NOT CARRIED,,NOT CARRIED,NOT CARRIED,,NOT CARRIED,NOT CARRIED,,NOT CARRIED,NOT CARRIED,,NOT CARRIED,NOT CARRIED,,NOT CARRIED,NOT CARRIED,,$18.66,Available,
Ruffles Regular Potato Chips (612 g),https://tb-static.uber.com/prod/image-proc/processed_images/3318c034cbd5c282784abc4b76f3555c/f9586c36ab7db84d09b777cee8c829b1.jpeg,NOT CARRIED,NOT CARRIED,,NOT CARRIED,NOT CARRIED,,NOT CARRIED,NOT CARRIED,,NOT CARRIED,NOT CARRIED,,NOT CARRIED,NOT CARRIED,,NOT CARRIED,NOT CARRIED,,$8.52,Available,
Rummo Gluten Free Pasta (6 x 340 g),https://tb-static.uber.com/prod/image-proc/processed_images/211f6c976f0876b53e291f5a1a8cec17/b4665c191b34baf3d0e0fa45dfdd3d1d.jpeg,NOT CARRIED,NOT CARRIED,,$19.19,Available,,NOT CARRIED,NOT CARRIED,,NOT CARRIED,NOT CARRIED,,NOT CARRIED,NOT CARRIED,,NOT CARRIED,NOT CARRIED,,NOT CARRIED,NOT CARRIED,
"Russet House Straight Cut Sweet Potato Fries, 2.27 Kg",https://tb-static.uber.com/prod/image-proc/processed_images/11aa9850dd4576070fbef09b96d35a93/b4665c191b34baf3d0e0fa45dfdd3d1d.jpeg,$13.86,Available,,$13.86,Available,,$13.86,Available,,$13.86,Available,,$13.86,Available,,$13.86,Available,,NOT CARRIED,NOT CARRIED,
SKIN1004 Madagascar Centella Ampoule Facial Serum (2 x 120 ml),https://tb-static.uber.com/prod/image-proc/processed_images/d28577171aaca0fef48fae14c0b0d8e7/b4665c191b34baf3d0e0fa45dfdd3d1d.jpeg,$42.66,Available,,$42.66,Available,,$42.66,Available,,$42.66,Available,,$42.66,Available,,$42.66,Available,,NOT CARRIED,NOT CARRIED,
SKIN1004 Madagascar Centella Probio Cica Ultimate Set,https://tb-static.uber.com/prod/image-proc/processed_images/f4c3ea18bf580098a6e7301b768003a6/b4665c191b34baf3d0e0fa45dfdd3d1d.jpeg,$53.33,Available,,$53.33,Available,,$53.33,Available,,$53.33,Available,,$53.33,Available,,$53.33,Available,,NOT CARRIED,NOT CARRIED,
"Sable Black Grapes, 3 Lb",https://tb-static.uber.com/prod/image-proc/processed_images/d20afa00fbe4f89c241f615d0ddec926/b4665c191b34baf3d0e0fa45dfdd3d1d.jpeg,NOT CARRIED,NOT CARRIED,,$13.86,Available,,$13.86,Available,,$13.86,Available,,$13.86,Available,,$13.86,Available,,NOT CARRIED,NOT CARRIED,
Sagetra One-Sixth Size Slotted Rectangular Steam Pan Cover,https://tb-static.uber.com/prod/image-proc/processed_images/5539aa38ee8374c1d3b963e94c52b21d/b4665c191b34baf3d0e0fa45dfdd3d1d.jpeg,NOT CARRIED,NOT CARRIED,,NOT CARRIED,NOT CARRIED,,NOT CARRIED,NOT CARRIED,,NOT CARRIED,NOT CARRIED,,NOT CARRIED,NOT CARRIED,,NOT CARRIED,NOT CARRIED,,$3.72,Available,
Salton 4 Slice Touchscreen Toaster,https://tb-static.uber.com/prod/image-proc/processed_images/664180d778a1803e21d124672ce3a333/b4665c191b34baf3d0e0fa45dfdd3d1d.jpeg,$74.67,Available,,$74.67,Available,,NOT CARRIED,NOT CARRIED,,$74.67,Available,,NOT CARRIED,NOT CARRIED,,$74.67,Available,,NOT CARRIED,NOT CARRIED,
"Samsung 65"" Class - Q8F Series - 4K Uhd Qled Tv",https://tb-static.uber.com/prod/image-proc/processed_images/c911af7d840db113ff03a0f4a067a918/b4665c191b34baf3d0e0fa45dfdd3d1d.jpeg,"$1,213.99",Available,25% off,"$1,213.99",Available,25% off,"$1,213.99",Available,25% off,"$1,213.99",Available,25% off,NOT CARRIED,NOT CARRIED,,"$1,213.99",Available,25% off,NOT CARRIED,NOT CARRIED,
San Pellegrino Carbonated Natural Mineral Water (12 x 750 ml),https://tb-static.uber.com/prod/image-proc/processed_images/1056dd581d416472d70c8a48f610385e/b4665c191b34baf3d0e0fa45dfdd3d1d.jpeg,$26.66,Available,,$26.66,Available,,$26.66,Available,,$26.66,Available,,$26.66,Available,,$26.66,Available,,NOT CARRIED,NOT CARRIED,
San Pellegrino Carbonated Natural Mineral Water (8 x 330 ml),https://tb-static.uber.com/prod/image-proc/processed_images/50dcb17f9a73a3d6744283c151dfb686/b4665c191b34baf3d0e0fa45dfdd3d1d.jpeg,NOT CARRIED,NOT CARRIED,,NOT CARRIED,NOT CARRIED,,NOT CARRIED,NOT CARRIED,,NOT CARRIED,NOT CARRIED,,NOT CARRIED,NOT CARRIED,,NOT CARRIED,NOT CARRIED,,$24.53,Available,
"San Pellegrino Naturali Italian Sparkling Drink (24 pack, 0.33 L) (Orange)",https://tb-static.uber.com/prod/image-proc/processed_images/97b5266df41eb5b307d1ca94a2dbb48f/b4665c191b34baf3d0e0fa45dfdd3d1d.jpeg,NOT CARRIED,NOT CARRIED,,NOT CARRIED,NOT CARRIED,,NOT CARRIED,NOT CARRIED,,NOT CARRIED,NOT CARRIED,,NOT CARRIED,NOT CARRIED,,NOT CARRIED,NOT CARRIED,,$24.53,Available,
"San Pellegrino Naturali Italian Sparkling Drinks, Aranciata Rossa-Limonata (2 x 330 ml)",https://tb-static.uber.com/prod/image-proc/processed_images/44bebeb6d9ef8b31f827e583ecc04bfe/f9586c36ab7db84d09b777cee8c829b1.jpeg,NOT CARRIED,NOT CARRIED,,NOT CARRIED,NOT CARRIED,,$24.53,Available,,NOT CARRIED,NOT CARRIED,,NOT CARRIED,NOT CARRIED,,NOT CARRIED,NOT CARRIED,,NOT CARRIED,NOT CARRIED,
"Sandbagger Hard Seltzer Mixed Variety pack, Assorted (24 x 355 ml)",https://tb-static.uber.com/prod/image-proc/processed_images/aeba500bb3f00b4a7c5003db570cc19a/b4665c191b34baf3d0e0fa45dfdd3d1d.jpeg,$57.39,Available,,NOT CARRIED,NOT CARRIED,,NOT CARRIED,NOT CARRIED,,$57.39,Available,,$57.39,Available,,NOT CARRIED,NOT CARRIED,,NOT CARRIED,NOT CARRIED,
"Santa Lucia 50 G Bocconcini Cheese, 1.5 Kg",https://tb-static.uber.com/prod/image-proc/processed_images/1deb098a765be698a5fa9e2003c214ad/b4665c191b34baf3d0e0fa45dfdd3d1d.jpeg,NOT CARRIED,NOT CARRIED,,NOT CARRIED,NOT CARRIED,,NOT CARRIED,NOT CARRIED,,NOT CARRIED,NOT CARRIED,,NOT CARRIED,NOT CARRIED,,NOT CARRIED,NOT CARRIED,,$22.39,Available,
Santa Lucia Fior Di Latte Soft Cheese (2 x 250 g),https://tb-static.uber.com/prod/image-proc/processed_images/750246e47785f39068fbc0536fa67a5a/b4665c191b34baf3d0e0fa45dfdd3d1d.jpeg,$8.52,Available,,NOT CARRIED,NOT CARRIED,,$8.52,Available,,NOT CARRIED,NOT CARRIED,,$8.52,Available,,$8.52,Available,,NOT CARRIED,NOT CARRIED,
Santa Lucía Mini Bocconcini Soft Cheese (500 g),https://tb-static.uber.com/prod/image-proc/processed_images/9d74ad63685b702b0b1df9a1a9460e46/f9586c36ab7db84d09b777cee8c829b1.jpeg,$8.52,Available,,$8.52,Available,,$8.52,Available,,$8.52,Available,,$8.52,Available,,$8.52,Available,,NOT CARRIED,NOT CARRIED,
Saporito Peanut Oil 2.84 L,https://tb-static.uber.com/prod/image-proc/processed_images/4e74f6db5f4140a16cfe3f44fa63587a/b4665c191b34baf3d0e0fa45dfdd3d1d.jpeg,$17.06,Available,,NOT CARRIED,NOT CARRIED,,NOT CARRIED,NOT CARRIED,,NOT CARRIED,NOT CARRIED,,NOT CARRIED,NOT CARRIED,,NOT CARRIED,NOT CARRIED,,NOT CARRIED,NOT CARRIED,
Sapporo Premium Beer (24 x 355 ml),https://tb-static.uber.com/prod/image-proc/processed_images/5b44d4e84b4e2ac7c02efdc3bfee0889/b4665c191b34baf3d0e0fa45dfdd3d1d.jpeg,$52.27,Available,,$52.27,Available,,NOT CARRIED,NOT CARRIED,,$52.27,Available,,NOT CARRIED,NOT CARRIED,,$52.27,Available,,NOT CARRIED,NOT CARRIED,
"Sapsucker Sparkling Water, Assorted (24 x 355 ml)",https://tb-static.uber.com/prod/image-proc/processed_images/06539b0e703448754b6dc8f508b6c808/b4665c191b34baf3d0e0fa45dfdd3d1d.jpeg,NOT CARRIED,NOT CARRIED,,NOT CARRIED,NOT CARRIED,,NOT CARRIED,NOT CARRIED,,NOT CARRIED,NOT CARRIED,,$29.86,Available,,$29.86,Available,,NOT CARRIED,NOT CARRIED,
"Saputo Dore-Mi Plain Halloumi, 2 × 300 G",https://tb-static.uber.com/prod/image-proc/processed_images/38a5f9001b9d8ab5acf641e89deb26a0/b4665c191b34baf3d0e0fa45dfdd3d1d.jpeg,$14.92,Available,,NOT CARRIED,NOT CARRIED,,$14.92,Available,,NOT CARRIED,NOT CARRIED,,$14.92,Available,,$14.92,Available,,$14.92,Available,
"Saputo Parmesan Petals, 750 G",https://tb-static.uber.com/prod/image-proc/processed_images/feff0ad7659b7c93bfe0b25b1655ec93/b4665c191b34baf3d0e0fa45dfdd3d1d.jpeg,$19.72,Available,,NOT CARRIED,NOT CARRIED,,NOT CARRIED,NOT CARRIED,,NOT CARRIED,NOT CARRIED,,$19.72,Available,,$19.72,Available,,NOT CARRIED,NOT CARRIED,
Saputo Provolone Natural Sliced Cheese (620 g),https://tb-static.uber.com/prod/image-proc/processed_images/9df4d23b968309b1910ec1b39ba08a05/f9586c36ab7db84d09b777cee8c829b1.jpeg,$14.92,Available,,NOT CARRIED,NOT CARRIED,,NOT CARRIED,NOT CARRIED,,NOT CARRIED,NOT CARRIED,,NOT CARRIED,NOT CARRIED,,NOT CARRIED,NOT CARRIED,,$14.92,Available,
Sardo Premium Herb and Garlic Marinated Shrimp Salad (1 L),https://tb-static.uber.com/prod/image-proc/processed_images/fdbcd575d39598a29539a2f0296273d2/b4665c191b34baf3d0e0fa45dfdd3d1d.jpeg,$15.97,Available,,NOT CARRIED,NOT CARRIED,,NOT CARRIED,NOT CARRIED,,NOT CARRIED,NOT CARRIED,,NOT CARRIED,NOT CARRIED,,$15.97,Available,,NOT CARRIED,NOT CARRIED,
Sargent Farms Split Roaster Wings (5 kg),https://tb-static.uber.com/prod/image-proc/processed_images/aae1102e59f119725ee826e4b7846e92/b4665c191b34baf3d0e0fa45dfdd3d1d.jpeg,NOT CARRIED,NOT CARRIED,,NOT CARRIED,NOT CARRIED,,NOT CARRIED,NOT CARRIED,,NOT CARRIED,NOT CARRIED,,NOT CARRIED,NOT CARRIED,,NOT CARRIED,NOT CARRIED,,$48.00,Available,
Sashimi Platter,https://tb-static.uber.com/prod/image-proc/processed_images/ae519218042bac068b05c25223a3156a/b4665c191b34baf3d0e0fa45dfdd3d1d.jpeg,NOT CARRIED,NOT CARRIED,,NOT CARRIED,NOT CARRIED,,NOT CARRIED,NOT CARRIED,,NOT CARRIED,NOT CARRIED,,$38.08,Available,,NOT CARRIED,NOT CARRIED,,NOT CARRIED,NOT CARRIED,
"Savon Bleu Hand Soap, 4 × 473 Ml",https://tb-static.uber.com/prod/image-proc/processed_images/543e397d8ddfaf6b07672a56e54c3f02/b4665c191b34baf3d0e0fa45dfdd3d1d.jpeg,$20.26,Available,,$20.26,Available,,$20.26,Available,,$20.26,Available,,$20.26,Available,,$20.26,Available,,NOT CARRIED,NOT CARRIED,
Schaaf Foods Golden & Marble Loaf Cakes (3 x 375 g),https://tb-static.uber.com/prod/image-proc/processed_images/647a03669d09fb9ff463e1fddae2c7ec/b4665c191b34baf3d0e0fa45dfdd3d1d.jpeg,$10.55,Available,,$10.55,Available,,$10.55,Available,,$10.55,Available,,$10.55,Available,,$10.55,Available,,NOT CARRIED,NOT CARRIED,
"Schick Xtreme3 Sensitive Skin Disposable Razors, Black (28 ct)",https://tb-static.uber.com/prod/image-proc/processed_images/851b206ac553f2a306b79d2e0b0f9e53/b4665c191b34baf3d0e0fa45dfdd3d1d.jpeg,NOT CARRIED,NOT CARRIED,,NOT CARRIED,NOT CARRIED,,NOT CARRIED,NOT CARRIED,,NOT CARRIED,NOT CARRIED,,NOT CARRIED,NOT CARRIED,,NOT CARRIED,NOT CARRIED,,$26.66,Available,
"School Safe Banana Chocolate Chip Muffin Bars, 20 × 40 G",https://tb-static.uber.com/prod/image-proc/processed_images/706b1b46fd8234ef5e16918b528eb72d/b4665c191b34baf3d0e0fa45dfdd3d1d.jpeg,NOT CARRIED,NOT CARRIED,,$9.59,Available,,NOT CARRIED,NOT CARRIED,,NOT CARRIED,NOT CARRIED,,NOT CARRIED,NOT CARRIED,,NOT CARRIED,NOT CARRIED,,$9.59,Available,
"Schwartz Brothers Bakery Organic Everything Bagel Chips, 425 G",https://tb-static.uber.com/prod/image-proc/processed_images/4046fe593232a7389c07fb38854b4a85/b4665c191b34baf3d0e0fa45dfdd3d1d.jpeg,$11.72,Available,,$11.72,Available,,$11.72,Available,,$11.72,Available,,$11.72,Available,,$11.72,Available,,$11.72,Available,
"Scotch Magic Tape And Gift-Wrap Tape, Reusable Dispensers, 6-Pack",https://tb-static.uber.com/prod/image-proc/processed_images/0267963d9f8dbbf87292dd624270d1a6/b4665c191b34baf3d0e0fa45dfdd3d1d.jpeg,$17.06,Available,,$17.06,Available,,$17.06,Available,,$17.06,Available,,$17.06,Available,,$17.06,Available,,$17.06,Available,
"Scotch Packaging Tape, 1.88 in X 109 yd (8 ct)",https://tb-static.uber.com/prod/image-proc/processed_images/13f981e797c69baebb078ac155448cce/b4665c191b34baf3d0e0fa45dfdd3d1d.jpeg,$21.32,Available,,$21.32,Available,,$21.32,Available,,$21.32,Available,,$21.32,Available,,$21.32,Available,,NOT CARRIED,NOT CARRIED,
"Scotch-Brite Flex Scrub Non-Scratch Sponges, 8-Pack",https://tb-static.uber.com/prod/image-proc/processed_images/7d85efbe69c0dba9e9f581a4d442796c/b4665c191b34baf3d0e0fa45dfdd3d1d.jpeg,NOT CARRIED,NOT CARRIED,,NOT CARRIED,NOT CARRIED,,$15.97,Available,,$15.97,Available,,NOT CARRIED,NOT CARRIED,,$15.97,Available,,NOT CARRIED,NOT CARRIED,
Scotch-Brite Zero Scratch Scrub Sponges (24 ct),https://tb-static.uber.com/prod/image-proc/processed_images/27b07bf782a68bee46b6ed1ae9b76954/b4665c191b34baf3d0e0fa45dfdd3d1d.jpeg,$19.72,Available,,$19.72,Available,,$19.72,Available,,$19.72,Available,,$19.72,Available,,$19.72,Available,,NOT CARRIED,NOT CARRIED,
"Scotties Premium Facial Tissue, 21-Pack",https://tb-static.uber.com/prod/image-proc/processed_images/dd601f1de56aae5f4a43647cf3305836/b4665c191b34baf3d0e0fa45dfdd3d1d.jpeg,$29.86,Available,,$29.86,Available,,$29.86,Available,,$29.86,Available,,$29.86,Available,,$29.86,Available,,NOT CARRIED,NOT CARRIED,
Scotts Supreme Grass Seed (3.8 kg),https://tb-static.uber.com/prod/image-proc/processed_images/307b291c444f6e40a79127a51cf48408/b4665c191b34baf3d0e0fa45dfdd3d1d.jpeg,$31.99,Available,,$31.99,Available,,$31.99,Available,,$31.99,Available,,$31.99,Available,,$31.99,Available,,NOT CARRIED,NOT CARRIED,
Scotts Turf Builder Green Max Grass Seed Mix (8 kg),https://tb-static.uber.com/prod/image-proc/processed_images/a74b3146bf7a343bc8b533ee64703104/b4665c191b34baf3d0e0fa45dfdd3d1d.jpeg,$74.67,Available,,$74.67,Available,,$74.67,Available,,$74.67,Available,,NOT CARRIED,NOT CARRIED,,NOT CARRIED,NOT CARRIED,,NOT CARRIED,NOT CARRIED,
Scotts® Ez Seed® Grass Seed Mix  11.3Kg,https://tb-static.uber.com/prod/image-proc/processed_images/cc15658b72cc4021c08f919b65f9f58b/b4665c191b34baf3d0e0fa45dfdd3d1d.jpeg,$85.34,Available,,$85.34,Available,,$85.34,Available,,$85.34,Available,,$85.34,Available,,$85.34,Available,,NOT CARRIED,NOT CARRIED,
Sealtest 10% Half & Half Cream (1L),https://tb-static.uber.com/prod/image-proc/processed_images/8708df7299943d64cbfcc68cd1469e9c/b4665c191b34baf3d0e0fa45dfdd3d1d.jpeg,$3.29,Available,,$3.29,Available,,$3.29,Available,,NOT CARRIED,NOT CARRIED,,$3.29,Available,,$3.29,Available,,NOT CARRIED,NOT CARRIED,
Sealtest 18% M.f. Table Cream (1 L),https://tb-static.uber.com/prod/image-proc/processed_images/7940549bf6fdf5bf56b30ede015e1869/2ecda260bcb4a75235533df4a61ef085.jpeg,NOT CARRIED,NOT CARRIED,,NOT CARRIED,NOT CARRIED,,NOT CARRIED,NOT CARRIED,,NOT CARRIED,NOT CARRIED,,NOT CARRIED,NOT CARRIED,,NOT CARRIED,NOT CARRIED,,$4.68,Available,
Seasoned Chicken Wings,https://tb-static.uber.com/prod/image-proc/processed_images/26324a156e46b5680f9e560f7f615df0/b4665c191b34baf3d0e0fa45dfdd3d1d.jpeg,$26.11,Available,,$26.11,Available,,$26.11,Available,,$26.11,Available,,$26.11,Available,,$26.11,Available,,NOT CARRIED,NOT CARRIED,
Seasoned Rotisserie Chicken,https://tb-static.uber.com/prod/image-proc/processed_images/35c7e85de4b816014205350728ab68e8/b4665c191b34baf3d0e0fa45dfdd3d1d.jpeg,$8.52,Available,,$8.52,Available,,$8.52,Available,,$8.52,Available,,$8.52,Available,,$8.52,Available,,NOT CARRIED,NOT CARRIED,
Seedless Green Grapes (1.36 kg/ 3 Lb),https://tb-static.uber.com/prod/image-proc/processed_images/2c4bca14a698b0a1b2eb94c90a57cf4a/b4665c191b34baf3d0e0fa45dfdd3d1d.jpeg,$12.79,Available,,$12.79,Available,,$12.79,Available,,$12.79,Available,,$12.79,Available,,$12.79,Available,,$12.79,Available,
"Seedless Red Grapes, 1.36 Kg",https://tb-static.uber.com/prod/image-proc/processed_images/5309f86ae153715d4686d455ec4dabbd/b4665c191b34baf3d0e0fa45dfdd3d1d.jpeg,$12.79,Available,,$12.79,Available,,$12.79,Available,,$12.79,Available,,$12.79,Available,,$12.79,Available,,$12.79,Available,
"Seiko Chronograph Wristwatch, Men",https://tb-static.uber.com/prod/image-proc/processed_images/49abe5fd085b90f1884ca1640cabef6e/b4665c191b34baf3d0e0fa45dfdd3d1d.jpeg,$296.99,Available,,NOT CARRIED,NOT CARRIED,,$296.99,Available,,NOT CARRIED,NOT CARRIED,,$296.99,Available,,NOT CARRIED,NOT CARRIED,,NOT CARRIED,NOT CARRIED,
"Sekkisei Emulsion Moisturizer, 140 Ml + 70 Ml",https://tb-static.uber.com/prod/image-proc/processed_images/a4d88b5a607e05c0cd6506a9cd00580d/b4665c191b34baf3d0e0fa45dfdd3d1d.jpeg,$61.87,Available,,$61.87,Available,,NOT CARRIED,NOT CARRIED,,NOT CARRIED,NOT CARRIED,,NOT CARRIED,NOT CARRIED,,$61.87,Available,,NOT CARRIED,NOT CARRIED,
Selaks Sauvignon Blanc Of Marlborough Wine (750 ml),https://tb-static.uber.com/prod/image-proc/processed_images/a6e0b592576d83fd8c0c525df3cb2af9/b4665c191b34baf3d0e0fa45dfdd3d1d.jpeg,$14.87,Available,,NOT CARRIED,NOT CARRIED,,NOT CARRIED,NOT CARRIED,,$14.87,Available,,NOT CARRIED,NOT CARRIED,,NOT CARRIED,NOT CARRIED,,NOT CARRIED,NOT CARRIED,
Sell By Case Boneless Skinless Chicken Thighs,https://tb-static.uber.com/prod/image-proc/processed_images/7acf42d564047c3cb6db651c1c5238b1/b4665c191b34baf3d0e0fa45dfdd3d1d.jpeg,$188.04,Available,,$188.04,Available,,$188.04,Available,,$188.04,Available,,$188.04,Available,,$188.04,Available,,NOT CARRIED,NOT CARRIED,
Sell By Case Split Chicken Wings,https://tb-static.uber.com/prod/image-proc/processed_images/2e8a73070906ccc547665ffe9543311f/b4665c191b34baf3d0e0fa45dfdd3d1d.jpeg,$127.80,Available,,$127.80,Available,,$127.80,Available,,$127.80,Available,,$127.80,Available,,$127.80,Available,,NOT CARRIED,NOT CARRIED,
Sell By Case Whole Atlantic Salmon Fillet,https://tb-static.uber.com/prod/image-proc/processed_images/ec769858cd771edae0a3f13fa09e6e85/b4665c191b34baf3d0e0fa45dfdd3d1d.jpeg,NOT CARRIED,NOT CARRIED,,NOT CARRIED,NOT CARRIED,,$78.12,Available,,NOT CARRIED,NOT CARRIED,,NOT CARRIED,NOT CARRIED,,NOT CARRIED,NOT CARRIED,,NOT CARRIED,NOT CARRIED,
"Senokot Natural Laxative, 200 Senna Tablets",https://tb-static.uber.com/prod/image-proc/processed_images/df64c0b94d3cef000c25b6c4956d3dfd/b4665c191b34baf3d0e0fa45dfdd3d1d.jpeg,NOT CARRIED,NOT CARRIED,,$23.46,Available,,$23.46,Available,,$23.46,Available,,NOT CARRIED,NOT CARRIED,,NOT CARRIED,NOT CARRIED,,NOT CARRIED,NOT CARRIED,
"Sensible Portions Garden Veggie Straws, 475 G",https://tb-static.uber.com/prod/image-proc/processed_images/122250dafbff672b83f7501d8f8917cf/b4665c191b34baf3d0e0fa45dfdd3d1d.jpeg,$7.45,Available,,$7.45,Available,,$7.45,Available,,$7.45,Available,,$7.45,Available,,$7.45,Available,,NOT CARRIED,NOT CARRIED,
Sensodyne Repair & Protect Toothpaste (5 x 75 ml),https://tb-static.uber.com/prod/image-proc/processed_images/f564415f3e1797c51f7386a8d8110d01/0e5313be7a8831b8ed60f8dab3c2df10.jpeg,NOT CARRIED,NOT CARRIED,,NOT CARRIED,NOT CARRIED,,$28.79,Available,,NOT CARRIED,NOT CARRIED,,$28.79,Available,,NOT CARRIED,NOT CARRIED,,NOT CARRIED,NOT CARRIED,
Sensodyne Whitening Toothpaste (4 x 145 ml),https://tb-static.uber.com/prod/image-proc/processed_images/f67aeae551a10a50a2293bc3a3b7fc9c/f9586c36ab7db84d09b777cee8c829b1.jpeg,$21.32,Available,,$21.32,Available,,$21.32,Available,,$21.32,Available,,$21.32,Available,,$21.32,Available,,$21.32,Available,
Serene Home Collection - Bath Sheet,https://tb-static.uber.com/prod/image-proc/processed_images/a161c898310cc8b3cd41a580c46ff9d8/b4665c191b34baf3d0e0fa45dfdd3d1d.jpeg,NOT CARRIED,NOT CARRIED,,$19.19,Available,,NOT CARRIED,NOT CARRIED,,$5.30,Available,,$5.30,Available,,$5.30,Available,,NOT CARRIED,NOT CARRIED,
"Serene Home Collection Wash Cloth Set, 4-Pack",https://tb-static.uber.com/prod/image-proc/processed_images/e0a437978e429301e80c80561a010c10/b4665c191b34baf3d0e0fa45dfdd3d1d.jpeg,NOT CARRIED,NOT CARRIED,,NOT CARRIED,NOT CARRIED,,NOT CARRIED,NOT CARRIED,,NOT CARRIED,NOT CARRIED,,$13.86,Available,,NOT CARRIED,NOT CARRIED,,NOT CARRIED,NOT CARRIED,
"ShaSha Variety Snaps Biscuits pack, Blueberry-Raspberry (32 x 30 g)",https://tb-static.uber.com/prod/image-proc/processed_images/56484ff671f0dad15be8778583e09f85/b4665c191b34baf3d0e0fa45dfdd3d1d.jpeg,$15.99,Available,,NOT CARRIED,NOT CARRIED,,$15.99,Available,,$15.99,Available,,NOT CARRIED,NOT CARRIED,,$15.99,Available,,NOT CARRIED,NOT CARRIED,
Shakti Pure Desi Ghee (1.6 kg),https://tb-static.uber.com/prod/image-proc/processed_images/b33e1a6eff7c998cf2b3872ba032ec43/f9586c36ab7db84d09b777cee8c829b1.jpeg,NOT CARRIED,NOT CARRIED,,$26.66,Available,,NOT CARRIED,NOT CARRIED,,NOT CARRIED,NOT CARRIED,,NOT CARRIED,NOT CARRIED,,NOT CARRIED,NOT CARRIED,,NOT CARRIED,NOT CARRIED,
"Sharpie Highlighter, Yellow (36 ct)",https://tb-static.uber.com/prod/image-proc/processed_images/678c7a8b9bd75249469b0e6a41819290/b4665c191b34baf3d0e0fa45dfdd3d1d.jpeg,NOT CARRIED,NOT CARRIED,,NOT CARRIED,NOT CARRIED,,NOT CARRIED,NOT CARRIED,,NOT CARRIED,NOT CARRIED,,NOT CARRIED,NOT CARRIED,,NOT CARRIED,NOT CARRIED,,$20.26,Available,
"Shepherd Gourmet Dairy Crumbled Cow Feta, 1 Kg",https://tb-static.uber.com/prod/image-proc/processed_images/f53c522a0b2fc879db8c3e1182ed1a16/b4665c191b34baf3d0e0fa45dfdd3d1d.jpeg,NOT CARRIED,NOT CARRIED,,NOT CARRIED,NOT CARRIED,,NOT CARRIED,NOT CARRIED,,NOT CARRIED,NOT CARRIED,,NOT CARRIED,NOT CARRIED,,NOT CARRIED,NOT CARRIED,,$13.86,Available,
Shrimp Cocktail,https://tb-static.uber.com/prod/image-proc/processed_images/f27dac0b36a43ebd2a3afba23c807770/b4665c191b34baf3d0e0fa45dfdd3d1d.jpeg,$19.71,Available,,$19.71,Available,,$19.71,Available,,$19.71,Available,,$19.71,Available,,$19.71,Available,,NOT CARRIED,NOT CARRIED,
Sifto SafeStep Ice Salt,https://tb-static.uber.com/prod/image-proc/processed_images/beacfac90b8f994bda5de9d1dd78e15a/f9586c36ab7db84d09b777cee8c829b1.jpeg,NOT CARRIED,NOT CARRIED,,NOT CARRIED,NOT CARRIED,,$7.99,Available,,NOT CARRIED,NOT CARRIED,,NOT CARRIED,NOT CARRIED,,$7.99,Available,,$7.99,Available,
Sigma High Performance Stretch Film (4 ct),https://tb-static.uber.com/prod/image-proc/processed_images/4c0ac85cc487a8fc3ba76894d8e0a738/b4665c191b34baf3d0e0fa45dfdd3d1d.jpeg,NOT CARRIED,NOT CARRIED,,NOT CARRIED,NOT CARRIED,,NOT CARRIED,NOT CARRIED,,NOT CARRIED,NOT CARRIED,,NOT CARRIED,NOT CARRIED,,NOT CARRIED,NOT CARRIED,,$42.66,Available,
Sikorski Garlic Sausages,https://tb-static.uber.com/prod/image-proc/processed_images/e9cf7e4e4d61331903d78c672dc9559d/b4665c191b34baf3d0e0fa45dfdd3d1d.jpeg,NOT CARRIED,NOT CARRIED,,$15.99,Available,,$15.99,Available,,$15.99,Available,,$15.99,Available,,NOT CARRIED,NOT CARRIED,,NOT CARRIED,NOT CARRIED,
"Silver Hills Organic Sprouted Soft Wheat Bread, 2 X 680 G",https://tb-static.uber.com/prod/image-proc/processed_images/b482c4f4f3c417658e15691b2049b3fa/b4665c191b34baf3d0e0fa45dfdd3d1d.jpeg,$10.12,Available,,$10.12,Available,,$10.12,Available,,$10.12,Available,,$10.12,Available,,$10.12,Available,,NOT CARRIED,NOT CARRIED,
"Simply Protein Crispy Snack Bars, 18 × 40 G",https://tb-static.uber.com/prod/image-proc/processed_images/2f41ab1d1827a032f7f25e64711889c1/b4665c191b34baf3d0e0fa45dfdd3d1d.jpeg,$24.53,Available,,$24.53,Available,,$24.53,Available,,$24.53,Available,,$24.53,Available,,$24.53,Available,,NOT CARRIED,NOT CARRIED,
"SkinnyPop Popcorn, Mais Souffle (397 g)",https://tb-static.uber.com/prod/image-proc/processed_images/ea8c0400473a1000c3fe13a195342de4/f9586c36ab7db84d09b777cee8c829b1.jpeg,$8.52,Available,,NOT CARRIED,NOT CARRIED,,$8.52,Available,,NOT CARRIED,NOT CARRIED,,NOT CARRIED,NOT CARRIED,,NOT CARRIED,NOT CARRIED,,$8.52,Available,
Skinrepublic Radiant Anti Aging Kit,https://tb-static.uber.com/prod/image-proc/processed_images/7e3c337261c619bf719be066df11de47/b4665c191b34baf3d0e0fa45dfdd3d1d.jpeg,NOT CARRIED,NOT CARRIED,,NOT CARRIED,NOT CARRIED,,NOT CARRIED,NOT CARRIED,,NOT CARRIED,NOT CARRIED,,NOT CARRIED,NOT CARRIED,,$39.46,Available,,NOT CARRIED,NOT CARRIED,
"Skotidakis 2% Mf Protein Greek Stirred Yogurt Variety pack, Mixed Berries-Vanilla-Strawberry Banana (12 x 150 g)",https://tb-static.uber.com/prod/image-proc/processed_images/92e5314b1ea1765c6d3a3d4a69c79a12/b4665c191b34baf3d0e0fa45dfdd3d1d.jpeg,NOT CARRIED,NOT CARRIED,,NOT CARRIED,NOT CARRIED,,$20.26,Available,,$20.26,Available,,$20.26,Available,,$20.26,Available,,NOT CARRIED,NOT CARRIED,
Skotidakis 5% M.f Plain Greek Yogurt (1.36 kg),https://tb-static.uber.com/prod/image-proc/processed_images/ef99d24408b97e646d7c50f272704256/b4665c191b34baf3d0e0fa45dfdd3d1d.jpeg,NOT CARRIED,NOT CARRIED,,NOT CARRIED,NOT CARRIED,,NOT CARRIED,NOT CARRIED,,$9.59,Available,,NOT CARRIED,NOT CARRIED,,$9.59,Available,,NOT CARRIED,NOT CARRIED,
Skotidakis Cream Cheese (3 kg),https://tb-static.uber.com/prod/image-proc/processed_images/5344fa4fda1713e02eed45a8f30d3c6a/b4665c191b34baf3d0e0fa45dfdd3d1d.jpeg,NOT CARRIED,NOT CARRIED,,NOT CARRIED,NOT CARRIED,,NOT CARRIED,NOT CARRIED,,NOT CARRIED,NOT CARRIED,,NOT CARRIED,NOT CARRIED,,NOT CARRIED,NOT CARRIED,,$30.93,Available,
Skotidakis Plain Greek Yogurt (1.36 kg),https://tb-static.uber.com/prod/image-proc/processed_images/afbb3436e381853f8ff36e15385653fb/0e5313be7a8831b8ed60f8dab3c2df10.jpeg,NOT CARRIED,NOT CARRIED,,NOT CARRIED,NOT CARRIED,,$9.05,Available,,NOT CARRIED,NOT CARRIED,,NOT CARRIED,NOT CARRIED,,$9.05,Available,,$9.05,Available,
"Skotidakis Probiotic Greek Yogourt Dip, Tzatziki (2 x 454 g)",https://tb-static.uber.com/prod/image-proc/processed_images/7eabda8addf91ffa26edd4bdb4cfc7f8/f9586c36ab7db84d09b777cee8c829b1.jpeg,$10.65,Available,19% off,$10.65,Available,19% off,$10.65,Available,19% off,$10.65,Available,19% off,$10.65,Available,19% off,$10.65,Available,19% off,NOT CARRIED,NOT CARRIED,
"Skoulakis Fully Cooked Frozen Sliced Chicken Breast Strips Halal, 2 × 2.5 Kg",https://tb-static.uber.com/prod/image-proc/processed_images/3d46c7845596865c880171673e6a90de/b4665c191b34baf3d0e0fa45dfdd3d1d.jpeg,NOT CARRIED,NOT CARRIED,,NOT CARRIED,NOT CARRIED,,NOT CARRIED,NOT CARRIED,,NOT CARRIED,NOT CARRIED,,NOT CARRIED,NOT CARRIED,,NOT CARRIED,NOT CARRIED,,$85.34,Available,19% off
Sliced Havarti 750G,https://tb-static.uber.com/prod/image-proc/processed_images/fb6ae13e019e475296bf6cd1a3533008/b4665c191b34baf3d0e0fa45dfdd3d1d.jpeg,$14.92,Available,,$14.92,Available,,$14.92,Available,,$14.92,Available,,$14.92,Available,,$14.92,Available,,$14.92,Available,
Smirnoff Ice Original Premium Vodka Beverage (24 x 330 ml),https://tb-static.uber.com/prod/image-proc/processed_images/c255509c53f636e27a87306dad605dfe/b4665c191b34baf3d0e0fa45dfdd3d1d.jpeg,NOT CARRIED,NOT CARRIED,,NOT CARRIED,NOT CARRIED,,$50.13,Available,,NOT CARRIED,NOT CARRIED,,NOT CARRIED,NOT CARRIED,,NOT CARRIED,NOT CARRIED,,NOT CARRIED,NOT CARRIED,
Snack Factory Original Pretzel Crisps (737 g),https://tb-static.uber.com/prod/image-proc/processed_images/cdca7ee7893c44f6131fa984eff0d311/f9586c36ab7db84d09b777cee8c829b1.jpeg,$8.52,Available,,$8.52,Available,,$8.52,Available,,$8.52,Available,,$8.52,Available,,$8.52,Available,,NOT CARRIED,NOT CARRIED,
"Snowfox California Rolls (706 g, 18 ct)",https://tb-static.uber.com/prod/image-proc/processed_images/2e683c3d212b7dbffaba62b6954108de/b4665c191b34baf3d0e0fa45dfdd3d1d.jpeg,NOT CARRIED,NOT CARRIED,,NOT CARRIED,NOT CARRIED,,$14.92,Available,,NOT CARRIED,NOT CARRIED,,NOT CARRIED,NOT CARRIED,,NOT CARRIED,NOT CARRIED,,NOT CARRIED,NOT CARRIED,
Snowfox Premium Deluxe Combo (793 g),https://tb-static.uber.com/prod/image-proc/processed_images/0c6a864e9d09043a1d6f6f700022f958/b4665c191b34baf3d0e0fa45dfdd3d1d.jpeg,NOT CARRIED,NOT CARRIED,,NOT CARRIED,NOT CARRIED,,$25.59,Available,,NOT CARRIED,NOT CARRIED,,NOT CARRIED,NOT CARRIED,,NOT CARRIED,NOT CARRIED,,NOT CARRIED,NOT CARRIED,
Snowsoft 2-Ply Jumbo Bathroom Tissue Rolls (8 ct),https://tb-static.uber.com/prod/image-proc/processed_images/30c38c830aa6bf0b89616913053afc0d/b4665c191b34baf3d0e0fa45dfdd3d1d.jpeg,NOT CARRIED,NOT CARRIED,,NOT CARRIED,NOT CARRIED,,NOT CARRIED,NOT CARRIED,,NOT CARRIED,NOT CARRIED,,NOT CARRIED,NOT CARRIED,,NOT CARRIED,NOT CARRIED,,$26.66,Available,
Sockeye Salmon Fillet,https://tb-static.uber.com/prod/image-proc/processed_images/fba180075354011f88f628b0c945ec1b/b4665c191b34baf3d0e0fa45dfdd3d1d.jpeg,$38.01,Available,,NOT CARRIED,NOT CARRIED,,NOT CARRIED,NOT CARRIED,,$23.46,Available,,NOT CARRIED,NOT CARRIED,,$23.46,Available,,NOT CARRIED,NOT CARRIED,
"Softsoap Body Wash, 4 X 591 Ml",https://tb-static.uber.com/prod/image-proc/processed_images/84dd60ee5cbdbfc6fa96fb4a3dcbc5f9/b4665c191b34baf3d0e0fa45dfdd3d1d.jpeg,$14.92,Available,,$14.92,Available,,$14.92,Available,,$14.92,Available,,$14.92,Available,,$14.92,Available,,NOT CARRIED,NOT CARRIED,
"Softsoap Handsoap Refill, Aloe Vera (2 x 2.36 L)",https://tb-static.uber.com/prod/image-proc/processed_images/17d5de7fe0feb53ddd514ea6a867e5f9/f9586c36ab7db84d09b777cee8c829b1.jpeg,NOT CARRIED,NOT CARRIED,,NOT CARRIED,NOT CARRIED,,NOT CARRIED,NOT CARRIED,,NOT CARRIED,NOT CARRIED,,NOT CARRIED,NOT CARRIED,,NOT CARRIED,NOT CARRIED,,$15.99,Available,
"Sokusa Spicy Chips, Shrimp (454 g)",https://tb-static.uber.com/prod/image-proc/processed_images/872e2226be148a45b3a9de368b312b68/b4665c191b34baf3d0e0fa45dfdd3d1d.jpeg,$13.86,Available,25% off,$13.86,Available,25% off,$13.86,Available,25% off,NOT CARRIED,NOT CARRIED,,$13.86,Available,25% off,$13.86,Available,25% off,NOT CARRIED,NOT CARRIED,
"Solmaz Mild Beef Sojuk, 2 X 450 G",https://tb-static.uber.com/prod/image-proc/processed_images/5e8a4e5cc8971cbbdcecf7af2e9946cd/b4665c191b34baf3d0e0fa45dfdd3d1d.jpeg,NOT CARRIED,NOT CARRIED,,NOT CARRIED,NOT CARRIED,,NOT CARRIED,NOT CARRIED,,NOT CARRIED,NOT CARRIED,,NOT CARRIED,NOT CARRIED,,NOT CARRIED,NOT CARRIED,,$19.19,Available,
"Spam Luncheon Meat, Gochujang (4 x 340 g)",https://tb-static.uber.com/prod/image-proc/processed_images/2d45df3ec7c65dc30bab9463873d464b/b4665c191b34baf3d0e0fa45dfdd3d1d.jpeg,$14.92,Available,,$14.92,Available,,NOT CARRIED,NOT CARRIED,,$14.92,Available,,NOT CARRIED,NOT CARRIED,,NOT CARRIED,NOT CARRIED,,NOT CARRIED,NOT CARRIED,
"Sparkling Ice Spiked Flavoured Water, Assorted (24 x 503 ml)",https://tb-static.uber.com/prod/image-proc/processed_images/a989a5c84a4983ca2c887d76d13d672f/b4665c191b34baf3d0e0fa45dfdd3d1d.jpeg,$25.59,Available,,$25.59,Available,,$25.59,Available,,$25.59,Available,,$25.59,Available,,$25.59,Available,,$25.59,Available,
Speck Brothers Family Tree the Bootlegger Baco Noir Red Wine (750 ml),https://tb-static.uber.com/prod/image-proc/processed_images/3548f0c7c4b43f449e5a8e6f20924892/b4665c191b34baf3d0e0fa45dfdd3d1d.jpeg,NOT CARRIED,NOT CARRIED,,NOT CARRIED,NOT CARRIED,,NOT CARRIED,NOT CARRIED,,NOT CARRIED,NOT CARRIED,,$15.99,Available,,$15.99,Available,,NOT CARRIED,NOT CARRIED,
Sponge Towels 106-Sheet Premium Paper Rolls (12 ct),https://tb-static.uber.com/prod/image-proc/processed_images/e8be852c1215143f2aef3ffe4aad75ef/f9586c36ab7db84d09b777cee8c829b1.jpeg,NOT CARRIED,NOT CARRIED,,NOT CARRIED,NOT CARRIED,,$29.86,Available,,$29.86,Available,,$29.86,Available,,NOT CARRIED,NOT CARRIED,,NOT CARRIED,NOT CARRIED,
Spring Creek Quail Farms Quail Eggs (2 x 18 ct),https://tb-static.uber.com/prod/image-proc/processed_images/fc65528911ea3fb0287703fea048b4a1/b4665c191b34baf3d0e0fa45dfdd3d1d.jpeg,NOT CARRIED,NOT CARRIED,,$7.45,Available,,$7.45,Available,,$7.45,Available,,NOT CARRIED,NOT CARRIED,,$7.45,Available,,NOT CARRIED,NOT CARRIED,
"Springtime Biodegradable Ultra, 7.5 L",https://tb-static.uber.com/prod/image-proc/processed_images/04d28ac8053a6b67552f5cac438f6c53/b4665c191b34baf3d0e0fa45dfdd3d1d.jpeg,$19.19,Available,,$19.19,Available,,$19.19,Available,,$19.19,Available,,$19.19,Available,,$19.19,Available,,NOT CARRIED,NOT CARRIED,
Springtime Concentrated Multipurpose Bleach (3 x 3.6 L),https://tb-static.uber.com/prod/image-proc/processed_images/e1f0e134cf765e42da80202af652b6c9/b4665c191b34baf3d0e0fa45dfdd3d1d.jpeg,$10.65,Available,,$10.65,Available,,$10.65,Available,,$10.65,Available,,$10.65,Available,,$10.65,Available,,$10.65,Available,
Sprite 355 Ml 32-Pack,https://tb-static.uber.com/prod/image-proc/processed_images/e7306d0cb9777e2f19f5bfdb328da3f2/b4665c191b34baf3d0e0fa45dfdd3d1d.jpeg,NOT CARRIED,NOT CARRIED,,NOT CARRIED,NOT CARRIED,,$18.12,Available,,$18.12,Available,,$18.12,Available,,$18.12,Available,,NOT CARRIED,NOT CARRIED,
Sprite Zero Cans Soft Drink (24 x 355 ml),https://tb-static.uber.com/prod/image-proc/processed_images/837d7fa246f6b53b1cf2e0d7135c4075/b4665c191b34baf3d0e0fa45dfdd3d1d.jpeg,NOT CARRIED,NOT CARRIED,,NOT CARRIED,NOT CARRIED,,NOT CARRIED,NOT CARRIED,,NOT CARRIED,NOT CARRIED,,NOT CARRIED,NOT CARRIED,,NOT CARRIED,NOT CARRIED,,$14.92,Available,
Star Elite 6' Fold-In-Half Table,https://tb-static.uber.com/prod/image-proc/processed_images/5ebde87585a3b5d2e65190c7d41665f5/b4665c191b34baf3d0e0fa45dfdd3d1d.jpeg,$64.00,Available,,$64.00,Available,,$64.00,Available,,$64.00,Available,,NOT CARRIED,NOT CARRIED,,$64.00,Available,,NOT CARRIED,NOT CARRIED,
"Starbucks Caffe Verona Dark Roast K Cup Pods (648 g, 54 ct)",https://tb-static.uber.com/prod/image-proc/processed_images/7a84602a553cf07ad2134c3eda548683/f9586c36ab7db84d09b777cee8c829b1.jpeg,$52.27,Available,,$52.27,Available,,$52.27,Available,,$52.27,Available,,$52.27,Available,,$52.27,Available,,NOT CARRIED,NOT CARRIED,
"Starbucks Nespresso Single Serve Coffee Capsules Variety pack (330 g, 60 ct)",https://tb-static.uber.com/prod/image-proc/processed_images/cc0aa098d6baef15bf53bf1864878699/0e5313be7a8831b8ed60f8dab3c2df10.jpeg,$42.66,Available,,$42.66,Available,,$42.66,Available,,NOT CARRIED,NOT CARRIED,,$42.66,Available,,$42.66,Available,,$42.66,Available,
Steam Whistle Brewing Premium Pilsner Beer (24 x 355 ml),https://tb-static.uber.com/prod/image-proc/processed_images/ec35a0cf89ec352a3e98aff1662ef7be/2ecda260bcb4a75235533df4a61ef085.jpeg,$48.00,Available,,$48.00,Available,,$48.00,Available,,$48.00,Available,,$48.00,Available,,$48.00,Available,,$48.00,Available,
Steelhead Trout Fillets (Farmed),https://tb-static.uber.com/prod/image-proc/processed_images/7afdcfbf6bf9e8448c8ae323eed3a0ee/b4665c191b34baf3d0e0fa45dfdd3d1d.jpeg,$28.21,Available,,$28.45,Available,,$28.21,Available,,$28.21,Available,,$28.21,Available,,$28.21,Available,,NOT CARRIED,NOT CARRIED,
Stella Artois Lager Beer (28 x 330 ml),https://tb-static.uber.com/prod/image-proc/processed_images/6a6cdf9e0b0734dbbd6efd90f4bf45b9/b4665c191b34baf3d0e0fa45dfdd3d1d.jpeg,NOT CARRIED,NOT CARRIED,,NOT CARRIED,NOT CARRIED,,NOT CARRIED,NOT CARRIED,,NOT CARRIED,NOT CARRIED,,NOT CARRIED,NOT CARRIED,,NOT CARRIED,NOT CARRIED,,$58.67,Available,
"Stilro Elegant 2 Ply Dinner Napkins, 16X16 in, White (350 ct)",https://tb-static.uber.com/prod/image-proc/processed_images/9fdf311ccd94866b7f777f0dc934a0bd/b4665c191b34baf3d0e0fa45dfdd3d1d.jpeg,$10.65,Available,,NOT CARRIED,NOT CARRIED,,$10.65,Available,,$10.65,Available,,NOT CARRIED,NOT CARRIED,,$10.65,Available,,NOT CARRIED,NOT CARRIED,
"Stok Cold Brew Coffee Beverage, 2 × 1.42 L",https://tb-static.uber.com/prod/image-proc/processed_images/b3190c07f06459f71e94bdaecea898aa/b4665c191b34baf3d0e0fa45dfdd3d1d.jpeg,$13.86,Available,,$13.86,Available,,$13.86,Available,,$13.86,Available,,NOT CARRIED,NOT CARRIED,,$13.86,Available,,NOT CARRIED,NOT CARRIED,
Stonemill Kitchens Homestyle Red Potato Salad (2.27 kg),https://tb-static.uber.com/prod/image-proc/processed_images/68b0a3a0d3a22f5c6b6a0e87fcac445f/f9586c36ab7db84d09b777cee8c829b1.jpeg,$10.12,Available,,$10.12,Available,,$10.12,Available,,$10.12,Available,,$10.12,Available,,$10.12,Available,,NOT CARRIED,NOT CARRIED,
Stonemill Slow Crafted Sourdough Rye Multigrain Bread (3 x 550 g),https://tb-static.uber.com/prod/image-proc/processed_images/0012e3a75a32df9fb947fcc76a5125b8/f9586c36ab7db84d09b777cee8c829b1.jpeg,NOT CARRIED,NOT CARRIED,,NOT CARRIED,NOT CARRIED,,$9.59,Available,,NOT CARRIED,NOT CARRIED,,NOT CARRIED,NOT CARRIED,,NOT CARRIED,NOT CARRIED,,$9.59,Available,
"Stoney Creek Market Fully Cooked Steak Bites, 2 × 400 G",https://tb-static.uber.com/prod/image-proc/processed_images/983602a29587cc580950066542dbf236/b4665c191b34baf3d0e0fa45dfdd3d1d.jpeg,$23.46,Available,,$23.46,Available,,$23.46,Available,,$23.46,Available,,$23.46,Available,,$23.46,Available,,NOT CARRIED,NOT CARRIED,
Strawberries 908 G,https://tb-static.uber.com/prod/image-proc/processed_images/f4888220da852f1cc8a23ca60560e670/b4665c191b34baf3d0e0fa45dfdd3d1d.jpeg,NOT CARRIED,NOT CARRIED,,$7.45,Available,,$7.45,Available,,NOT CARRIED,NOT CARRIED,,NOT CARRIED,NOT CARRIED,,NOT CARRIED,NOT CARRIED,,NOT CARRIED,NOT CARRIED,
Strip Loin Grilling Steak,https://tb-static.uber.com/prod/image-proc/processed_images/5c9696971ea105382d7cf578de2b1ac4/b4665c191b34baf3d0e0fa45dfdd3d1d.jpeg,NOT CARRIED,NOT CARRIED,,$66.56,Available,,$66.56,Available,,$66.56,Available,,$66.56,Available,,$66.56,Available,,NOT CARRIED,NOT CARRIED,
"Stuffed Salmon, 1.077 Kg",https://tb-static.uber.com/prod/image-proc/processed_images/6ae2dc940637ef1b2f261c69004fd896/b4665c191b34baf3d0e0fa45dfdd3d1d.jpeg,$28.86,Available,,$28.86,Available,,$28.86,Available,,NOT CARRIED,NOT CARRIED,,$28.86,Available,,$28.86,Available,,NOT CARRIED,NOT CARRIED,
Sudocrem Diaper Rash Cream 2 × 400G,https://tb-static.uber.com/prod/image-proc/processed_images/50ae8fede0068ceb8af6bcec9d10de21/b4665c191b34baf3d0e0fa45dfdd3d1d.jpeg,$35.20,Available,,$35.20,Available,,NOT CARRIED,NOT CARRIED,,$35.20,Available,,NOT CARRIED,NOT CARRIED,,$35.20,Available,,NOT CARRIED,NOT CARRIED,
Summer Fresh Seven Grain Salad (5 x 200 g),https://tb-static.uber.com/prod/image-proc/processed_images/35e7c54a339f5ddfe7f0783b434f0aec/f9586c36ab7db84d09b777cee8c829b1.jpeg,$10.65,Available,,$10.65,Available,,$10.65,Available,,$10.65,Available,,$10.65,Available,,$10.65,Available,,NOT CARRIED,NOT CARRIED,
Sun Chips Harvest Cheddar Snacks (70 g),https://tb-static.uber.com/prod/image-proc/processed_images/0fa6204871e14efec36ef9c83ef3de21/b4665c191b34baf3d0e0fa45dfdd3d1d.jpeg,NOT CARRIED,NOT CARRIED,,NOT CARRIED,NOT CARRIED,,NOT CARRIED,NOT CARRIED,,NOT CARRIED,NOT CARRIED,,NOT CARRIED,NOT CARRIED,,NOT CARRIED,NOT CARRIED,,$34.13,Available,
"Sun Chips Multigrain Snacks, Harvest Cheddar (645 g)",https://tb-static.uber.com/prod/image-proc/processed_images/2c92b547ff017fc7be20bc62ca2d43bc/957777de4e8d7439bef56daddbfae227.jpeg,$8.52,Available,,$8.52,Available,,$8.52,Available,,$8.52,Available,,$8.52,Available,,$8.52,Available,,NOT CARRIED,NOT CARRIED,
Sun Med Mandarin Oranges in Light Syrup (2.84 L),https://tb-static.uber.com/prod/image-proc/processed_images/ad42033f6d6ff6d1eb29988452d23fbf/b4665c191b34baf3d0e0fa45dfdd3d1d.jpeg,NOT CARRIED,NOT CARRIED,,NOT CARRIED,NOT CARRIED,,NOT CARRIED,NOT CARRIED,,NOT CARRIED,NOT CARRIED,,NOT CARRIED,NOT CARRIED,,NOT CARRIED,NOT CARRIED,,$9.59,Available,
SunRidge Farms Romaine Hearts (6 pack),https://tb-static.uber.com/prod/image-proc/processed_images/6a1f71c4fd75e5cb77bb502b363ecccd/b4665c191b34baf3d0e0fa45dfdd3d1d.jpeg,NOT CARRIED,NOT CARRIED,,$9.59,Available,,NOT CARRIED,NOT CARRIED,,NOT CARRIED,NOT CARRIED,,NOT CARRIED,NOT CARRIED,,NOT CARRIED,NOT CARRIED,,NOT CARRIED,NOT CARRIED,
"Sunlight Ultra Concentrated Original Fresh Laundry Detergent, 250 Loads",https://tb-static.uber.com/prod/image-proc/processed_images/bcc34aa1fc710c03fc51e0d9ec670462/b4665c191b34baf3d0e0fa45dfdd3d1d.jpeg,$23.46,Available,,$23.46,Available,,$23.46,Available,,$23.46,Available,,$23.46,Available,,$23.46,Available,,NOT CARRIED,NOT CARRIED,
"Sunmaid Raisin Cinnamon Swirl Raisin Bread, 3 X 450 G",https://tb-static.uber.com/prod/image-proc/processed_images/19efcc19a1b7e51a97c6f691d433eeb7/b4665c191b34baf3d0e0fa45dfdd3d1d.jpeg,$10.65,Available,,$10.65,Available,,$10.65,Available,,$10.65,Available,,$10.65,Available,,$10.65,Available,,$10.65,Available,
"Sunrise Soyganic Extra Firm Tofu, 5 × 350 G",https://tb-static.uber.com/prod/image-proc/processed_images/f0faaec79ebf02e3cdcbb90c055836ce/b4665c191b34baf3d0e0fa45dfdd3d1d.jpeg,$14.92,Available,,NOT CARRIED,NOT CARRIED,,NOT CARRIED,NOT CARRIED,,$14.92,Available,,$14.92,Available,,NOT CARRIED,NOT CARRIED,,$14.92,Available,
"Suntory -196 Vodka Soda Variety Pack, 12 × 355 Ml",https://tb-static.uber.com/prod/image-proc/processed_images/c29c134d905d3dfe09eafe992a47e23d/b4665c191b34baf3d0e0fa45dfdd3d1d.jpeg,NOT CARRIED,NOT CARRIED,,NOT CARRIED,NOT CARRIED,,NOT CARRIED,NOT CARRIED,,NOT CARRIED,NOT CARRIED,,NOT CARRIED,NOT CARRIED,,$27.73,Available,,NOT CARRIED,NOT CARRIED,
Sunvilla Square Outdoor Patio Bistro Table,https://tb-static.uber.com/prod/image-proc/processed_images/c7ca9781b347b2b53a3f0d57ea1d2cb5/b4665c191b34baf3d0e0fa45dfdd3d1d.jpeg,$106.68,Available,,NOT CARRIED,NOT CARRIED,,$106.68,Available,,NOT CARRIED,NOT CARRIED,,$106.68,Available,,$106.68,Available,,NOT CARRIED,NOT CARRIED,
"Superior Natural Firm Tofu, 12 X 208 G",https://cn-geo1.uber.com/static/mobile-content/eats/placeholder_images/placeholder_image_grocery_300x300.png,NOT CARRIED,NOT CARRIED,,NOT CARRIED,NOT CARRIED,,NOT CARRIED,NOT CARRIED,,NOT CARRIED,NOT CARRIED,,NOT CARRIED,NOT CARRIED,,NOT CARRIED,NOT CARRIED,,$10.65,Available,
"Superior Natural Firm Tofu, 6 × 454 G",https://tb-static.uber.com/prod/image-proc/processed_images/a3d43bca91628e689d62d3d7e25033fb/b4665c191b34baf3d0e0fa45dfdd3d1d.jpeg,NOT CARRIED,NOT CARRIED,,$14.92,Available,,NOT CARRIED,NOT CARRIED,,NOT CARRIED,NOT CARRIED,,$14.92,Available,,NOT CARRIED,NOT CARRIED,,NOT CARRIED,NOT CARRIED,
"SupremeX No 10 Security Peel & Seal Envelopes, 10.5x24.1 cm, White (500 ct)",https://tb-static.uber.com/prod/image-proc/processed_images/84d0da3c08c286231913abdeeedc8d4e/b4665c191b34baf3d0e0fa45dfdd3d1d.jpeg,NOT CARRIED,NOT CARRIED,,NOT CARRIED,NOT CARRIED,,NOT CARRIED,NOT CARRIED,,NOT CARRIED,NOT CARRIED,,NOT CARRIED,NOT CARRIED,,NOT CARRIED,NOT CARRIED,,$20.26,Available,
Sushi Box,https://tb-static.uber.com/prod/image-proc/processed_images/36f24a06565f8cf5bd8123208d015366/b4665c191b34baf3d0e0fa45dfdd3d1d.jpeg,$25.59,Available,,NOT CARRIED,NOT CARRIED,,NOT CARRIED,NOT CARRIED,,NOT CARRIED,NOT CARRIED,,NOT CARRIED,NOT CARRIED,,NOT CARRIED,NOT CARRIED,,NOT CARRIED,NOT CARRIED,
Sweet Karoline 340 G / 12 Oz,https://tb-static.uber.com/prod/image-proc/processed_images/b36405565a921b6e231f24b3ac1dd767/b4665c191b34baf3d0e0fa45dfdd3d1d.jpeg,NOT CARRIED,NOT CARRIED,,$7.45,Available,,$7.45,Available,,$7.45,Available,,$7.45,Available,,$7.45,Available,,NOT CARRIED,NOT CARRIED,
Sweet Strawberry Tomatoes (748 g),https://tb-static.uber.com/prod/image-proc/processed_images/90611b574969de4638902fe6e1cff98e/b4665c191b34baf3d0e0fa45dfdd3d1d.jpeg,$8.52,Available,,$8.52,Available,,$8.52,Available,,$8.52,Available,,NOT CARRIED,NOT CARRIED,,$8.52,Available,,NOT CARRIED,NOT CARRIED,
"Swiffer Dusters Trap & Lock Dusting Kit With Refills, Light Blue (28 ct)",https://tb-static.uber.com/prod/image-proc/processed_images/73d122bb69e47a5588a4c2b79a99b5b9/f9586c36ab7db84d09b777cee8c829b1.jpeg,$26.66,Available,,$26.66,Available,,$26.66,Available,,$26.66,Available,,$26.66,Available,,$26.66,Available,,$26.66,Available,
Swiffer Powermop Multi-Surface Mop Kit,https://tb-static.uber.com/prod/image-proc/processed_images/8552e34e59efb84db772916689e98e69/b4665c191b34baf3d0e0fa45dfdd3d1d.jpeg,$53.33,Available,19% off,$53.33,Available,19% off,$53.33,Available,19% off,$53.33,Available,19% off,$53.33,Available,19% off,$53.33,Available,19% off,NOT CARRIED,NOT CARRIED,
"Swiffer Wet Mopping Cloths, Fresh, 10x8 in (2 x 32 ct)",https://tb-static.uber.com/prod/image-proc/processed_images/db295c7dda610b22a61d9973ed69d96f/b4665c191b34baf3d0e0fa45dfdd3d1d.jpeg,$26.66,Available,,$26.66,Available,,$26.66,Available,,$26.66,Available,,$26.66,Available,,$26.66,Available,,$26.66,Available,
Swingline Standard Staples,https://tb-static.uber.com/prod/image-proc/processed_images/c195c3290c68ddef62c19d99b8c70b6f/0e5313be7a8831b8ed60f8dab3c2df10.jpeg,NOT CARRIED,NOT CARRIED,,NOT CARRIED,NOT CARRIED,,NOT CARRIED,NOT CARRIED,,NOT CARRIED,NOT CARRIED,,NOT CARRIED,NOT CARRIED,,NOT CARRIED,NOT CARRIED,,$9.59,Available,
TOPS Clearvue Binders (4 ct),https://tb-static.uber.com/prod/image-proc/processed_images/8a8cece460d21cd3561e2f5c9a7c2a60/f9586c36ab7db84d09b777cee8c829b1.jpeg,NOT CARRIED,NOT CARRIED,,NOT CARRIED,NOT CARRIED,,NOT CARRIED,NOT CARRIED,,NOT CARRIED,NOT CARRIED,,NOT CARRIED,NOT CARRIED,,NOT CARRIED,NOT CARRIED,,$13.86,Available,
"Tabasco Original Sauce, Pepper (142 ml)",https://tb-static.uber.com/prod/image-proc/processed_images/748d3f59ffdf5921af8ec818a3768af1/0e5313be7a8831b8ed60f8dab3c2df10.jpeg,NOT CARRIED,NOT CARRIED,,NOT CARRIED,NOT CARRIED,,NOT CARRIED,NOT CARRIED,,NOT CARRIED,NOT CARRIED,,NOT CARRIED,NOT CARRIED,,NOT CARRIED,NOT CARRIED,,$69.34,Available,
Takumi Family Pack California Roll,https://tb-static.uber.com/prod/image-proc/processed_images/984d50154102d63fd01741e2a17448cf/b4665c191b34baf3d0e0fa45dfdd3d1d.jpeg,NOT CARRIED,NOT CARRIED,,NOT CARRIED,NOT CARRIED,,NOT CARRIED,NOT CARRIED,,$14.92,Available,,NOT CARRIED,NOT CARRIED,,$14.92,Available,,NOT CARRIED,NOT CARRIED,
"Takumi Onigiri Rice Ball Variety Pack, 6 X 120 G",https://tb-static.uber.com/prod/image-proc/processed_images/99002f0128224ead7e8662e7e2ec3355/b4665c191b34baf3d0e0fa45dfdd3d1d.jpeg,NOT CARRIED,NOT CARRIED,,NOT CARRIED,NOT CARRIED,,NOT CARRIED,NOT CARRIED,,NOT CARRIED,NOT CARRIED,,NOT CARRIED,NOT CARRIED,,$18.12,Available,,NOT CARRIED,NOT CARRIED,
"Takumi Premium Rainbow Combo Sushi (890 g, 30 ct)",https://tb-static.uber.com/prod/image-proc/processed_images/4e43229bf85430691d15b951c923258f/f9586c36ab7db84d09b777cee8c829b1.jpeg,NOT CARRIED,NOT CARRIED,,NOT CARRIED,NOT CARRIED,,NOT CARRIED,NOT CARRIED,,$24.53,Available,,NOT CARRIED,NOT CARRIED,,$24.53,Available,,NOT CARRIED,NOT CARRIED,
"Targus Mobile Elite Backpack 26 L, Black",https://tb-static.uber.com/prod/image-proc/processed_images/057f353b378ce3992ea5ae8704282362/b4665c191b34baf3d0e0fa45dfdd3d1d.jpeg,NOT CARRIED,NOT CARRIED,,NOT CARRIED,NOT CARRIED,,NOT CARRIED,NOT CARRIED,,NOT CARRIED,NOT CARRIED,,$37.31,Available,,NOT CARRIED,NOT CARRIED,,NOT CARRIED,NOT CARRIED,
"Tartufi Jimmy Truffle And Cheese Sauce, 2 × 590 Ml",https://tb-static.uber.com/prod/image-proc/processed_images/e562af3d4adebed45c02fa2fdf4940f6/b4665c191b34baf3d0e0fa45dfdd3d1d.jpeg,NOT CARRIED,NOT CARRIED,,NOT CARRIED,NOT CARRIED,,$15.99,Available,,$15.99,Available,,$15.99,Available,,$15.99,Available,,NOT CARRIED,NOT CARRIED,
Tattooed Chef Sheet Pan Vegetables (1.81 kg),https://tb-static.uber.com/prod/image-proc/processed_images/0864e96e6111ba334b5155999ab07ad0/b4665c191b34baf3d0e0fa45dfdd3d1d.jpeg,NOT CARRIED,NOT CARRIED,,NOT CARRIED,NOT CARRIED,,NOT CARRIED,NOT CARRIED,,NOT CARRIED,NOT CARRIED,,$18.12,Available,,NOT CARRIED,NOT CARRIED,,NOT CARRIED,NOT CARRIED,
"Taylor Fames Creamy Dill Pickle Salad, Pack Of 2",https://tb-static.uber.com/prod/image-proc/processed_images/cd8eb2e6034b4d3b39fd00d484309b5b/b4665c191b34baf3d0e0fa45dfdd3d1d.jpeg,$9.59,Available,,$9.59,Available,,$9.59,Available,,$9.59,Available,,$9.59,Available,,$9.59,Available,,NOT CARRIED,NOT CARRIED,
Teakhaus 58.42 Cm (23 In.) Reversible Cutting Board,https://tb-static.uber.com/prod/image-proc/processed_images/07d8af76897b40596df093544ad8be24/b4665c191b34baf3d0e0fa45dfdd3d1d.jpeg,NOT CARRIED,NOT CARRIED,,NOT CARRIED,NOT CARRIED,,$53.31,Available,,NOT CARRIED,NOT CARRIED,,NOT CARRIED,NOT CARRIED,,NOT CARRIED,NOT CARRIED,,NOT CARRIED,NOT CARRIED,
"Temptations Jumbo Stuff Crunchy And Soft Cat Treats Tasty Chicken Flavour, 1 Kg",https://tb-static.uber.com/prod/image-proc/processed_images/b2526ffe065720e0d0cbb120ee0a6fdb/b4665c191b34baf3d0e0fa45dfdd3d1d.jpeg,NOT CARRIED,NOT CARRIED,,NOT CARRIED,NOT CARRIED,,NOT CARRIED,NOT CARRIED,,NOT CARRIED,NOT CARRIED,,$13.86,Available,,NOT CARRIED,NOT CARRIED,,NOT CARRIED,NOT CARRIED,
Terra Delyssa Extra Virgin Olive Oil (3 L),https://tb-static.uber.com/prod/image-proc/processed_images/4d6a1e303e5214065b06feb2f0f0ebb7/0e5313be7a8831b8ed60f8dab3c2df10.jpeg,NOT CARRIED,NOT CARRIED,,NOT CARRIED,NOT CARRIED,,NOT CARRIED,NOT CARRIED,,NOT CARRIED,NOT CARRIED,,NOT CARRIED,NOT CARRIED,,NOT CARRIED,NOT CARRIED,,$28.79,Available,
Terra Delyssa Organic Tunisian Extra Virgin Olive Oil (2 x 1 L),https://tb-static.uber.com/prod/image-proc/processed_images/a8a024e7ef74757aa36dec2bba6c9103/b4665c191b34baf3d0e0fa45dfdd3d1d.jpeg,$21.32,Available,,$21.32,Available,,$21.32,Available,,$21.32,Available,,$21.32,Available,,$21.32,Available,,$21.32,Available,
"Terra Vegetable Chips, Sweet Medley (453 g)",https://tb-static.uber.com/prod/image-proc/processed_images/2974d6b8e50721c60649197a1deb3c80/f9586c36ab7db84d09b777cee8c829b1.jpeg,NOT CARRIED,NOT CARRIED,,NOT CARRIED,NOT CARRIED,,NOT CARRIED,NOT CARRIED,,NOT CARRIED,NOT CARRIED,,NOT CARRIED,NOT CARRIED,,NOT CARRIED,NOT CARRIED,,$9.59,Available,
"That's it. Mini Probiotic Fruit Bars, Assorted (24 x 20 g)",https://tb-static.uber.com/prod/image-proc/processed_images/2dc179799702f84b9b7c3c470e632d62/b4665c191b34baf3d0e0fa45dfdd3d1d.jpeg,NOT CARRIED,NOT CARRIED,,NOT CARRIED,NOT CARRIED,,NOT CARRIED,NOT CARRIED,,NOT CARRIED,NOT CARRIED,,$24.53,Available,,NOT CARRIED,NOT CARRIED,,NOT CARRIED,NOT CARRIED,
"The Iceman Bagged Ice Cubes, 7 × 2.7 Kg",https://tb-static.uber.com/prod/image-proc/processed_images/917259a49387a170766e64ad071d30da/b4665c191b34baf3d0e0fa45dfdd3d1d.jpeg,NOT CARRIED,NOT CARRIED,,NOT CARRIED,NOT CARRIED,,NOT CARRIED,NOT CARRIED,,NOT CARRIED,NOT CARRIED,,NOT CARRIED,NOT CARRIED,,NOT CARRIED,NOT CARRIED,,$8.52,Available,
"The Snakyard Quail Eggs, Stewed -Salt Baked (54 x 7.4 g)",https://tb-static.uber.com/prod/image-proc/processed_images/108223f523ddda8c27c9996f4bf43012/b4665c191b34baf3d0e0fa45dfdd3d1d.jpeg,$11.19,Available,,$11.19,Available,,$11.19,Available,,NOT CARRIED,NOT CARRIED,,NOT CARRIED,NOT CARRIED,,$11.19,Available,,NOT CARRIED,NOT CARRIED,
"TheraBreath Fresh Breath Mouthwash, Icy Mint (2 x 1 L)",https://tb-static.uber.com/prod/image-proc/processed_images/22920d2912cc1c6a64c459f7facaac2e/b4665c191b34baf3d0e0fa45dfdd3d1d.jpeg,$31.99,Available,,$31.99,Available,,$31.99,Available,,$31.99,Available,,$31.99,Available,,$31.99,Available,,NOT CARRIED,NOT CARRIED,
"ThermaCare Advanced Back Pain Therapy Heatwraps, XL (6 ct)",https://tb-static.uber.com/prod/image-proc/processed_images/ebedd9a6ac9903107ad25bcfadf1f26e/f9586c36ab7db84d09b777cee8c829b1.jpeg,$15.99,Available,,$15.99,Available,,$15.99,Available,,$15.99,Available,,$15.99,Available,,$15.99,Available,,NOT CARRIED,NOT CARRIED,
"Thermalloy Pre-Seasoned Cast Iron Skillet, 6 in",https://tb-static.uber.com/prod/image-proc/processed_images/b1a452422262a3bbba10b17c16fa37ff/b4665c191b34baf3d0e0fa45dfdd3d1d.jpeg,NOT CARRIED,NOT CARRIED,,NOT CARRIED,NOT CARRIED,,NOT CARRIED,NOT CARRIED,,NOT CARRIED,NOT CARRIED,,NOT CARRIED,NOT CARRIED,,NOT CARRIED,NOT CARRIED,,$10.65,Available,
"Three Farmers Healthy Protein Rich Snack To Go Roasted Chickpeas & Fava Beans Variety pack, Assorted (18 x 28 g)",https://tb-static.uber.com/prod/image-proc/processed_images/62bddb7b3a8a03755d71afefab8db906/b4665c191b34baf3d0e0fa45dfdd3d1d.jpeg,NOT CARRIED,NOT CARRIED,,$14.92,Available,,NOT CARRIED,NOT CARRIED,,$14.92,Available,,NOT CARRIED,NOT CARRIED,,NOT CARRIED,NOT CARRIED,,$14.92,Available,
"Tide Pods With Downy Liquid Laundry Detergent Pacs, April Fresh (2.49 kg, 104 ct)",https://tb-static.uber.com/prod/image-proc/processed_images/1c1e2d242e9bee0d16a8d7689990e5ba/b4665c191b34baf3d0e0fa45dfdd3d1d.jpeg,NOT CARRIED,NOT CARRIED,,NOT CARRIED,NOT CARRIED,,NOT CARRIED,NOT CARRIED,,NOT CARRIED,NOT CARRIED,,NOT CARRIED,NOT CARRIED,,$36.26,Available,,NOT CARRIED,NOT CARRIED,
"Tide Ultra Coldwater Clean Liquid Laundry Detergent,  124 Loads",https://tb-static.uber.com/prod/image-proc/processed_images/8062ec5e6f03ec91816594caf8493590/b4665c191b34baf3d0e0fa45dfdd3d1d.jpeg,$29.86,Available,20% off,$29.86,Available,20% off,$29.86,Available,20% off,$29.86,Available,20% off,$29.86,Available,20% off,$29.86,Available,20% off,NOT CARRIED,NOT CARRIED,
Tilapia Fillets,https://tb-static.uber.com/prod/image-proc/processed_images/5a6fa7c815f9ae5f13c06af14159846c/b4665c191b34baf3d0e0fa45dfdd3d1d.jpeg,$25.33,Available,,$25.33,Available,,$25.33,Available,,$25.33,Available,,$25.33,Available,,$25.33,Available,,NOT CARRIED,NOT CARRIED,
"Tim Hortons Cappuccino Sachets, Hot Chocolate-French Vanilla (28 g, 30 ct)",https://tb-static.uber.com/prod/image-proc/processed_images/bd8c8535e287422f3a158a13bacd01d7/f9586c36ab7db84d09b777cee8c829b1.jpeg,NOT CARRIED,NOT CARRIED,,$13.86,Available,,NOT CARRIED,NOT CARRIED,,$13.86,Available,,$13.86,Available,,NOT CARRIED,NOT CARRIED,,NOT CARRIED,NOT CARRIED,
Tim Hortons Colombian 80-Pack,https://tb-static.uber.com/prod/image-proc/processed_images/b67bb08788ba536cfdaa480a1c40a806/b4665c191b34baf3d0e0fa45dfdd3d1d.jpeg,NOT CARRIED,NOT CARRIED,,NOT CARRIED,NOT CARRIED,,NOT CARRIED,NOT CARRIED,,NOT CARRIED,NOT CARRIED,,NOT CARRIED,NOT CARRIED,,$53.33,Available,,NOT CARRIED,NOT CARRIED,
"Tirtir Milk Skin Toner, 2 X 200 Ml + 50 Ml",https://tb-static.uber.com/prod/image-proc/processed_images/11458f544d770ffcd0c899b2e0982398/b4665c191b34baf3d0e0fa45dfdd3d1d.jpeg,$53.33,Available,19% off,$53.33,Available,19% off,$53.33,Available,19% off,$53.33,Available,19% off,$53.33,Available,19% off,$53.33,Available,19% off,NOT CARRIED,NOT CARRIED,
"Titan Packing Tape, 48 mm x 132 m, Clear (8 ct)",https://tb-static.uber.com/prod/image-proc/processed_images/47204dbaf0d1a8ab3e1056874d81a4a2/b4665c191b34baf3d0e0fa45dfdd3d1d.jpeg,NOT CARRIED,NOT CARRIED,,NOT CARRIED,NOT CARRIED,,NOT CARRIED,NOT CARRIED,,NOT CARRIED,NOT CARRIED,,NOT CARRIED,NOT CARRIED,,NOT CARRIED,NOT CARRIED,,$20.26,Available,
"Titan Piping Bags 12 In, Pack Of 100",https://tb-static.uber.com/prod/image-proc/processed_images/e0832fbc71b74a6be07e264eb60c7c32/b4665c191b34baf3d0e0fa45dfdd3d1d.jpeg,NOT CARRIED,NOT CARRIED,,NOT CARRIED,NOT CARRIED,,NOT CARRIED,NOT CARRIED,,NOT CARRIED,NOT CARRIED,,NOT CARRIED,NOT CARRIED,,NOT CARRIED,NOT CARRIED,,$5.85,Available,
"Titan Piping Bags 18 In, Pack Of 100",https://tb-static.uber.com/prod/image-proc/processed_images/766c749e1498ff57e60cc80989cc74ad/b4665c191b34baf3d0e0fa45dfdd3d1d.jpeg,NOT CARRIED,NOT CARRIED,,NOT CARRIED,NOT CARRIED,,NOT CARRIED,NOT CARRIED,,NOT CARRIED,NOT CARRIED,,NOT CARRIED,NOT CARRIED,,NOT CARRIED,NOT CARRIED,,$9.05,Available,
"Top Dessert Chocolate Mousse, 24 X 95 G",https://tb-static.uber.com/prod/image-proc/processed_images/1aab7a3364be58a8131819598241baac/b4665c191b34baf3d0e0fa45dfdd3d1d.jpeg,NOT CARRIED,NOT CARRIED,,NOT CARRIED,NOT CARRIED,,NOT CARRIED,NOT CARRIED,,NOT CARRIED,NOT CARRIED,,NOT CARRIED,NOT CARRIED,,NOT CARRIED,NOT CARRIED,,$45.87,Available,
"Tostitos Medium Salsa (2.4 L, 2 ct)",https://tb-static.uber.com/prod/image-proc/processed_images/ed06ba52e3c05c683f8577b01c7dba85/f9586c36ab7db84d09b777cee8c829b1.jpeg,NOT CARRIED,NOT CARRIED,,NOT CARRIED,NOT CARRIED,,NOT CARRIED,NOT CARRIED,,NOT CARRIED,NOT CARRIED,,NOT CARRIED,NOT CARRIED,,NOT CARRIED,NOT CARRIED,,$13.32,Available,
"Tostitos Tortilla Chips Salsa & Cheesy Dip Variety pack (1.75 kg, 26 ct)",https://tb-static.uber.com/prod/image-proc/processed_images/0d0355715cd9154452c5896b4afdf3f5/b4665c191b34baf3d0e0fa45dfdd3d1d.jpeg,NOT CARRIED,NOT CARRIED,,NOT CARRIED,NOT CARRIED,,NOT CARRIED,NOT CARRIED,,NOT CARRIED,NOT CARRIED,,NOT CARRIED,NOT CARRIED,,NOT CARRIED,NOT CARRIED,,$26.66,Available,
Traditional Honey Garlic Sausage,https://tb-static.uber.com/prod/image-proc/processed_images/6514cdca2c3fa6fecc0a1a22dc1ec53e/b4665c191b34baf3d0e0fa45dfdd3d1d.jpeg,$14.30,Available,,NOT CARRIED,NOT CARRIED,,$14.30,Available,,$14.30,Available,,NOT CARRIED,NOT CARRIED,,$14.18,Available,,NOT CARRIED,NOT CARRIED,
Traditional Mild Italian Sausage,https://tb-static.uber.com/prod/image-proc/processed_images/0377aec119dd9eef859e73d0e0b592e5/b4665c191b34baf3d0e0fa45dfdd3d1d.jpeg,$14.42,Available,,$14.42,Available,,NOT CARRIED,NOT CARRIED,,$14.42,Available,,NOT CARRIED,NOT CARRIED,,$14.42,Available,,NOT CARRIED,NOT CARRIED,
"Traditions Mega Ice Cream Sandwich, Vanilla (30 x 190 ml)",https://tb-static.uber.com/prod/image-proc/processed_images/1754eb26cd49f904af1164d79de3e764/b4665c191b34baf3d0e0fa45dfdd3d1d.jpeg,$21.32,Available,,$21.32,Available,,$21.32,Available,,$21.32,Available,,$21.32,Available,,$21.32,Available,,NOT CARRIED,NOT CARRIED,
Traditions Organic Fudge Ice Cream Bars (14 x 88 ml),https://tb-static.uber.com/prod/image-proc/processed_images/f23e5084514f8fa4d607edcee5b1295f/b4665c191b34baf3d0e0fa45dfdd3d1d.jpeg,$13.86,Available,,NOT CARRIED,NOT CARRIED,,NOT CARRIED,NOT CARRIED,,NOT CARRIED,NOT CARRIED,,$13.86,Available,,$13.86,Available,,NOT CARRIED,NOT CARRIED,
"Tre Stelle Grana Padano Cheese, 1 Kg",https://tb-static.uber.com/prod/image-proc/processed_images/5ef59373cf184e4f6daf93f68345c210/b4665c191b34baf3d0e0fa45dfdd3d1d.jpeg,NOT CARRIED,NOT CARRIED,,NOT CARRIED,NOT CARRIED,,NOT CARRIED,NOT CARRIED,,NOT CARRIED,NOT CARRIED,,NOT CARRIED,NOT CARRIED,,NOT CARRIED,NOT CARRIED,,$31.99,Available,
"Treasure Mills Chocolate Chip Oat Bites, 736 G",https://tb-static.uber.com/prod/image-proc/processed_images/f646d0b1b8392c0160ed1c69ce8b2461/b4665c191b34baf3d0e0fa45dfdd3d1d.jpeg,NOT CARRIED,NOT CARRIED,,NOT CARRIED,NOT CARRIED,,NOT CARRIED,NOT CARRIED,,NOT CARRIED,NOT CARRIED,,NOT CARRIED,NOT CARRIED,,NOT CARRIED,NOT CARRIED,,$10.65,Available,
"Tropical Fields Crispy Rolls, Coconut (400 g)",https://tb-static.uber.com/prod/image-proc/processed_images/42f86016b88a09b327abe1db91632dd9/b4665c191b34baf3d0e0fa45dfdd3d1d.jpeg,NOT CARRIED,NOT CARRIED,,$8.52,Available,,$8.52,Available,,$8.52,Available,,$8.52,Available,,$8.52,Available,,$8.52,Available,
"Tropicana Pure Premium Juice, Orange (3 x 1.36 L)",https://tb-static.uber.com/prod/image-proc/processed_images/ddc98ca1de094f6a0901952d6c5ffcc8/b4665c191b34baf3d0e0fa45dfdd3d1d.jpeg,$12.79,Available,,$12.79,Available,,$12.79,Available,,$12.79,Available,,$12.79,Available,,$12.79,Available,,$12.79,Available,
"True Innovations Mesh Office Chair, Black",https://tb-static.uber.com/prod/image-proc/processed_images/00ecd2dc99c7327943f46ae3da8af61e/b4665c191b34baf3d0e0fa45dfdd3d1d.jpeg,NOT CARRIED,NOT CARRIED,,NOT CARRIED,NOT CARRIED,,NOT CARRIED,NOT CARRIED,,NOT CARRIED,NOT CARRIED,,$95.99,Available,,NOT CARRIED,NOT CARRIED,,NOT CARRIED,NOT CARRIED,
"Truffettes De France French Mallows Strawberry And Milk Chocolate, 454 G",https://tb-static.uber.com/prod/image-proc/processed_images/e3ae3bfd9b57f3593a7d391cc996c3f8/b4665c191b34baf3d0e0fa45dfdd3d1d.jpeg,$12.79,Available,,$12.79,Available,,$12.79,Available,,$12.79,Available,,$12.79,Available,,$12.79,Available,,NOT CARRIED,NOT CARRIED,
"Trugard Nitrile Medical Examination Gloves, 2-Pack Of 200, Large",https://tb-static.uber.com/prod/image-proc/processed_images/04c0d299d64c83a915b04af4896d0ced/b4665c191b34baf3d0e0fa45dfdd3d1d.jpeg,$21.32,Available,,$21.32,Available,,NOT CARRIED,NOT CARRIED,,NOT CARRIED,NOT CARRIED,,NOT CARRIED,NOT CARRIED,,$21.32,Available,,$21.32,Available,
"Trugard Nitrile Medical Examination Gloves, 2-Pack Of 200, Medium",https://tb-static.uber.com/prod/image-proc/processed_images/8874867a222224183e086ccee4e4b1c8/b4665c191b34baf3d0e0fa45dfdd3d1d.jpeg,$21.32,Available,,$21.32,Available,,$21.32,Available,,$21.32,Available,,$21.32,Available,,$21.32,Available,,NOT CARRIED,NOT CARRIED,
"Trugard Nitrile Medical Examination Gloves, 2-Pack Of 200, Small",https://tb-static.uber.com/prod/image-proc/processed_images/f1652ea3f745d398cc86bbc84c819f82/b4665c191b34baf3d0e0fa45dfdd3d1d.jpeg,$21.32,Available,,NOT CARRIED,NOT CARRIED,,$21.32,Available,,NOT CARRIED,NOT CARRIED,,$21.32,Available,,NOT CARRIED,NOT CARRIED,,$21.32,Available,
"Tums Extra Strength, 2 X 200 Tablets",https://tb-static.uber.com/prod/image-proc/processed_images/0f5c176455ebc6d861e3e6d7d2ccce1e/b4665c191b34baf3d0e0fa45dfdd3d1d.jpeg,NOT CARRIED,NOT CARRIED,,$17.06,Available,,NOT CARRIED,NOT CARRIED,,NOT CARRIED,NOT CARRIED,,NOT CARRIED,NOT CARRIED,,NOT CARRIED,NOT CARRIED,,NOT CARRIED,NOT CARRIED,
Tuna and Salmon Maki and Nigiri Sushi Combo (24 ct),https://tb-static.uber.com/prod/image-proc/processed_images/57e17792983a48d0642b1c6ec9f71975/b4665c191b34baf3d0e0fa45dfdd3d1d.jpeg,$39.78,Available,,$39.78,Available,,$39.78,Available,,$39.78,Available,,$30.98,Available,,NOT CARRIED,NOT CARRIED,,NOT CARRIED,NOT CARRIED,
TurboTax Deluxe Desktop Edition Federal Tax Return Accounting Software 2025,https://tb-static.uber.com/prod/image-proc/processed_images/0f832c680efe4dd2a4e0bf425af5a9a4/b4665c191b34baf3d0e0fa45dfdd3d1d.jpeg,$44.80,Available,20% off,$44.80,Available,20% off,$44.80,Available,20% off,$44.80,Available,20% off,$44.80,Available,20% off,$44.80,Available,20% off,$44.80,Available,20% off
Turbotax Premier 2025 - 12 Returns,https://tb-static.uber.com/prod/image-proc/processed_images/62db157a6a70be7c66d44c7c8c983d7d/b4665c191b34baf3d0e0fa45dfdd3d1d.jpeg,$96.01,Available,,$96.01,Available,,$96.01,Available,,$96.01,Available,,$96.01,Available,,$96.01,Available,,$96.01,Available,
Twisted Tea Hard Iced Tea (30 x 0.35 L),https://tb-static.uber.com/prod/image-proc/processed_images/5ef8929b62cca255f0256fb41b8bac1a/b4665c191b34baf3d0e0fa45dfdd3d1d.jpeg,NOT CARRIED,NOT CARRIED,,NOT CARRIED,NOT CARRIED,,$60.80,Available,,$60.80,Available,,NOT CARRIED,NOT CARRIED,,$60.80,Available,,NOT CARRIED,NOT CARRIED,
Two-Bite Original Brownies (1.36 kg),https://tb-static.uber.com/prod/image-proc/processed_images/4aecb1cb17f1c1061e44f87f6482ce1a/b4665c191b34baf3d0e0fa45dfdd3d1d.jpeg,$10.65,Available,,$10.65,Available,,$10.65,Available,,$10.65,Available,,$10.65,Available,,$10.65,Available,,$10.65,Available,
"Tylenol Arthritis 650 Mg, 2 X 175 Caplets",https://tb-static.uber.com/prod/image-proc/processed_images/e655adbe43af67f7d2977dd98b7c9703/b4665c191b34baf3d0e0fa45dfdd3d1d.jpeg,$30.93,Available,,$30.93,Available,,$30.93,Available,,$30.93,Available,,$30.93,Available,,$30.93,Available,,NOT CARRIED,NOT CARRIED,
"Tylenol Cold Extra Strength, 40 Day + 40 Night Caplets",https://tb-static.uber.com/prod/image-proc/processed_images/75e76f0a8ec84ed846ef77f591a041e2/b4665c191b34baf3d0e0fa45dfdd3d1d.jpeg,$21.32,Available,,$21.32,Available,,$21.32,Available,,$21.32,Available,,$21.32,Available,,$21.32,Available,,NOT CARRIED,NOT CARRIED,
"Unreal Dark Chocolate Bars, Caramel Peanut Nougat (437 g)",https://tb-static.uber.com/prod/image-proc/processed_images/07801d7790c45aed88b8a019f81bdc94/b4665c191b34baf3d0e0fa45dfdd3d1d.jpeg,$21.32,Available,,NOT CARRIED,NOT CARRIED,,$21.32,Available,,$21.32,Available,,NOT CARRIED,NOT CARRIED,,$21.32,Available,,NOT CARRIED,NOT CARRIED,
"Unreal Minis, Dark Chocolate Coconut (435 g)",https://tb-static.uber.com/prod/image-proc/processed_images/0c7fc80125254bb230c9f9a8ed6fb3a8/f9586c36ab7db84d09b777cee8c829b1.jpeg,$18.66,Available,,$18.66,Available,,$18.66,Available,,$18.66,Available,,$18.66,Available,,$18.66,Available,,NOT CARRIED,NOT CARRIED,
"Urban Star Men'S Jean, 32 X 33",https://tb-static.uber.com/prod/image-proc/processed_images/87fc4ab9839d7a16f0b938e3e3877afb/b4665c191b34baf3d0e0fa45dfdd3d1d.jpeg,NOT CARRIED,NOT CARRIED,,NOT CARRIED,NOT CARRIED,,NOT CARRIED,NOT CARRIED,,NOT CARRIED,NOT CARRIED,,$21.32,Available,,NOT CARRIED,NOT CARRIED,,NOT CARRIED,NOT CARRIED,
"Urban Star Men'S Jean, 36 X 31",https://tb-static.uber.com/prod/image-proc/processed_images/87fc4ab9839d7a16f0b938e3e3877afb/b4665c191b34baf3d0e0fa45dfdd3d1d.jpeg,NOT CARRIED,NOT CARRIED,,NOT CARRIED,NOT CARRIED,,NOT CARRIED,NOT CARRIED,,NOT CARRIED,NOT CARRIED,,NOT CARRIED,NOT CARRIED,,$21.32,Available,,NOT CARRIED,NOT CARRIED,
"Urban Star Men'S Jean, 36 X 33",https://tb-static.uber.com/prod/image-proc/processed_images/87fc4ab9839d7a16f0b938e3e3877afb/b4665c191b34baf3d0e0fa45dfdd3d1d.jpeg,NOT CARRIED,NOT CARRIED,,$21.32,Available,,$21.32,Available,,NOT CARRIED,NOT CARRIED,,NOT CARRIED,NOT CARRIED,,$21.32,Available,,NOT CARRIED,NOT CARRIED,
"Urban Star Men'S Jean, 42 X 33",https://tb-static.uber.com/prod/image-proc/processed_images/87fc4ab9839d7a16f0b938e3e3877afb/b4665c191b34baf3d0e0fa45dfdd3d1d.jpeg,$21.32,Available,,NOT CARRIED,NOT CARRIED,,NOT CARRIED,NOT CARRIED,,NOT CARRIED,NOT CARRIED,,NOT CARRIED,NOT CARRIED,,NOT CARRIED,NOT CARRIED,,NOT CARRIED,NOT CARRIED,
"Urban Star Men'S Jean, 44 X 33",https://tb-static.uber.com/prod/image-proc/processed_images/87fc4ab9839d7a16f0b938e3e3877afb/b4665c191b34baf3d0e0fa45dfdd3d1d.jpeg,NOT CARRIED,NOT CARRIED,,NOT CARRIED,NOT CARRIED,,NOT CARRIED,NOT CARRIED,,$21.32,Available,,$21.32,Available,,NOT CARRIED,NOT CARRIED,,NOT CARRIED,NOT CARRIED,
VECTOR High Protein Meal Replacement Cereal Mega Jumbo pack (1.13 kg),https://tb-static.uber.com/prod/image-proc/processed_images/a7fc17cbdd7d93edad914c4146cce4cc/b4665c191b34baf3d0e0fa45dfdd3d1d.jpeg,$11.61,Available,,NOT CARRIED,NOT CARRIED,,$11.61,Available,,$11.61,Available,,$11.61,Available,,$11.61,Available,,NOT CARRIED,NOT CARRIED,
"Vachon Mega Brownies, Pack Of 9",https://tb-static.uber.com/prod/image-proc/processed_images/f987ba5610d054d0be3ac43e798a3484/b4665c191b34baf3d0e0fa45dfdd3d1d.jpeg,NOT CARRIED,NOT CARRIED,,NOT CARRIED,NOT CARRIED,,NOT CARRIED,NOT CARRIED,,NOT CARRIED,NOT CARRIED,,NOT CARRIED,NOT CARRIED,,NOT CARRIED,NOT CARRIED,,$12.25,Available,
Vaseline Dry Skin Repair 48h Hydratation Moisture Body Lotion (3 x 600 ml),https://tb-static.uber.com/prod/image-proc/processed_images/4a8ddfd53f65eab0b92c1b09e4e7322e/b4665c191b34baf3d0e0fa45dfdd3d1d.jpeg,$17.06,Available,23% off,$17.06,Available,23% off,$17.06,Available,23% off,$17.06,Available,23% off,$17.06,Available,23% off,$17.06,Available,23% off,NOT CARRIED,NOT CARRIED,
Verdania Broccoli Florets (908 g/ 2 Lb),https://tb-static.uber.com/prod/image-proc/processed_images/790f31aa287ebd223def029d765cd784/0e5313be7a8831b8ed60f8dab3c2df10.jpeg,$8.52,Available,,$8.52,Available,,$8.52,Available,,$8.52,Available,,$8.52,Available,,$8.52,Available,,$8.52,Available,
"Verka Brown Cane Sugar, 6.82 Kg",https://tb-static.uber.com/prod/image-proc/processed_images/28f64561122ffb2873b9807c1a95217a/b4665c191b34baf3d0e0fa45dfdd3d1d.jpeg,NOT CARRIED,NOT CARRIED,,NOT CARRIED,NOT CARRIED,,$13.86,Available,,$13.86,Available,,NOT CARRIED,NOT CARRIED,,NOT CARRIED,NOT CARRIED,,$13.86,Available,
"Via Raw Shrimp 21-25, 4.54 Kg",https://tb-static.uber.com/prod/image-proc/processed_images/1d97f071fb8d90b4069dfdec0bb06165/b4665c191b34baf3d0e0fa45dfdd3d1d.jpeg,NOT CARRIED,NOT CARRIED,,NOT CARRIED,NOT CARRIED,,NOT CARRIED,NOT CARRIED,,NOT CARRIED,NOT CARRIED,,NOT CARRIED,NOT CARRIED,,NOT CARRIED,NOT CARRIED,,$80.01,Available,
"Viau Frozen Sliced Dry Pepperoni, 2×3.4 Kg",https://tb-static.uber.com/prod/image-proc/processed_images/3bf6eb4d12268c181505e5a1d8605a97/b4665c191b34baf3d0e0fa45dfdd3d1d.jpeg,NOT CARRIED,NOT CARRIED,,NOT CARRIED,NOT CARRIED,,NOT CARRIED,NOT CARRIED,,NOT CARRIED,NOT CARRIED,,NOT CARRIED,NOT CARRIED,,NOT CARRIED,NOT CARRIED,,$85.34,Available,
"Vicks Dayquil/Nyquil Honey For Kids, 3 X 236 Ml",https://tb-static.uber.com/prod/image-proc/processed_images/ae599a95567b47ecebaf869a3c411a34/b4665c191b34baf3d0e0fa45dfdd3d1d.jpeg,$21.32,Available,19% off,NOT CARRIED,NOT CARRIED,,$21.32,Available,19% off,$21.32,Available,19% off,$21.32,Available,19% off,$21.32,Available,19% off,NOT CARRIED,NOT CARRIED,
Vignola Castle Proscuitto Cotto Di Modena (425 g),https://tb-static.uber.com/prod/image-proc/processed_images/b57b8f2c65515e8741bafc0491569657/b4665c191b34baf3d0e0fa45dfdd3d1d.jpeg,NOT CARRIED,NOT CARRIED,,NOT CARRIED,NOT CARRIED,,NOT CARRIED,NOT CARRIED,,$12.79,Available,,$12.79,Available,,$12.79,Available,,NOT CARRIED,NOT CARRIED,
Villaggio Italian Style Thick Slice Classico Bread (2 x 675 g),https://tb-static.uber.com/prod/image-proc/processed_images/85182bf73616b71f5f02948595f3831e/f9586c36ab7db84d09b777cee8c829b1.jpeg,NOT CARRIED,NOT CARRIED,,$5.32,Available,,NOT CARRIED,NOT CARRIED,,$5.32,Available,,NOT CARRIED,NOT CARRIED,,NOT CARRIED,NOT CARRIED,,NOT CARRIED,NOT CARRIED,
"Violanta - Greek Yogurt Oat Sandwich, 540 G",https://tb-static.uber.com/prod/image-proc/processed_images/553ff9f63470e63bd2d0b27ee11c364c/b4665c191b34baf3d0e0fa45dfdd3d1d.jpeg,$10.65,Available,,$10.65,Available,,$10.65,Available,,$10.65,Available,,NOT CARRIED,NOT CARRIED,,$10.65,Available,,NOT CARRIED,NOT CARRIED,
"Viro Kraft Bag With Handle 11” X 6.75” X 12”, Pack Of 250",https://tb-static.uber.com/prod/image-proc/processed_images/e49f0903f3605356bdd3733de8fc82eb/b4665c191b34baf3d0e0fa45dfdd3d1d.jpeg,NOT CARRIED,NOT CARRIED,,NOT CARRIED,NOT CARRIED,,NOT CARRIED,NOT CARRIED,,NOT CARRIED,NOT CARRIED,,NOT CARRIED,NOT CARRIED,,NOT CARRIED,NOT CARRIED,,$42.66,Available,
"Viro Kraft Bag With Handle 14” X 10” X 15.5”, Pack Of 200",https://tb-static.uber.com/prod/image-proc/processed_images/330258efdfd839ed905494b622e32b40/b4665c191b34baf3d0e0fa45dfdd3d1d.jpeg,NOT CARRIED,NOT CARRIED,,NOT CARRIED,NOT CARRIED,,NOT CARRIED,NOT CARRIED,,NOT CARRIED,NOT CARRIED,,NOT CARRIED,NOT CARRIED,,NOT CARRIED,NOT CARRIED,,$53.33,Available,
Vita Coco Pure Coconut Water (12 x 330 ml),https://tb-static.uber.com/prod/image-proc/processed_images/4af5b0b9c7303cae84eec84d740dab29/b4665c191b34baf3d0e0fa45dfdd3d1d.jpeg,$19.19,Available,,$19.19,Available,,$19.19,Available,,$19.19,Available,,$19.19,Available,,$19.19,Available,,$19.19,Available,
"Vitaminwater Zero Sugar Nutrient Enhanced Water, Acai Blueberry Pomegranate-Lemonade Squeezed-Pineapple Passionfruit (15 x 591 ml)",https://tb-static.uber.com/prod/image-proc/processed_images/81debecebef08034f741bf08c4c09c89/b4665c191b34baf3d0e0fa45dfdd3d1d.jpeg,NOT CARRIED,NOT CARRIED,,NOT CARRIED,NOT CARRIED,,$24.53,Available,,$24.53,Available,,$24.53,Available,,$24.53,Available,,NOT CARRIED,NOT CARRIED,
"Vodkow Lactose Free Liquor, Eggnog Cream (750 ml)",https://tb-static.uber.com/prod/image-proc/processed_images/21e78221f62ec44fc82c4a5c73f89cc4/b4665c191b34baf3d0e0fa45dfdd3d1d.jpeg,$31.99,Available,,NOT CARRIED,NOT CARRIED,,NOT CARRIED,NOT CARRIED,,NOT CARRIED,NOT CARRIED,,NOT CARRIED,NOT CARRIED,,NOT CARRIED,NOT CARRIED,,NOT CARRIED,NOT CARRIED,
"Volupta Organic Erythritol Monk Fruit Sweetener, 1.36 Kg",https://tb-static.uber.com/prod/image-proc/processed_images/429a382f0fb615cd9f660ed3c1a1cab1/b4665c191b34baf3d0e0fa45dfdd3d1d.jpeg,$18.12,Available,,$18.12,Available,,$18.12,Available,,$18.12,Available,,$18.12,Available,,$18.12,Available,,NOT CARRIED,NOT CARRIED,
"WakeWater Electrolytes Rapid Rehydration Variety pack, Blue Raspberry/ Watermelon/Lemon Lime (187 g, 30 ct)",https://tb-static.uber.com/prod/image-proc/processed_images/3316755c8233d89dd6528b49e2389ad5/b4665c191b34baf3d0e0fa45dfdd3d1d.jpeg,NOT CARRIED,NOT CARRIED,,NOT CARRIED,NOT CARRIED,,NOT CARRIED,NOT CARRIED,,NOT CARRIED,NOT CARRIED,,$41.60,Available,,NOT CARRIED,NOT CARRIED,,NOT CARRIED,NOT CARRIED,
"Walker'S All-Butter Shortbread Fingers, 24 × 40 G",https://tb-static.uber.com/prod/image-proc/processed_images/b01c60c59efd8e05fb7aa8006cbbb689/b4665c191b34baf3d0e0fa45dfdd3d1d.jpeg,NOT CARRIED,NOT CARRIED,,NOT CARRIED,NOT CARRIED,,NOT CARRIED,NOT CARRIED,,NOT CARRIED,NOT CARRIED,,NOT CARRIED,NOT CARRIED,,NOT CARRIED,NOT CARRIED,,$25.59,Available,
Water Pik Revive Handheld Shower Head,https://tb-static.uber.com/prod/image-proc/processed_images/40d1d9840aedd9923941384d0b8210bf/b4665c191b34baf3d0e0fa45dfdd3d1d.jpeg,$42.66,Available,23% off,$42.66,Available,23% off,$42.66,Available,23% off,$42.66,Available,23% off,$42.66,Available,23% off,$42.66,Available,23% off,NOT CARRIED,NOT CARRIED,
"Wayne Gretzky Cabernet Merlot, 4 L",https://tb-static.uber.com/prod/image-proc/processed_images/eb28a0fd362b4025056da062dc1ae5d8/b4665c191b34baf3d0e0fa45dfdd3d1d.jpeg,$53.33,Available,,$53.33,Available,,$53.33,Available,,$53.33,Available,,$53.33,Available,,NOT CARRIED,NOT CARRIED,,NOT CARRIED,NOT CARRIED,
Webber Naturals Joint Ease Glucosamine Chondroitin Extra Strength With Vitamin D3 Capsules (300 ct),https://tb-static.uber.com/prod/image-proc/processed_images/8721cebaaad8673235384990a0141abf/b4665c191b34baf3d0e0fa45dfdd3d1d.jpeg,NOT CARRIED,NOT CARRIED,,NOT CARRIED,NOT CARRIED,,NOT CARRIED,NOT CARRIED,,NOT CARRIED,NOT CARRIED,,NOT CARRIED,NOT CARRIED,,NOT CARRIED,NOT CARRIED,,$35.20,Available,
Webber Naturals Lactase Enzymes Capsules (140 ct),https://tb-static.uber.com/prod/image-proc/processed_images/1eaa344ab6ff328a3fccea2ce384292e/f9586c36ab7db84d09b777cee8c829b1.jpeg,NOT CARRIED,NOT CARRIED,,$21.32,Available,,$21.32,Available,,NOT CARRIED,NOT CARRIED,,NOT CARRIED,NOT CARRIED,,$21.32,Available,,NOT CARRIED,NOT CARRIED,
Webber Naturals Osteo Joint Ease Pain Relief Caplets (180 ct),https://tb-static.uber.com/prod/image-proc/processed_images/840f2a6a91dd27d2fba53500374e45a3/f9586c36ab7db84d09b777cee8c829b1.jpeg,NOT CARRIED,NOT CARRIED,,NOT CARRIED,NOT CARRIED,,NOT CARRIED,NOT CARRIED,,NOT CARRIED,NOT CARRIED,,NOT CARRIED,NOT CARRIED,,NOT CARRIED,NOT CARRIED,,$31.99,Available,
Webber Naturals Triple Strength Omega-3 Softgels 900 mg (200 ct),https://tb-static.uber.com/prod/image-proc/processed_images/8218bb04c0bb27cf3e5388995aa8ead3/f9586c36ab7db84d09b777cee8c829b1.jpeg,NOT CARRIED,NOT CARRIED,,NOT CARRIED,NOT CARRIED,,NOT CARRIED,NOT CARRIED,,NOT CARRIED,NOT CARRIED,,NOT CARRIED,NOT CARRIED,,NOT CARRIED,NOT CARRIED,,$36.26,Available,
"Welsh Cheddar, 400 G",https://tb-static.uber.com/prod/image-proc/processed_images/a52f507f9cc1fd03b77e4db7fa76813a/b4665c191b34baf3d0e0fa45dfdd3d1d.jpeg,$11.72,Available,,$11.72,Available,,NOT CARRIED,NOT CARRIED,,$11.72,Available,,$11.72,Available,,$11.72,Available,,NOT CARRIED,NOT CARRIED,
Westend Grilled Chicken Breast Skewers (684 g),https://tb-static.uber.com/prod/image-proc/processed_images/ea9f45cfe0dc77eb18fb2ee720a7a133/b4665c191b34baf3d0e0fa45dfdd3d1d.jpeg,$19.19,Available,,$19.19,Available,,$19.19,Available,,$19.19,Available,,$19.19,Available,,$19.19,Available,,NOT CARRIED,NOT CARRIED,
"White Claw The Iconic Sparkling Hard Seltzer Variety pack, Assorted (30 x 355 ml)",https://tb-static.uber.com/prod/image-proc/processed_images/307e2838292165e5a0a4e7e7cab07a98/b4665c191b34baf3d0e0fa45dfdd3d1d.jpeg,$58.67,Available,,NOT CARRIED,NOT CARRIED,,$58.67,Available,,$58.67,Available,,$58.67,Available,,$58.67,Available,,NOT CARRIED,NOT CARRIED,
"White Mushrooms, 680 G",https://tb-static.uber.com/prod/image-proc/processed_images/48873da64b5b3d90e1a89e327086aed8/b4665c191b34baf3d0e0fa45dfdd3d1d.jpeg,$6.39,Available,,$6.39,Available,,$6.39,Available,,$6.39,Available,,$6.39,Available,,$6.39,Available,,NOT CARRIED,NOT CARRIED,
"White Nectarines, 1.08 Kg",https://tb-static.uber.com/prod/image-proc/processed_images/4ae6f814a2e3d27b379f895c7ffb7c4f/b4665c191b34baf3d0e0fa45dfdd3d1d.jpeg,$7.45,Available,,NOT CARRIED,NOT CARRIED,,$7.45,Available,,NOT CARRIED,NOT CARRIED,,NOT CARRIED,NOT CARRIED,,NOT CARRIED,NOT CARRIED,,NOT CARRIED,NOT CARRIED,
"White Polypropylene Bouffant Cap 21 In, Case Of 10X100Pcs",https://tb-static.uber.com/prod/image-proc/processed_images/4efe71d631e4ac624f87dac829d6e7df/b4665c191b34baf3d0e0fa45dfdd3d1d.jpeg,NOT CARRIED,NOT CARRIED,,NOT CARRIED,NOT CARRIED,,NOT CARRIED,NOT CARRIED,,NOT CARRIED,NOT CARRIED,,NOT CARRIED,NOT CARRIED,,NOT CARRIED,NOT CARRIED,,$37.33,Available,
White Potatoes 10 Lb 4.54 Kg / 10 Lb,https://tb-static.uber.com/prod/image-proc/processed_images/2cbbacb17b41fe65b6364d225e9ba617/b4665c191b34baf3d0e0fa45dfdd3d1d.jpeg,$7.45,Available,,$7.45,Available,,$7.45,Available,,$7.45,Available,,$7.45,Available,,$7.45,Available,,NOT CARRIED,NOT CARRIED,
"Whitehaven Marlborough Sauvignon Blanc Wine Bottle, 750 Ml",https://tb-static.uber.com/prod/image-proc/processed_images/c0e4292e1c053790a70ba9ea57e9019b/b4665c191b34baf3d0e0fa45dfdd3d1d.jpeg,$20.26,Available,,$20.26,Available,,$20.26,Available,,$20.26,Available,,$20.26,Available,,$20.26,Available,,NOT CARRIED,NOT CARRIED,
Whole Beef Strip Loin,https://tb-static.uber.com/prod/image-proc/processed_images/67aebda02c9c6d4700193aa2ec0ac862/f9586c36ab7db84d09b777cee8c829b1.jpeg,NOT CARRIED,NOT CARRIED,,NOT CARRIED,NOT CARRIED,,NOT CARRIED,NOT CARRIED,,NOT CARRIED,NOT CARRIED,,NOT CARRIED,NOT CARRIED,,NOT CARRIED,NOT CARRIED,,N/A,Available,
Whole Cooked Lobsters,https://tb-static.uber.com/prod/image-proc/processed_images/70d4e5d0619c5d1cef66e9a1bff62035/b4665c191b34baf3d0e0fa45dfdd3d1d.jpeg,$41.59,Available,,$41.59,Available,,$41.59,Available,,$41.59,Available,,$41.59,Available,,$41.59,Available,,NOT CARRIED,NOT CARRIED,
Whole Farmed Tilapia (2 kg),https://tb-static.uber.com/prod/image-proc/processed_images/fbeb533f92f143266ea8a1b28680bac4/b4665c191b34baf3d0e0fa45dfdd3d1d.jpeg,$26.41,Available,,$26.41,Available,,$26.41,Available,,$26.41,Available,,$26.41,Available,,$26.41,Available,,$25.47,Available,
Wild Bird Seeds (16 kg),https://tb-static.uber.com/prod/image-proc/processed_images/acaae7cb8bb8775e02d100632c78b36c/b4665c191b34baf3d0e0fa45dfdd3d1d.jpeg,NOT CARRIED,NOT CARRIED,,NOT CARRIED,NOT CARRIED,,$21.32,Available,,NOT CARRIED,NOT CARRIED,,$21.32,Available,,$21.32,Available,,NOT CARRIED,NOT CARRIED,
Wildbrine Raw Organic Sauerkraut (1.5 L),https://tb-static.uber.com/prod/image-proc/processed_images/6733ef7d703a262c6c2a8318b246a7ad/f9586c36ab7db84d09b777cee8c829b1.jpeg,$13.86,Available,,$13.86,Available,,$13.86,Available,,$13.86,Available,,$13.86,Available,,$13.86,Available,,$13.86,Available,
"William Spartivento Organic Sumatra Coffee, 1 Kg",https://tb-static.uber.com/prod/image-proc/processed_images/e6e4862fabe8b6dfaeae498e00752082/b4665c191b34baf3d0e0fa45dfdd3d1d.jpeg,$26.66,Available,,$26.66,Available,,$26.66,Available,,$26.66,Available,,NOT CARRIED,NOT CARRIED,,NOT CARRIED,NOT CARRIED,,NOT CARRIED,NOT CARRIED,
Windsor Natural Salt 18.1 Kg,https://tb-static.uber.com/prod/image-proc/processed_images/63f7e1f08049f77132c3b25ba3999f59/b4665c191b34baf3d0e0fa45dfdd3d1d.jpeg,NOT CARRIED,NOT CARRIED,,NOT CARRIED,NOT CARRIED,,NOT CARRIED,NOT CARRIED,,$9.48,Available,,NOT CARRIED,NOT CARRIED,,NOT CARRIED,NOT CARRIED,,NOT CARRIED,NOT CARRIED,
"Wine Glass Party Pack, 18-Pack",https://tb-static.uber.com/prod/image-proc/processed_images/237d6b60f61f816ee61b88456bd6c8fd/b4665c191b34baf3d0e0fa45dfdd3d1d.jpeg,NOT CARRIED,NOT CARRIED,,NOT CARRIED,NOT CARRIED,,NOT CARRIED,NOT CARRIED,,NOT CARRIED,NOT CARRIED,,NOT CARRIED,NOT CARRIED,,$21.32,Available,,NOT CARRIED,NOT CARRIED,
Witor's Harry Potter Hogwart's Express Snack Variety pack (504 g),https://tb-static.uber.com/prod/image-proc/processed_images/94bb501663a3470671aa45a416220c4f/b4665c191b34baf3d0e0fa45dfdd3d1d.jpeg,NOT CARRIED,NOT CARRIED,,$7.43,Available,,$7.43,Available,,NOT CARRIED,NOT CARRIED,,NOT CARRIED,NOT CARRIED,,NOT CARRIED,NOT CARRIED,,NOT CARRIED,NOT CARRIED,
X-Lite Corporation Utility Lighters,https://tb-static.uber.com/prod/image-proc/processed_images/522464237c7bd3edc71d85485f2e0c06/b4665c191b34baf3d0e0fa45dfdd3d1d.jpeg,$18.12,Available,,$18.12,Available,,NOT CARRIED,NOT CARRIED,,$18.12,Available,,$18.12,Available,,$18.12,Available,,NOT CARRIED,NOT CARRIED,
"Xerographic Printer Paper, Letter, 8.5 In. X 11 In., 92 Bright, 20 Lb.",https://tb-static.uber.com/prod/image-proc/processed_images/40716ac3313011c27655892938656346/b4665c191b34baf3d0e0fa45dfdd3d1d.jpeg,NOT CARRIED,NOT CARRIED,,NOT CARRIED,NOT CARRIED,,NOT CARRIED,NOT CARRIED,,NOT CARRIED,NOT CARRIED,,NOT CARRIED,NOT CARRIED,,NOT CARRIED,NOT CARRIED,,$51.20,Available,
"Yorkshire Valley Farms Frozen Organic Chicken Breast, 2 Kg",https://tb-static.uber.com/prod/image-proc/processed_images/db85ec225f69bb6d49bcc4e195cd8aa4/b4665c191b34baf3d0e0fa45dfdd3d1d.jpeg,$48.00,Available,,NOT CARRIED,NOT CARRIED,,NOT CARRIED,NOT CARRIED,,NOT CARRIED,NOT CARRIED,,NOT CARRIED,NOT CARRIED,,$48.00,Available,,NOT CARRIED,NOT CARRIED,
Your Fresh Market Yellow Onions (4.54 kg),https://tb-static.uber.com/prod/image-proc/processed_images/f18c6a7bff4c5ca1a45b3275fec87def/b4665c191b34baf3d0e0fa45dfdd3d1d.jpeg,$7.99,Available,,$7.99,Available,,$7.99,Available,,$7.99,Available,,$7.99,Available,,$7.99,Available,,NOT CARRIED,NOT CARRIED,
Yu Choy,https://tb-static.uber.com/prod/image-proc/processed_images/a414ff2f45866284d46850d8592604ba/b4665c191b34baf3d0e0fa45dfdd3d1d.jpeg,NOT CARRIED,NOT CARRIED,,NOT CARRIED,NOT CARRIED,,NOT CARRIED,NOT CARRIED,,$5.32,Available,,$4.25,Available,,NOT CARRIED,NOT CARRIED,,$5.32,Available,
"Yummies Beef Chew Sticks Dog Treats, 900 G",https://tb-static.uber.com/prod/image-proc/processed_images/3b327816ced4fa8868f33bf03a1276e5/b4665c191b34baf3d0e0fa45dfdd3d1d.jpeg,NOT CARRIED,NOT CARRIED,,NOT CARRIED,NOT CARRIED,,NOT CARRIED,NOT CARRIED,,NOT CARRIED,NOT CARRIED,,$26.66,Available,,$26.66,Available,,NOT CARRIED,NOT CARRIED,
Yupik Toasted Kataifi (1 kg),https://tb-static.uber.com/prod/image-proc/processed_images/125bb73f5f089723fdcae627a2a811bb/b4665c191b34baf3d0e0fa45dfdd3d1d.jpeg,NOT CARRIED,NOT CARRIED,,NOT CARRIED,NOT CARRIED,,NOT CARRIED,NOT CARRIED,,NOT CARRIED,NOT CARRIED,,NOT CARRIED,NOT CARRIED,,NOT CARRIED,NOT CARRIED,,$19.19,Available,
Zavida 100% Colombian Premium Whole Bean Coffee (907 g),https://tb-static.uber.com/prod/image-proc/processed_images/7481fa8bf501a13b236b6d0a210dab74/b4665c191b34baf3d0e0fa45dfdd3d1d.jpeg,$20.26,Available,,NOT CARRIED,NOT CARRIED,,$20.26,Available,,$20.26,Available,,$20.26,Available,,$20.26,Available,,NOT CARRIED,NOT CARRIED,
"Zavida Medium Roast Premium Whole Bean Coffee, Hazelnut-Vanilla (907 g)",https://tb-static.uber.com/prod/image-proc/processed_images/ef02f159d3916dd847f2002fecf3c5a9/b4665c191b34baf3d0e0fa45dfdd3d1d.jpeg,NOT CARRIED,NOT CARRIED,,$25.59,Available,,$25.59,Available,,NOT CARRIED,NOT CARRIED,,NOT CARRIED,NOT CARRIED,,NOT CARRIED,NOT CARRIED,,NOT CARRIED,NOT CARRIED,
Zavida Organica Premium Whole Bean Coffee (907 g),https://tb-static.uber.com/prod/image-proc/processed_images/d9c1c8d545b64cd87c84e001156c7ef3/f9586c36ab7db84d09b777cee8c829b1.jpeg,$25.59,Available,,$25.59,Available,,$25.59,Available,,$25.59,Available,,$25.59,Available,,$25.59,Available,,NOT CARRIED,NOT CARRIED,
"Zoë Better Than Rawhide Peanut Butter Twist Sticks For Dogs, 1 Kg",https://tb-static.uber.com/prod/image-proc/processed_images/e2d6a3c98be36e4581851c0af7115b14/b4665c191b34baf3d0e0fa45dfdd3d1d.jpeg,NOT CARRIED,NOT CARRIED,,NOT CARRIED,NOT CARRIED,,NOT CARRIED,NOT CARRIED,,$19.19,Available,,$19.19,Available,,$19.19,Available,,NOT CARRIED,NOT CARRIED,
Zucchini 907 G / 2 Lb,https://tb-static.uber.com/prod/image-proc/processed_images/a66e8cb93de9af27091c21a87c235a92/b4665c191b34baf3d0e0fa45dfdd3d1d.jpeg,NOT CARRIED,NOT CARRIED,,NOT CARRIED,NOT CARRIED,,$6.92,Available,,NOT CARRIED,NOT CARRIED,,NOT CARRIED,NOT CARRIED,,NOT CARRIED,NOT CARRIED,,NOT CARRIED,NOT CARRIED,
bibigo Fully Cooked Mini Chicken & Cilantro Wontons (1.36 kg),https://tb-static.uber.com/prod/image-proc/processed_images/ba59f101b1f35d8f684d800c5c0deabe/f9586c36ab7db84d09b777cee8c829b1.jpeg,$17.06,Available,,$17.06,Available,,$17.06,Available,,$17.06,Available,,$17.06,Available,,$17.06,Available,,NOT CARRIED,NOT CARRIED,
brasil universal 4-Cup Carrier Tray (360 ct),https://tb-static.uber.com/prod/image-proc/processed_images/7bbb3b411b0b312cfa9a09b1007e3388/b4665c191b34baf3d0e0fa45dfdd3d1d.jpeg,NOT CARRIED,NOT CARRIED,,NOT CARRIED,NOT CARRIED,,NOT CARRIED,NOT CARRIED,,NOT CARRIED,NOT CARRIED,,NOT CARRIED,NOT CARRIED,,NOT CARRIED,NOT CARRIED,,$40.53,Available,
"iÖGO Fruit Flavoured Yogurt, Assorted (24 x 100 g)",https://tb-static.uber.com/prod/image-proc/processed_images/2678bb0dce033d05f3294ee8123c75bf/b4665c191b34baf3d0e0fa45dfdd3d1d.jpeg,NOT CARRIED,NOT CARRIED,,$9.37,Available,,NOT CARRIED,NOT CARRIED,,$9.37,Available,,NOT CARRIED,NOT CARRIED,,NOT CARRIED,NOT CARRIED,,NOT CARRIED,NOT CARRIED,
"iÖGO Nano Drinkable Yogurt, Strawberry - Raspberry (24 x 93 ml)",https://tb-static.uber.com/prod/image-proc/processed_images/3388365be3dea7fdb5573ef4bb251fa4/b4665c191b34baf3d0e0fa45dfdd3d1d.jpeg,$14.39,Available,,$14.39,Available,,$14.39,Available,,$14.39,Available,,$14.39,Available,,$14.39,Available,,$14.39,Available,
"iÖGO Yogourt With Probiotics, Vanilla (2 kg)",https://tb-static.uber.com/prod/image-proc/processed_images/90d3fc9f9071cbba9a451b0f3c04540b/f9586c36ab7db84d09b777cee8c829b1.jpeg,$10.12,Available,,$10.12,Available,,$10.12,Available,,$10.12,Available,,$10.12,Available,,$10.12,Available,,$10.12,Available,
"iÖGO Yogurt Variety pack, Assorted (24 x 100 g)",https://tb-static.uber.com/prod/image-proc/processed_images/d982850ac8b849dc5d22e5f8b93ce67a/f9586c36ab7db84d09b777cee8c829b1.jpeg,$9.37,Available,,$9.37,Available,,$9.37,Available,,$9.37,Available,,$9.37,Available,,$9.37,Available,,$9.37,Available,
poppi Classic Faves Soda Variety pack (18 x 355 ml),https://tb-static.uber.com/prod/image-proc/processed_images/f0fa054c3c8b16ba7d3ba1569323ed5b/b4665c191b34baf3d0e0fa45dfdd3d1d.jpeg,$29.86,Available,27% off,$29.86,Available,27% off,$29.86,Available,27% off,$29.86,Available,27% off,$29.86,Available,27% off,$29.86,Available,27% off,$29.86,Available,27% off
"poppi Juicy Faves Variety pack, Strawberry Lemon-Orange-Raspberry Rose (18 x 355 ml)",https://tb-static.uber.com/prod/image-proc/processed_images/ee010db06b79e226e90cad94a1999ca1/b4665c191b34baf3d0e0fa45dfdd3d1d.jpeg,NOT CARRIED,NOT CARRIED,,NOT CARRIED,NOT CARRIED,,NOT CARRIED,NOT CARRIED,,NOT CARRIED,NOT CARRIED,,$29.86,Available,27% off,NOT CARRIED,NOT CARRIED,,NOT CARRIED,NOT CARRIED,
"tff Asian Food Siu Mai Dumplings, Pork -Mushroom (1 kg)",https://tb-static.uber.com/prod/image-proc/processed_images/23ad568fb5c3b0e817635a4191ee7f89/b4665c191b34baf3d0e0fa45dfdd3d1d.jpeg,$17.06,Available,,$17.06,Available,,NOT CARRIED,NOT CARRIED,,NOT CARRIED,NOT CARRIED,,NOT CARRIED,NOT CARRIED,,NOT CARRIED,NOT CARRIED,,NOT CARRIED,NOT CARRIED,
